place,country,region,alert,magnitude
"2025 Kamchatka Peninsula, Russia Earthquake",Russia,Europe,red,8.8
"2017 Tehuantepec, Mexico Earthquake",Mexico,Americas,red,8.2
"67 km NNE of Bharatpur, Nepal",Nepal,Asia,red,7.8
"Pazarcik earthquake, Kahramanmaras earthquake sequence",Turkey,Asia,red,7.8
"2025 Mandalay, Burma (Myanmar) Earthquake",Myanmar,Asia,red,7.7
"113 km NW of Bela, Pakistan",Pakistan,Asia,red,7.7
"72 km N of Palu, Indonesia",Indonesia,Asia,red,7.5
"2024 Noto Peninsula, Japan Earthquake",Japan,Asia,red,7.5
"Elbistan earthquake, Kahramanmaras earthquake sequence",Turkey,Asia,red,7.5
"29 km S of ?alabja, Iraq",Iran,Asia,red,7.3
"57 km ENE of Namie, Japan",Japan,Asia,red,7.3
"Nippes, Haiti",Haiti,Americas,red,7.2
"The 2010 Sierra El Mayor, B.C., Mexico Earthquake",Mexico,Americas,red,7.2
2025 Southern Tibetan Plateau Earthquake,China,Asia,red,7.1
"128 km WNW of Aykol, China",China,Asia,red,7.0
"6 km ESE of Kumamoto, Japan",Japan,Asia,red,7.0
"Acapulco, Mexico",Mexico,Americas,red,7.0
"Al Haouz, Morocco",Morocco,Africa,red,6.8
Burma (Myanmar),Myanmar,Asia,red,6.7
"56 km WSW of Linqiong, China",China,Asia,red,6.6
"5 km ESE of Preci, Italy",Italy,Europe,red,6.6
"63 km NNW of Bandar Abbas, Iran",Iran,Asia,red,6.4
"24 km NNW of Herāt, Afghanistan",Afghanistan,Asia,red,6.3
"2 km NNW of Uzunba?, Turkey",Turkey,Asia,red,6.3
"33 km WSW of Zhaotong, China",China,Asia,red,6.2
"5 km WNW of Accumoli, Italy",Italy,Europe,red,6.2
"2 km SSE of Kumamoto, Japan",Japan,Asia,red,6.2
"2 km NNW of Visso, Italy",Italy,Europe,red,6.1
"The 2014 South Napa, California Earthquake",United States of America,Americas,red,6.02
"8 km NNW of Dhekiajuli, India",India,Asia,red,6.0
"38 km WNW of Linxia Chengguanzhen, China",China,Asia,red,5.9
"22 km ESE of Xunchang, China",China,Asia,red,5.8
"24 km NE of Bandar-e Gen?veh, Iran",Iran,Asia,red,5.8
"13 km SW of Khowy, Iran",Iran,Asia,red,5.6
"near the south coast of western Honshu, Japan",Japan,Asia,red,5.5
"52 km SE of Neijiang, China",China,Asia,red,5.4
"24 km S of Dezhou, China",China,Asia,red,5.4
"48 km W of Illapel, Chile",Chile,Americas,orange,8.3
"78 km NE of Navarro, Peru",Peru,Americas,orange,8.0
"27 km SSE of Muisne, Ecuador",Ecuador,Americas,orange,7.8
"53 km NNE of Amberley, New Zealand",New Zealand,Oceania,orange,7.8
"Hindu Kush region, Afghanistan",Afghanistan,Asia,orange,7.5
"9 km SE of Santa María Xadani, Mexico",Mexico,Americas,orange,7.4
"Southern Qinghai, China",China,Asia,orange,7.3
Nepal,Nepal,Asia,orange,7.3
"73 km ENE of Namie, Japan",Japan,Asia,orange,7.1
"4 km SE of Sagbayan, Philippines",Philippines,Asia,orange,7.1
"1 km SE of Point MacKenzie, Alaska",United States of America,Americas,orange,7.1
"13 km NNE of Néon Karlovásion, Greece",Greece,Europe,orange,7.0
"36 km NW of Labuan Lombok, Indonesia",Indonesia,Asia,orange,6.9
"4 km W of Puerto Madero, Mexico",Mexico,Americas,orange,6.9
"14 km NNW of Baláo, Ecuador",Ecuador,Americas,orange,6.8
"129 km WSW of Khuzdar, Pakistan",Pakistan,Asia,orange,6.8
"10 km SSW of Coquimbo, Chile",Chile,Americas,orange,6.7
"29 km W of Imph?l, India",India,Asia,orange,6.7
"13 km N of Do?anyol, Turkey",Turkey,Asia,orange,6.7
"44 km SE of Kangding, China",China,Asia,orange,6.6
"northern Qinghai, China",China,Asia,orange,6.6
"27 km ESE of Chitose, Japan",Japan,Asia,orange,6.6
"19 km SSW of Lefkáda, Greece",Greece,Europe,orange,6.5
"15 km WSW of Mamurras, Albania",Albania,Europe,orange,6.4
"2 km WSW of Petrinja, Croatia",Croatia,Europe,orange,6.4
"95 km SE of Bushehr, Iran",Iran,Asia,orange,6.4
"4 km SSE of Indios, Puerto Rico",Puerto Rico,Americas,orange,6.4
"25 km NNE of Zindah Jān, Afghanistan",Afghanistan,Asia,orange,6.3
"32 km NNE of Zindah Jān, Afghanistan",Afghanistan,Asia,orange,6.3
"34 km NNW of Herāt, Afghanistan",Afghanistan,Asia,orange,6.3
"6 km S of Kurayoshi, Japan",Japan,Asia,orange,6.2
"5 km ESE of Barrio Nuevo de los Muertos, Mexico",Mexico,Americas,orange,6.2
"24 km SE of Marmara Ereğlisi, Turkey",Turkey,Asia,orange,6.2
"125 km SW of Jianshui, China",China,Asia,orange,6.1
"25 km NW of Dali, China",China,Asia,orange,6.1
"1 km ENE of Lixoúri, Greece",Greece,Europe,orange,6.1
"10 km WSW of Bigadiç, Turkey",Turkey,Asia,orange,6.1
"15 km W of Düzce, Turkey",Turkey,Asia,orange,6.1
"55 km SW of Kh?st, Afghanistan",Afghanistan,Asia,orange,6.0
"104 km ENE of Kashgar, China",China,Asia,orange,6.0
"4 km NNE of Massa Finalese, Italy",Italy,Europe,orange,6.0
"60 km W of Mawu, China",China,Asia,orange,5.9
"59 km NE of Hashtr?d, Iran",Iran,Asia,orange,5.9
"10 km ENE of Bor?zj?n, Iran",Iran,Asia,orange,5.8
"12 km ENE of Christchurch, New Zealand",New Zealand,Oceania,orange,5.8
"5 km ESE of Cittareale, Italy",Italy,Europe,orange,5.7
"3 km E of Restrepo, Colombia",Colombia,Americas,orange,5.6
"11 km NE of Sukabumi, Indonesia",Indonesia,Asia,orange,5.6
"8 km SE of Khowy, Iran",Iran,Asia,orange,5.6
"2 km SSE of Preci, Italy",Italy,Europe,orange,5.5
"8 km SSE of New Mirpur, Pakistan",Pakistan,Asia,orange,5.4
"6 km S of Tallaboa, Puerto Rico",Puerto Rico,Americas,orange,5.4
"11 km SE of Xunchang, China",China,Asia,orange,5.3
"41 km S of Kyaukse, Burma (Myanmar)",Myanmar,Asia,orange,5.3
Alaska Peninsula,Alaska,Americas,yellow,8.2
"93 km NW of Iquique, Chile",Chile,Americas,yellow,8.2
"140 km E of Kokopo, Papua New Guinea",Guinea,Africa,yellow,7.9
"35 km WNW of Panguna, Papua New Guinea",Papua New Guinea,Oceania,yellow,7.9
"53 km SW of Iquique, Chile",Chile,Americas,yellow,7.7
"79 km ESE of Kh?sh, Iran",Iran,Asia,yellow,7.7
"2020 Sand Point, Alaska Earthquake",Alaska,Americas,yellow,7.6
"41 km SW of Quellón, Chile",Chile,Americas,yellow,7.6
"35 km SSW of Aguililla, Mexico",Mexico,Americas,yellow,7.6
"70 km E of Kainantu, Papua New Guinea",Papua New Guinea,Oceania,yellow,7.6
"19 km E of Gamut, Philippines",Philippines,Asia,yellow,7.6
"115 km ESE of Palora, Ecuador",Ecuador,Americas,yellow,7.5
"32 km SW of Tari, Papua New Guinea",Papua New Guinea,Oceania,yellow,7.5
"43 km NNW of Barranca, Peru",Peru,Americas,yellow,7.5
"33 km S of Champerico, Guatemala",Guatemala,Americas,yellow,7.4
"15 km S of Hualien City, Taiwan",Taiwan,Asia,yellow,7.4
"74 km S of Intipucá, El Salvador",El Salvador,Americas,yellow,7.3
"24 km WNW of Port-Vila, Vanuatu",Vanuatu,Oceania,yellow,7.3
"40 km ENE of Carúpano, Venezuela",Venezuela,Americas,yellow,7.3
"9 km ENE of Coyuquilla Norte, Mexico",Mexico,Americas,yellow,7.2
"4 km S of Pinotepa de Don Luis, Mexico",Mexico,Americas,yellow,7.2
"10 km WSW of Atiquipa, Peru",Peru,Americas,yellow,7.2
"171 km SSE of Teluk Dalam, Indonesia",Indonesia,Asia,yellow,7.1
"2024 Hyuganada Sea, Japan Earthquake",Japan,Asia,yellow,7.1
"32 km NW of Bulolo, Papua New Guinea",Papua New Guinea,Oceania,yellow,7.1
Ridgecrest Earthquake Sequence,United States of America,Americas,yellow,7.1
"30 km E of Ishinomaki, Japan",Japan,Asia,yellow,7.0
"11 km NE of Bantay, Philippines",Philippines,Asia,yellow,7.0
"95 km ENE of Kuril’sk, Russia",Russia,Europe,yellow,7.0
"40 km W of Valparaíso, Chile",Chile,Americas,yellow,6.9
"272 km ESE of Hotan, China",China,Asia,yellow,6.9
"2 km SSW of San Pablo, Guatemala",Guatemala,Americas,yellow,6.9
"18 km SSW of Obihiro, Japan",Japan,Asia,yellow,6.9
"76 km SE of Mawlaik, Myanmar",Myanmar,Asia,yellow,6.9
"125 km SE of Petropavlovsk-Kamchatsky, Russia",Russia,Europe,yellow,6.9
"90 km E of Yujing, Taiwan",Taiwan,Asia,yellow,6.9
"42 km SSW of Bartolomé Masó, Cuba",Cuba,Americas,yellow,6.8
"32 km SW of Lithakiá, Greece",Greece,Europe,yellow,6.8
"28 km SW of Puerto San José, Guatemala",Guatemala,Americas,yellow,6.8
"55 km SSW of Aguililla, Mexico",Mexico,Americas,yellow,6.8
"26 km W of Chauk, Myanmar",Myanmar,Asia,yellow,6.8
"7 km S of Magsaysay, Philippines",Philippines,Asia,yellow,6.8
"5 km SW of Puerto Madero, Mexico",Mexico,Americas,yellow,6.7
"21 km SSE of Kod?ri??, Nepal",Nepal,Asia,yellow,6.7
"32 km SW of Kablalan, Philippines",Philippines,Asia,yellow,6.7
"14 km E of Nurda??, Turkey",Turkey,Asia,yellow,6.7
"32 km S of La Libertad, El Salvador",El Salvador,Americas,yellow,6.6
"36 km W of Kíssamos, Greece",Greece,Europe,yellow,6.6
"11 km ENE of Kos, Greece",Greece,Europe,yellow,6.6
"71 km NNE of Bharatpur, Nepal",Nepal,Asia,yellow,6.6
"10 km NE of Columbio, Philippines",Philippines,Asia,yellow,6.6
"13 km E of San Pedro, Philippines",Philippines,Asia,yellow,6.6
"81 km NNE of Ust’-Kamchatsk Staryy, Russia",Russia,Europe,yellow,6.6
"168 km SW of Mawu, China",China,Asia,yellow,6.5
"43 km S of Intipucá, El Salvador",El Salvador,Americas,yellow,6.5
"33 km NE of Ambon, Indonesia",Indonesia,Asia,yellow,6.5
"14 km WNW of Reuleuet, Indonesia",Indonesia,Asia,yellow,6.5
"29 km SE of Blenheim, New Zealand",New Zealand,Oceania,yellow,6.5
"92 km SSW of Blenheim, New Zealand",New Zealand,Oceania,yellow,6.5
"38 km ESE of Blenheim, New Zealand",New Zealand,Oceania,yellow,6.5
"74 km NE of Amberley, New Zealand",New Zealand,Oceania,yellow,6.5
"11 km N of Mabua, Philippines",Philippines,Asia,yellow,6.5
"2 km S of Lim-oo, Philippines",Philippines,Asia,yellow,6.5
"23 km SSE of Vilyuchinsk, Russia",Russia,Europe,yellow,6.5
"23 km WNW of Hacienda La Calera, Chile",Chile,Americas,yellow,6.4
"45 km SW of Diego de Almagro, Chile",Chile,Americas,yellow,6.4
"57 km WNW of Zangguy, China",China,Asia,yellow,6.4
"4 km SW of Palekastro, Greece",Greece,Europe,yellow,6.4
"7 km ESE of Ignacio López Rayón, Mexico",Guatemala,Americas,yellow,6.4
"33 km NNW of Labuan Lombok, Indonesia",Indonesia,Asia,yellow,6.4
"110 km N of Paciran, Indonesia",Indonesia,Asia,yellow,6.4
"31 km WSW of Tsuruoka, Japan",Japan,Asia,yellow,6.4
"3 km NNE of Nuxco, Mexico",Mexico,Americas,yellow,6.4
"7 km ENE of Columbio, Philippines",Philippines,Asia,yellow,6.4
"25 km SE of Yujing, Taiwan",Taiwan,Asia,yellow,6.4
Ridgecrest Earthquake Sequence,United States of America,Americas,yellow,6.4
"278 km SE of Hotan, China",China,Asia,yellow,6.3
western Xizang,China,Asia,yellow,6.3
"15 km NE of Paratebueno, Colombia",Colombia,Americas,yellow,6.3
"19 km NE of Esmeraldas, Ecuador",Ecuador,Americas,yellow,6.3
"5 km S of Plomári, Greece",Greece,Europe,yellow,6.3
"9 km W of Týrnavos, Greece",Greece,Europe,yellow,6.3
"15 km SW of Sarpol-e Z?ah?b, Iran",Iran,Asia,yellow,6.3
"18 km W of Uwajima, Japan",Japan,Asia,yellow,6.3
"Near the coast of Bio-Bio, Chile",Chile,Americas,yellow,6.2
"66 km SE of Emporeío, Greece",Greece,Europe,yellow,6.2
"12 km WSW of Nueva Concepción, Guatemala",Guatemala,Americas,yellow,6.2
"6 km SSE of Hakuba, Japan",Japan,Asia,yellow,6.2
"49 km NE of Anamizu, Japan",Japan,Asia,yellow,6.2
"90 km SSW of Blenheim, New Zealand",New Zealand,Oceania,yellow,6.2
"4 km SE of Aserrío de Gariché, Panama",Panama,Americas,yellow,6.2
"7 km E of Sullana, Peru",Peru,Americas,yellow,6.2
"7km N of Petrolia, CA",United States of America,Americas,yellow,6.2
"29 km SW of Illapel, Chile",Chile,Americas,yellow,6.1
"10 km E of El Calvario, Colombia",Colombia,Americas,yellow,6.1
"61 km NNW of Torbat-e J?m, Iran",Iran,Asia,yellow,6.1
"92 km SE of M?n?b, Iran",Iran,Asia,yellow,6.1
"7 km NNE of Ixtepec, Mexico",Mexico,Americas,yellow,6.1
"0 km NNW of Dhulikhel, Nepal",Nepal,Asia,yellow,6.1
"35 km NNE of Masterton, New Zealand",New Zealand,Oceania,yellow,6.1
Nicaragua,Nicaragua,Americas,yellow,6.1
"3 km WSW of San Francisco, Philippines",Philippines,Asia,yellow,6.1
"13 km SSW of Hualien City, Taiwan",Taiwan,Asia,yellow,6.1
"21 km NNE of Bejaïa, Algeria",Algeria,Africa,yellow,6.0
"1 km NE of Lejanías, Colombia",Colombia,Americas,yellow,6.0
"8 km NNW of Lixoúri, Greece",Greece,Europe,yellow,6.0
"6 km N of Thrapsanón, Greece",Greece,Europe,yellow,6.0
"32 km SW of Jav?nr?d, Iran",Iran,Asia,yellow,6.0
"52 km NE of Bandar-e Lengeh, Iran",Iran,Asia,yellow,6.0
"57 km NE of Bandar-e Lengeh, Iran",Iran,Asia,yellow,6.0
"37 km ESE of Özalp, Turkey",Iran,Asia,yellow,6.0
"62 km NNW of Bandar Abbas, Iran",Iran,Asia,yellow,6.0
"5 km ENE of Uto, Japan",Japan,Asia,yellow,6.0
"7 km W of Corral Falso, Mexico",Mexico,Americas,yellow,6.0
"1 km W of Breñón, Panama",Panama,Americas,yellow,6.0
"4 km NNE of Göksun, Turkey",Turkey,Asia,yellow,6.0
"19 km W of Doğanyol, Turkey",Turkey,Asia,yellow,6.0
"12 km W of Çelikhan, Turkey",Turkey,Asia,yellow,6.0
"10 km SSE of Parkfield, California",United States of America,Americas,yellow,5.97
"35 km NNW of Herāt, Afghanistan",Afghanistan,Asia,yellow,5.9
"39 km S of Mount Buller, Australia",Australia,Oceania,yellow,5.9
"249 km NW of Tianpeng, China",China,Asia,yellow,5.9
"62 km SE of Myitkyina, Myanmar",China,Asia,yellow,5.9
"Western Sichuan, China",China,Asia,yellow,5.9
"14 km SSW of Khowy, Iran",Iran,Asia,yellow,5.9
"59 km NNW of Bandar-e Lengeh, Iran",Iran,Asia,yellow,5.9
"121 km WSW of Myitkyina, Myanmar",Myanmar,Asia,yellow,5.9
"38 km ESE of Falam, Myanmar",Myanmar,Asia,yellow,5.9
"26 km SSE of Blenheim, New Zealand",New Zealand,Oceania,yellow,5.9
"30 km ESE of Blenheim, New Zealand",New Zealand,Oceania,yellow,5.9
"11 km NNE of Harnai, Pakistan",Pakistan,Asia,yellow,5.9
"5 km SE of Maria Antonia, Puerto Rico",Puerto Rico,Americas,yellow,5.9
"129 km SSE of Kyzyl-Suu, Kyrgyzstan",China,Asia,yellow,5.8
"48 km W of Linqiong, China",China,Asia,yellow,5.8
"63 km SE of Myitkyina, Myanmar",China,Asia,yellow,5.8
"11 km E of Verdikoússa, Greece",Greece,Europe,yellow,5.8
"15 km NNE of Chardonnière, Haiti",Haiti,Americas,yellow,5.8
"16 km SSE of Palu, Indonesia",Indonesia,Asia,yellow,5.8
"12 km NNW of Poso, Indonesia",Indonesia,Asia,yellow,5.8
"28 km SW of Sarpol-e Z?ah?b, Iran",Iran,Asia,yellow,5.8
"41 km NW of Salm?s, Iran",Iran,Asia,yellow,5.8
"12km N of Delta, B.C., MX",Mexico,Americas,yellow,5.8
"5 km NNW of Emiliano Zapata, Mexico",Mexico,Americas,yellow,5.8
"8 km SE of José María Morelos, Mexico",Mexico,Americas,yellow,5.8
"1 km S of Huangala, Peru",Peru,Americas,yellow,5.8
"14 km S of Indios, Puerto Rico",Puerto Rico,Americas,yellow,5.8
"42 km ESE of Rasht, Tajikistan",Tajikistan,Asia,yellow,5.8
"11 km SSW of Mineral, Virginia",United States of America,Americas,yellow,5.8
"3km NW of Brawley, CA",United States of America,Americas,yellow,5.8
"141 km SSE of Qamdo, China",China,Asia,yellow,5.7
"110 km SSE of Jianshui, China",China,Asia,yellow,5.7
"128 km WNW of Aykol, China",China,Asia,yellow,5.7
"194 km NNE of Nagqu, China",China,Asia,yellow,5.7
"85 km NE of Lobujya, Nepal",China,Asia,yellow,5.7
"95 km ENE of Nagqu, China",China,Asia,yellow,5.7
"5 km E of El Cantón de San Pablo, Colombia",Colombia,Americas,yellow,5.7
"9 km N of San Gabriel, Ecuador",Ecuador,Americas,yellow,5.7
"3 km SSW of Amatitlán, Guatemala",Guatemala,Americas,yellow,5.7
"6 km SE of Comapa, Guatemala",Guatemala,Americas,yellow,5.7
"16 km ENE of Bhadarw?h, India",India,Asia,yellow,5.7
"56 km ENE of Mohr, Iran",Iran,Asia,yellow,5.7
southern Iran,Iran,Asia,yellow,5.7
southern Iran,Iran,Asia,yellow,5.7
"12 km S of Khowy, Iran",Iran,Asia,yellow,5.7
"40 km NE of Anamizu, Japan",Japan,Asia,yellow,5.7
"88 km NNW of Phôngsali, Laos",Laos,Asia,yellow,5.7
"6 km NNW of Marquelia, Mexico",Mexico,Americas,yellow,5.7
"12km SSW of Estacion Coahuila, B.C., MX",Mexico,Americas,yellow,5.7
"13km WSW of Delta, B.C., MX",Mexico,Americas,yellow,5.7
"43 km E of Dailekh, Nepal",Nepal,Asia,yellow,5.7
"24 km ENE of Nurda??, Turkey",Turkey,Asia,yellow,5.7
"5 km NNE of Magna, Utah",United States of America,Americas,yellow,5.7
"3 km WSW of Shijak, Albania",Albania,Europe,yellow,5.6
"156 km SSW of Laojunmiao, China",China,Asia,yellow,5.6
"247 km NW of Tianpeng, China",China,Asia,yellow,5.6
"129 km SW of Jianshui, China",China,Asia,yellow,5.6
"123 km SW of Jianshui, China",China,Asia,yellow,5.6
"244 km NNE of Nagqu, China",China,Asia,yellow,5.6
"58 km NW of Shangri-La, China",China,Asia,yellow,5.6
"Western Sichuan, China",China,Asia,yellow,5.6
"7 km E of Cartago, Colombia",Colombia,Americas,yellow,5.6
"2 km SSE of Conchagua, El Salvador",El Salvador,Americas,yellow,5.6
"4 km WNW of Jerez, Guatemala",Guatemala,Americas,yellow,5.6
"6 km SE of Vogar, Iceland",Iceland,Europe,yellow,5.6
"69 km NE of Bandar-e Lengeh, Iran",Iran,Asia,yellow,5.6
"31 km NE of K?sh, Iran",Iran,Asia,yellow,5.6
"34 km W of Sarpol-e Z?ah?b, Iran",Iran,Asia,yellow,5.6
"34 km NNW of Bojn?rd, Iran",Iran,Asia,yellow,5.6
"5 km S of Castelsantangelo sul Nera, Italy",Italy,Europe,yellow,5.6
"4 km SE of Cittareale, Italy",Italy,Europe,yellow,5.6
"53 km SSE of Chipinge, Zimbabwe",Mozambique,Africa,yellow,5.6
"10 km NNW of Dajal, Pakistan",Pakistan,Asia,yellow,5.6
"6 km NW of Cocachacra, Peru",Peru,Americas,yellow,5.6
"37 km WSW of Callao, Peru",Peru,Americas,yellow,5.6
"0 km NW of Magas Arriba, Puerto Rico",Puerto Rico,Americas,yellow,5.6
"0 km ESE of Lele?ti, Romania",Romania,Europe,yellow,5.6
"15 km ESE of K?rka?aç, Turkey",Turkey,Asia,yellow,5.6
"5 km NW of Samsat, Turkey",Turkey,Asia,yellow,5.6
"11 km NW of Aïn Taya, Algeria",Algeria,Africa,yellow,5.5
"9 km ENE of Rāmganj, Bangladesh",Bangladesh,Asia,yellow,5.5
"Southern Qinghai, China",China,Asia,yellow,5.5
"126 km W of Rikaze, China",China,Asia,yellow,5.5
"76 km E of Kashgar, China",China,Asia,yellow,5.5
"Southern Qinghai, China",China,Asia,yellow,5.5
"11 km N of Kamárai, Greece",Greece,Europe,yellow,5.5
"5 km NNW of Flórina, Greece",Greece,Europe,yellow,5.5
"82 km SSE of Lethem, Guyana",Guyana,Americas,yellow,5.5
"52 km NE of Bandar-e Lengeh, Iran",Iran,Asia,yellow,5.5
"23 km NE of K?sh, Iran",Iran,Asia,yellow,5.5
"51 km ENE of Mohr, Iran",Iran,Asia,yellow,5.5
"7 km SW of Heunghae, South Korea",South Korea,Asia,yellow,5.5
"7 km WNW of Sivrice, Turkey",Turkey,Asia,yellow,5.5
"9km SW of Delta, B.C., MX",Mexico,Americas,yellow,5.43
"26 km NNW of Herāt, Afghanistan",Afghanistan,Asia,yellow,5.4
"26 km NE of Zindah Jān, Afghanistan",Afghanistan,Asia,yellow,5.4
"Western Sichuan, China",China,Asia,yellow,5.4
"131 km ESE of Murghob, Tajikistan",China,Asia,yellow,5.4
"240 km NNE of Nagqu, China",China,Asia,yellow,5.4
"68 km W of Mawu, China",China,Asia,yellow,5.4
"102 km SE of Bushehr, Iran",Iran,Asia,yellow,5.4
"47 km NE of Bandar-e Lengeh, Iran",Iran,Asia,yellow,5.4
"4 km WSW of Hope Bay, Jamaica",Jamaica,Americas,yellow,5.4
"26 km NW of Shwebo, Myanmar",Myanmar,Asia,yellow,5.4
"9 km W of San Bartolo, Peru",Peru,Americas,yellow,5.4
"17 km E of Novokayakent, Russia",Russia,Europe,yellow,5.4
"3 km ESE of Orkney, South Africa",South Africa,Africa,yellow,5.4
"6km S of Gyeongju, South Korea",South Korea,Asia,yellow,5.4
"5 km NW of Guacara, Venezuela",Venezuela,Americas,yellow,5.4
"12km WNW of Alberto Oviedo Mota, B.C., MX",Mexico,Americas,yellow,5.38
"15km SE of Rio Dell, CA",United States of America,Americas,yellow,5.35
"5km NNW of Brawley, CA",United States of America,Americas,yellow,5.32
"45 km E of Qala i Naw, Afghanistan",Afghanistan,Asia,yellow,5.3
"4 km SSE of Blagaj, Bosnia and Herzegovina",Bosnia and Herzegovina,Europe,yellow,5.3
"39 km NNE of Changling, China",China,Asia,yellow,5.3
"101 km NE of Aksu, China",China,Asia,yellow,5.3
"5 km E of Gornja Bistra, Croatia",Croatia,Europe,yellow,5.3
"1 km NNE of Magoúla, Greece",Greece,Europe,yellow,5.3
"4 km S of Anse-à-Veau, Haiti",Haiti,Americas,yellow,5.3
"59 km NW of Dali, China",China,Asia,yellow,5.2
"7 km SSE of Stilfontein, South Africa",South Africa,Africa,yellow,5.2
"59 km NW of Dali, China",China,Asia,yellow,5.1
"12 km ENE of Xunchang, China",China,Asia,yellow,5.1
"4 km E of Anse-à-Veau, Haiti",Haiti,Americas,yellow,5.1
"29 km ENE of Koysinceq, Iraq",Iraq,Asia,yellow,5.1
"28 km ENE of Shwebo, Burma (Myanmar)",Myanmar,Asia,yellow,5.1
"3 km ESE of ?air, North Macedonia",North Macedonia,Europe,yellow,5.1
"2km NW of Brea, CA",United States of America,Americas,yellow,5.1
"4 km SE of Sparta, North Carolina",United States of America,Americas,yellow,5.1
"1 km SSW of Lavinaio-Monterosso, Italy",Italy,Europe,yellow,5.0
"267 km E of Levuka, Fiji",Fiji,Oceania,green,8.2
"Kermadec Islands, New Zealand",New Zealand,Oceania,green,8.1
"75 km W of Lata, Solomon Islands",Solomon Islands,Oceania,green,8.0
"261 km SE of Chiniak, Alaska",Alaska,Americas,green,7.9
"Rat Islands, Aleutian Islands, Alaska",Alaska,Americas,green,7.9
"45 km S of Levuka, Fiji",Fiji,Oceania,green,7.9
"2020 Perryville, Alaska Earthquake",Alaska,Americas,green,7.8
"southwest of Sumatra, Indonesia",Indonesia,Asia,green,7.8
"Bonin Islands, Japan region",Japan,Asia,green,7.8
"69 km WSW of Kirakira, Solomon Islands",Solomon Islands,Oceania,green,7.8
"Pagan region, Northern Mariana Islands",Northern Mariana Islands,Oceania,green,7.7
"Komandorskiye Ostrova, Russia region",Russia,Europe,green,7.7
"210 km SSW of George Town, Cayman Islands",Cayman Islands,Americas,green,7.6
"48 km NE of Kokopo, Papua New Guinea",Guinea,Africa,green,7.6
"Pulau Pulau Tanimbar, Indonesia",Indonesia,Asia,green,7.6
"93 km SSE of Kirakira, Solomon Islands",Solomon Islands,Oceania,green,7.6
"82 km WNW of Hihifo, Tonga",Tonga,Oceania,green,7.6
"70 km SW of Panguna, Papua New Guinea",Guinea,Africa,green,7.5
"53 km SE of Kokopo, Papua New Guinea",Guinea,Africa,green,7.5
"203 km NNE of Barra Patuca, Honduras",Honduras,Americas,green,7.5
"166 km ESE of Tadine, New Caledonia",New Caledonia,Oceania,green,7.5
"131 km SSW of Kokopo, Papua New Guinea",Papua New Guinea,Oceania,green,7.5
"221 km SSE of Severo-Kuril’sk, Russia",Russia,Europe,green,7.5
"41 km ESE of San Pedro de Atacama, Chile",Chile,Americas,green,7.4
South Georgia Island region,Georgia,Asia,green,7.4
"Kermadec Islands, New Zealand",New Zealand,Oceania,green,7.4
"112 km S of Kirakira, Solomon Islands",Solomon Islands,Oceania,green,7.4
"292 km SW of Vaini, Tonga",Tonga,Oceania,green,7.4
"2025 Sand Point, Alaska Earthquake",Alaska,Americas,green,7.3
"190 km ENE of Kokopo, Papua New Guinea",Guinea,Africa,green,7.3
"Kermadec Islands, New Zealand",New Zealand,Oceania,green,7.3
"182 km NE of Gisborne, New Zealand",New Zealand,Oceania,green,7.3
"189 km SSE of Tabiauan, Philippines",Philippines,Asia,green,7.3
"187 km SE of Ust’-Kamchatsk Staryy, Russia",Russia,Europe,green,7.3
"205 km ESE of Neiafu, Tonga",Tonga,Oceania,green,7.3
Vanuatu region,Vanuatu,Oceania,green,7.3
"2023 Sand Point, Alaska Earthquake",Alaska,Americas,green,7.2
"155 km SSE of Sofifi, Indonesia",Indonesia,Asia,green,7.2
"10 km W of Azángaro, Peru",Peru,Americas,green,7.2
"80 km S of Mil’kovo, Russia",Russia,Europe,green,7.2
"252 km ENE of Kuril’sk, Russia",Russia,Europe,green,7.2
"104 km W of Murghob, Tajikistan",Tajikistan,Asia,green,7.2
"274 km SW of Houma, Tonga",Tonga,Oceania,green,7.2
Fiji region,Fiji,Oceania,green,7.1
"143 km SW of Panguna, Papua New Guinea",Guinea,Africa,green,7.1
"56 km WSW of Panguna, Papua New Guinea",Guinea,Africa,green,7.1
"141 km NW of Ternate, Indonesia",Indonesia,Asia,green,7.1
"155 km NW of Ternate, Indonesia",Indonesia,Asia,green,7.1
"180 km NNE of Gili Air, Indonesia",Indonesia,Asia,green,7.1
"off the east coast of Honshu, Japan",Japan,Asia,green,7.1
"238 km ESE of Tadine, New Caledonia",New Caledonia,Oceania,green,7.1
"Kermadec Islands, New Zealand",New Zealand,Oceania,green,7.1
"136 km W of Iñapari, Peru",Peru,Americas,green,7.1
"16 km WSW of Atiquipa, Peru",Peru,Americas,green,7.1
"37 km W of Atiquipa, Peru",Peru,Americas,green,7.1
"106 km WSW of Sangay, Philippines",Philippines,Asia,green,7.1
"60 km ENE of Pondaguitan, Philippines",Philippines,Asia,green,7.1
"112 km WSW of Lata, Solomon Islands",Solomon Islands,Oceania,green,7.1
"32 km SE of Lata, Solomon Islands",Solomon Islands,Oceania,green,7.1
"31 km NE of Port-Olry, Vanuatu",Vanuatu,Oceania,green,7.1
"118 km S of Isangel, Vanuatu",Vanuatu,Oceania,green,7.1
"101 km SW of Atka, Alaska",Alaska,Americas,green,7.0
"25 km WNW of Illapel, Chile",Chile,Americas,green,7.0
Falkland Islands region,Falkland Islands,Americas,green,7.0
Fiji region,Fiji,Oceania,green,7.0
south of the Fiji Islands,Fiji,Oceania,green,7.0
"234 km W of Abepura, Indonesia",Indonesia,Asia,green,7.0
"Java, Indonesia",Indonesia,Asia,green,7.0
"150 km NNE of Maumere, Indonesia",Indonesia,Asia,green,7.0
"260 km WSW of Abepura, Indonesia",Indonesia,Asia,green,7.0
"156 km NW of Tobelo, Indonesia",Indonesia,Asia,green,7.0
"85 km ENE of Tadine, New Caledonia",New Caledonia,Oceania,green,7.0
"175 km NE of Gisborne, New Zealand",New Zealand,Oceania,green,7.0
"119 km E of Kimbe, Papua New Guinea",Papua New Guinea,Oceania,green,7.0
"40 km ESE of Ambunti, Papua New Guinea",Papua New Guinea,Oceania,green,7.0
"22 km NNE of Azángaro, Peru",Peru,Americas,green,7.0
"211 km SE of Pondaguitan, Philippines",Philippines,Asia,green,7.0
"96 km ESE of Pondaguitan, Philippines",Philippines,Asia,green,7.0
"102 km E of Petropavlovsk-Kamchatsky, Russia",Russia,Europe,green,7.0
"80 km WNW of Lata, Solomon Islands",Solomon Islands,Oceania,green,7.0
"33 km NW of Lata, Solomon Islands",Solomon Islands,Oceania,green,7.0
"18 km SW of Malango, Solomon Islands",Solomon Islands,Oceania,green,7.0
"61 km SSE of Pangai, Tonga",Tonga,Oceania,green,7.0
"209 km SSE of Isangel, Vanuatu",Vanuatu,Oceania,green,7.0
"3 km NW of Norsup, Vanuatu",Vanuatu,Oceania,green,7.0
"23 km WNW of Port-Olry, Vanuatu",Vanuatu,Oceania,green,7.0
"125 km SE of Perryville, Alaska",Alaska,Americas,green,6.9
"Fox Islands, Aleutian Islands, Alaska",Alaska,Americas,green,6.9
"112 km E of Chignik, Alaska",Alaska,Americas,green,6.9
"90 km WNW of Iquique, Chile",Chile,Americas,green,6.9
"85 km NW of Coquimbo, Chile",Chile,Americas,green,6.9
"81 km NW of Coquimbo, Chile",Chile,Americas,green,6.9
"2 km NNE of Yacuanquer, Colombia",Colombia,Americas,green,6.9
"24 km NW of Rosa Zarate, Ecuador",Ecuador,Americas,green,6.9
"156 km SSW of Puerto El Triunfo, El Salvador",El Salvador,Americas,green,6.9
Federated States of Micronesia region,Federated States of Micronesia,Oceania,green,6.9
Fiji region,Fiji,Oceania,green,6.9
south of the Fiji Islands,Fiji,Oceania,green,6.9
Fiji region,Fiji,Oceania,green,6.9
Fiji region,Fiji,Oceania,green,6.9
"225 km SW of Nadi, Fiji",Fiji,Oceania,green,6.9
"21 km SSW of Kamariótissa, Greece",Greece,Europe,green,6.9
"48 km SE of Madang, Papua New Guinea",Guinea,Africa,green,6.9
"184 km ESE of Kimbe, Papua New Guinea",Guinea,Africa,green,6.9
"152 km SW of Labuan, Indonesia",Indonesia,Asia,green,6.9
"204 km SW of Bengkulu, Indonesia",Indonesia,Asia,green,6.9
"20 km NNW of Labuan Lombok, Indonesia",Indonesia,Asia,green,6.9
"122 km WSW of Bengkulu, Indonesia",Indonesia,Asia,green,6.9
"107 km SE of Amahai, Indonesia",Indonesia,Asia,green,6.9
"222 km SSE of Katabu, Indonesia",Indonesia,Asia,green,6.9
"136 km WSW of Ternate, Indonesia",Indonesia,Asia,green,6.9
"30 km SSE of Onagawa Ch?, Japan",Japan,Asia,green,6.9
"35 km ESE of Namie, Japan",Japan,Asia,green,6.9
"284 km ESE of Tadine, New Caledonia",New Caledonia,Oceania,green,6.9
"Kermadec Islands, New Zealand",New Zealand,Oceania,green,6.9
"Kermadec Islands, New Zealand",New Zealand,Oceania,green,6.9
"Maug Islands region, Northern Mariana Islands",Northern Mariana Islands,Oceania,green,6.9
"150 km E of Kimbe, Papua New Guinea",Papua New Guinea,Oceania,green,6.9
"36 km ENE of Ambunti, Papua New Guinea",Papua New Guinea,Oceania,green,6.9
"34 km ENE of Aras-asan, Philippines",Philippines,Asia,green,6.9
"31 km SW of Burias, Philippines",Philippines,Asia,green,6.9
"81 km SE of Ozernovskiy, Russia",Russia,Europe,green,6.9
"92 km WSW of Kirakira, Solomon Islands",Solomon Islands,Oceania,green,6.9
"205 km ESE of Kirakira, Solomon Islands",Solomon Islands,Oceania,green,6.9
"65 km WSW of Murghob, Tajikistan",Tajikistan,Asia,green,6.9
"75 km W of Pangai, Tonga",Tonga,Oceania,green,6.9
"132 km NW of Neiafu, Tonga",Tonga,Oceania,green,6.9
"17 km N of Port-Olry, Vanuatu",Vanuatu,Oceania,green,6.9
Vanuatu region,Vanuatu,Oceania,green,6.9
"82 km NNW of Port-Olry, Vanuatu",Vanuatu,Oceania,green,6.9
"100 km SE of Nikolski, Alaska",Alaska,Americas,green,6.8
"117 km SSE of Ugashik, Alaska",Alaska,Americas,green,6.8
"200 km NW of Attu Station, Alaska",Alaska,Americas,green,6.8
"29 km SW of Campo Gallo, Argentina",Argentina,Americas,green,6.8
"86 km NNW of San Antonio de los Cobres, Argentina",Argentina,Americas,green,6.8
"38 km SE of Boyuibe, Bolivia",Bolivia,Americas,green,6.8
"90 km W of Tarauacá, Brazil",Brazil,Americas,green,6.8
"210 km SW of Port McNeill, Canada",Canada,Americas,green,6.8
"48 km SW of San Pedro de Atacama, Chile",Chile,Americas,green,6.8
"86 km NW of Vallenar, Chile",Chile,Americas,green,6.8
"39 km SW of Ovalle, Chile",Chile,Americas,green,6.8
"54 km N of Vallenar, Chile",Chile,Americas,green,6.8
"96 km SW of San Antonio, Chile",Chile,Americas,green,6.8
south of the Fiji Islands,Fiji,Oceania,green,6.8
south of the Fiji Islands,Fiji,Oceania,green,6.8
"187 km E of Levuka, Fiji",Fiji,Oceania,green,6.8
"76 km WNW of Kandrian, Papua New Guinea",Guinea,Africa,green,6.8
"103 km E of Kokopo, Papua New Guinea",Guinea,Africa,green,6.8
"62 km WSW of Panguna, Papua New Guinea",Guinea,Africa,green,6.8
"90 km NE of Rabaul, Papua New Guinea",Guinea,Africa,green,6.8
"Sulawesi, Indonesia",Indonesia,Asia,green,6.8
"157 km NW of Ternate, Indonesia",Indonesia,Asia,green,6.8
"138 km WSW of Bengkulu, Indonesia",Indonesia,Asia,green,6.8
"32 km SE of ?funato, Japan",Japan,Asia,green,6.8
"15 km SE of Miyazaki, Japan",Japan,Asia,green,6.8
"Pagan region, Northern Mariana Islands",Northern Mariana Islands,Oceania,green,6.8
"Maug Islands region, Northern Mariana Islands",Northern Mariana Islands,Oceania,green,6.8
"109 km SSW of Kokopo, Papua New Guinea",Papua New Guinea,Oceania,green,6.8
"38 km NW of Aniso, Peru",Peru,Americas,green,6.8
"20 km E of Barcelona, Philippines",Philippines,Asia,green,6.8
"123 km E of Severo-Kuril’sk, Russia",Russia,Europe,green,6.8
"159 km ESE of Kirakira, Solomon Islands",Solomon Islands,Oceania,green,6.8
"178 km W of Lata, Solomon Islands",Solomon Islands,Oceania,green,6.8
"22 km ESE of Lata, Solomon Islands",Solomon Islands,Oceania,green,6.8
"153 km WSW of Buala, Solomon Islands",Solomon Islands,Oceania,green,6.8
"109 km NE of Hihifo, Tonga",Tonga,Oceania,green,6.8
"97 km NE of Hihifo, Tonga",Tonga,Oceania,green,6.8
"81 km NNE of Port-Vila, Vanuatu",Vanuatu,Oceania,green,6.8
"59 km NNE of Port-Olry, Vanuatu",Vanuatu,Oceania,green,6.8
"103 km W of El Aguilar, Argentina",Argentina,Americas,green,6.7
"125 km SSW of Tarauacá, Brazil",Brazil,Americas,green,6.7
"61 km WNW of Illapel, Chile",Chile,Americas,green,6.7
"146 km WNW of Corral, Chile",Chile,Americas,green,6.7
"70 km WSW of Constitución, Chile",Chile,Americas,green,6.7
West Chile Rise,Chile,Americas,green,6.7
"32 km SE of Muisne, Ecuador",Ecuador,Americas,green,6.7
south of the Fiji Islands,Fiji,Oceania,green,6.7
"279 km E of Levuka, Fiji",Fiji,Oceania,green,6.7
"43 km NW of Piti Village, Guam",Guam,Oceania,green,6.7
"260 km S of Sinabang, Indonesia",Indonesia,Asia,green,6.7
"181 km WSW of Tual, Indonesia",Indonesia,Asia,green,6.7
"181 km NNE of Maumere, Indonesia",Indonesia,Asia,green,6.7
"166 km W of Pariaman, Indonesia",Indonesia,Asia,green,6.7
"52 km SE of Shizunai-furukawach?, Japan",Japan,Asia,green,6.7
"140 km WSW of Makurazaki, Japan",Japan,Asia,green,6.7
"83 km ENE of Miyako, Japan",Japan,Asia,green,6.7
Mauritius - Reunion region,Mauritius,Africa,green,6.7
"95 km SW of Topolobampo, Mexico",Mexico,Americas,green,6.7
"29 km SSW of Turt, Mongolia",Mongolia,Asia,green,6.7
"132 km E of Tadine, New Caledonia",New Caledonia,Oceania,green,6.7
"183 km NE of Gisborne, New Zealand",New Zealand,Oceania,green,6.7
"Kermadec Islands, New Zealand",New Zealand,Oceania,green,6.7
"170 km WSW of Riverton, New Zealand",New Zealand,Oceania,green,6.7
"71 km S of Burica, Panama",Panama,Americas,green,6.7
"60 km SSW of Boca Chica, Panama",Panama,Americas,green,6.7
"126 km SSW of Kokopo, Papua New Guinea",Papua New Guinea,Oceania,green,6.7
"54 km SE of Madang, Papua New Guinea",Papua New Guinea,Oceania,green,6.7
"140 km E of Kimbe, Papua New Guinea",Papua New Guinea,Oceania,green,6.7
"15 km S of Hukay, Philippines",Philippines,Asia,green,6.7
"93 km SE of Sarangani, Philippines",Philippines,Asia,green,6.7
"269 km WNW of Ozernovskiy, Russia",Russia,Europe,green,6.7
"33 km SSW of Lata, Solomon Islands",Solomon Islands,Oceania,green,6.7
"150 km WNW of Malango, Solomon Islands",Solomon Islands,Oceania,green,6.7
"65 km S of Hualien City, Taiwan",Taiwan,Asia,green,6.7
"104 km W of Sola, Vanuatu",Vanuatu,Oceania,green,6.7
"102 km WSW of Sola, Vanuatu",Vanuatu,Oceania,green,6.7
"97 km E of Port-Olry, Vanuatu",Vanuatu,Oceania,green,6.7
"201 km SSE of Mata-Utu, Wallis and Futuna",Wallis and Futuna,Oceania,green,6.7
"42 km WSW of Ashk?sham, Afghanistan",Afghanistan,Asia,green,6.6
"53 km SE of Nikolski, Alaska",Alaska,Americas,green,6.6
"278 km NNE of Codrington, Antigua and Barbuda",Antigua and Barbuda,Americas,green,6.6
"19 km SE of Loncopué, Argentina",Argentina,Americas,green,6.6
"198 km W of Cable Beach, Australia",Australia,Oceania,green,6.6
"123 km NW of Tarauacá, Brazil",Brazil,Americas,green,6.6
"22 km WSW of Illapel, Chile",Chile,Americas,green,6.6
"41 km SSW of Coquimbo, Chile",Chile,Americas,green,6.6
"80 km WSW of Vallenar, Chile",Chile,Americas,green,6.6
"122 km N of Murghob, Tajikistan",China,Asia,green,6.6
"48 km WNW of Pólis, Cyprus",Cyprus,Asia,green,6.6
south of the Fiji Islands,Fiji,Oceania,green,6.6
south of the Fiji Islands,Fiji,Oceania,green,6.6
south of the Fiji Islands,Fiji,Oceania,green,6.6
south of the Fiji Islands,Fiji,Oceania,green,6.6
"122 km ESE of Kokopo, Papua New Guinea",Guinea,Africa,green,6.6
"98 km W of Panguna, Papua New Guinea",Guinea,Africa,green,6.6
"115 km W of Panguna, Papua New Guinea",Guinea,Africa,green,6.6
"106 km NW of Kimbe, Papua New Guinea",Guinea,Africa,green,6.6
"57 km SW of Panguna, Papua New Guinea",Guinea,Africa,green,6.6
"76 km NE of Finschhafen, Papua New Guinea",Guinea,Africa,green,6.6
"Nicobar Islands, India region",India,Asia,green,6.6
"37 km WNW of Poso, Indonesia",Indonesia,Asia,green,6.6
"80 km SW of Labuan, Indonesia",Indonesia,Asia,green,6.6
"161 km NNE of Pamanukan, Indonesia",Indonesia,Asia,green,6.6
"80 km W of Sungai Penuh, Indonesia",Indonesia,Asia,green,6.6
"177 km SE of Hirara, Japan",Japan,Asia,green,6.6
"130 km WNW of Naze, Japan",Japan,Asia,green,6.6
"Bonin Islands, Japan region",Japan,Asia,green,6.6
"98 km SW of Etchoropo, Mexico",Mexico,Americas,green,6.6
"4 km W of Manuel Ávila Camacho (Ponte Duro), Mexico",Mexico,Americas,green,6.6
"203 km SW of La Cruz de Loreto, Mexico",Mexico,Americas,green,6.6
"101 km E of Tadine, New Caledonia",New Caledonia,Oceania,green,6.6
"199 km ESE of Tadine, New Caledonia",New Caledonia,Oceania,green,6.6
"74 km E of Tadine, New Caledonia",New Caledonia,Oceania,green,6.6
"Auckland Islands, New Zealand region",New Zealand,Oceania,green,6.6
"Kermadec Islands, New Zealand",New Zealand,Oceania,green,6.6
"15 km N of Belén, Nicaragua",Nicaragua,Americas,green,6.6
"55 km WSW of Masachapa, Nicaragua",Nicaragua,Americas,green,6.6
"22 km ESE of Punta de Burica, Panama",Panama,Americas,green,6.6
"26 km NE of Kandrian, Papua New Guinea",Papua New Guinea,Oceania,green,6.6
"23 km ESE of Aitape, Papua New Guinea",Papua New Guinea,Oceania,green,6.6
"106 km WSW of Sangay, Philippines",Philippines,Asia,green,6.6
"47 km ENE of Hinatuan, Philippines",Philippines,Asia,green,6.6
"171 km SSE of Ust’-Kamchatsk Staryy, Russia",Russia,Europe,green,6.6
"183 km SW of Belaya Gora, Russia",Russia,Europe,green,6.6
"186 km WNW of Malango, Solomon Islands",Solomon Islands,Oceania,green,6.6
"175 km SSE of Lata, Solomon Islands",Solomon Islands,Oceania,green,6.6
"30 km SSW of Lata, Solomon Islands",Solomon Islands,Oceania,green,6.6
"75 km S of Kirakira, Solomon Islands",Solomon Islands,Oceania,green,6.6
"70 km NW of Fangale’ounga, Tonga",Tonga,Oceania,green,6.6
"125 km SE of Neiafu, Tonga",Tonga,Oceania,green,6.6
"136 km W of Neiafu, Tonga",Tonga,Oceania,green,6.6
"239 km SSE of Isangel, Vanuatu",Vanuatu,Oceania,green,6.6
"94 km NW of Sola, Vanuatu",Vanuatu,Oceania,green,6.6
"63 km E of Lakatoro, Vanuatu",Vanuatu,Oceania,green,6.6
"187 km SSE of Mata-Utu, Wallis and Futuna",Wallis and Futuna,Oceania,green,6.6
"40 km SSE of Jurm, Afghanistan",Afghanistan,Asia,green,6.5
"81 km SSW of Atka, Alaska",Alaska,Americas,green,6.5
"99 km SE of Atka, Alaska",Alaska,Americas,green,6.5
"247 km ESE of Attu Station, Alaska",Alaska,Americas,green,6.5
"108 km WSW of Adak, Alaska",Alaska,Americas,green,6.5
"128 km NE of Bathsheba, Barbados",Barbados,Americas,green,6.5
"41 km E of Padilla, Bolivia",Bolivia,Americas,green,6.5
"132 km WSW of Moijabana, Botswana",Botswana,Africa,green,6.5
"107 km SSW of Tarauacá, Brazil",Brazil,Americas,green,6.5
"70 km W of Tarauacá, Brazil",Brazil,Americas,green,6.5
"223 km SW of Port McNeill, Canada",Canada,Americas,green,6.5
"107 km WSW of Vernon, Canada",Canada,Americas,green,6.5
"237 km SW of Port McNeill, Canada",Canada,Americas,green,6.5
"271 km WNW of Port McNeill, Canada",Canada,Americas,green,6.5
"94 km NW of Vallenar, Chile",Chile,Americas,green,6.5
"54 km WNW of Illapel, Chile",Chile,Americas,green,6.5
"45 km WSW of Iquique, Chile",Chile,Americas,green,6.5
"18 km W of Parrita, Costa Rica",Costa Rica,Americas,green,6.5
south of the Fiji Islands,Fiji,Oceania,green,6.5
Fiji region,Fiji,Oceania,green,6.5
Fiji region,Fiji,Oceania,green,6.5
"185 km ENE of Levuka, Fiji",Fiji,Oceania,green,6.5
south of the Fiji Islands,Fiji,Oceania,green,6.5
"91 km S of Néa Anatolí, Greece",Greece,Europe,green,6.5
"171 km NNE of Greenland, Barbados",Greenland,Americas,green,6.5
"78 km SW of Panguna, Papua New Guinea",Guinea,Africa,green,6.5
"89 km ENE of Angoram, Papua New Guinea",Guinea,Africa,green,6.5
"36 km E of Finschhafen, Papua New Guinea",Guinea,Africa,green,6.5
"33 km N of Rabaul, Papua New Guinea",Guinea,Africa,green,6.5
"217 km SSE of Kokopo, Papua New Guinea",Guinea,Africa,green,6.5
"44 km E of Wewak, Papua New Guinea",Guinea,Africa,green,6.5
"47 km NW of Maubara, Timor Leste",Indonesia,Asia,green,6.5
"12 km SSW of Kawalu, Indonesia",Indonesia,Asia,green,6.5
"124 km N of Labuan Bajo, Indonesia",Indonesia,Asia,green,6.5
"123 km WNW of Tobelo, Indonesia",Indonesia,Asia,green,6.5
"Bonin Islands, Japan region",Japan,Asia,green,6.5
"109 km NW of Nago, Japan",Japan,Asia,green,6.5
"Bonin Islands, Japan region",Japan,Asia,green,6.5
"139 km ESE of Namie, Japan",Japan,Asia,green,6.5
"Izu Islands, Japan region",Japan,Asia,green,6.5
"171 km E of Tadine, New Caledonia",New Caledonia,Oceania,green,6.5
"Kermadec Islands, New Zealand",New Zealand,Oceania,green,6.5
"Kermadec Islands, New Zealand",New Zealand,Oceania,green,6.5
"Kermadec Islands, New Zealand",New Zealand,Oceania,green,6.5
"80 km SW of Jiquilillo, Nicaragua",Nicaragua,Americas,green,6.5
"44 km W of Masachapa, Nicaragua",Nicaragua,Americas,green,6.5
"110 km SE of Punta de Burica, Panama",Panama,Americas,green,6.5
"45 km NE of Puerto Obaldía, Panama",Panama,Americas,green,6.5
"236 km S of Punta de Burica, Panama",Panama,Americas,green,6.5
"111 km ESE of Kimbe, Papua New Guinea",Papua New Guinea,Oceania,green,6.5
"67 km WSW of Angoram, Papua New Guinea",Papua New Guinea,Oceania,green,6.5
"49 km NW of Barranca, Peru",Peru,Americas,green,6.5
"2 km ENE of Bulatukan, Philippines",Philippines,Asia,green,6.5
"227 km SE of Sarangani, Philippines",Philippines,Asia,green,6.5
"154 km S of Severo-Kuril’sk, Russia",Russia,Europe,green,6.5
"151 km E of Dolinsk, Russia",Russia,Europe,green,6.5
"87 km SE of Ozernovskiy, Russia",Russia,Europe,green,6.5
"115 km SE of Kuril’sk, Russia",Russia,Europe,green,6.5
"65 km W of Kirakira, Solomon Islands",Solomon Islands,Oceania,green,6.5
"79 km WSW of Kirakira, Solomon Islands",Solomon Islands,Oceania,green,6.5
"66 km NW of Kirakira, Solomon Islands",Solomon Islands,Oceania,green,6.5
"177 km SE of Gizo, Solomon Islands",Solomon Islands,Oceania,green,6.5
"96 km SE of Lugu, Taiwan",Taiwan,Asia,green,6.5
"96 km ENE of Hihifo, Tonga",Tonga,Oceania,green,6.5
"207 km WSW of Haveluloto, Tonga",Tonga,Oceania,green,6.5
"225 km WNW of Pangai, Tonga",Tonga,Oceania,green,6.5
"Monte Cristo Range, NV Earthquake",United States of America,Americas,green,6.5
"Stanley, Idaho",United States of America,Americas,green,6.5
"83 km WSW of Port-Olry, Vanuatu",Vanuatu,Oceania,green,6.5
"32 km W of Sola, Vanuatu",Vanuatu,Oceania,green,6.5
"78 km E of Lakatoro, Vanuatu",Vanuatu,Oceania,green,6.5
"35 km W of Sola, Vanuatu",Vanuatu,Oceania,green,6.5
"32 km E of Port-Olry, Vanuatu",Vanuatu,Oceania,green,6.5
"265 km SSE of Alo, Wallis and Futuna",Wallis and Futuna,Oceania,green,6.5
"181 km SSW of Alo, Wallis and Futuna",Wallis and Futuna,Oceania,green,6.5
"45 km SSW of Jurm, Afghanistan",Afghanistan,Asia,green,6.4
"46 km ESE of Nikolski, Alaska",Alaska,Americas,green,6.4
"Rat Islands, Aleutian Islands, Alaska",Alaska,Americas,green,6.4
"78 km NNW of Adak, Alaska",Alaska,Americas,green,6.4
"52 km NW of San Antonio de los Cobres, Argentina",Argentina,Americas,green,6.4
"7 km NNW of Pocito, Argentina",Argentina,Americas,green,6.4
"289 km SSE of Ushuaia, Argentina",Argentina,Americas,green,6.4
"86 km WSW of El Aguilar, Argentina",Argentina,Americas,green,6.4
"Santiago del Estero, Argentina",Argentina,Americas,green,6.4
"209 km WSW of Tofino, Canada",Canada,Americas,green,6.4
"79 km WNW of Iquique, Chile",Chile,Americas,green,6.4
"70 km SW of Ovalle, Chile",Chile,Americas,green,6.4
"54 km W of Illapel, Chile",Chile,Americas,green,6.4
"Off the coast of Aisen, Chile",Chile,Americas,green,6.4
"Off the coast of Aisen, Chile",Chile,Americas,green,6.4
"56 km ESE of Molina, Chile",Chile,Americas,green,6.4
"74 km WNW of Talcahuano, Chile",Chile,Americas,green,6.4
"72 km W of Coquimbo, Chile",Chile,Americas,green,6.4
"73 km W of Talcahuano, Chile",Chile,Americas,green,6.4
"79 km SW of Iquique, Chile",Chile,Americas,green,6.4
"156 km NNE of Shi Yomi, India",China,Asia,green,6.4
south of the Fiji Islands,Fiji,Oceania,green,6.4
"284 km ESE of Labasa, Fiji",Fiji,Oceania,green,6.4
"195 km E of Levuka, Fiji",Fiji,Oceania,green,6.4
"8 km SE of Canillá, Guatemala",Guatemala,Americas,green,6.4
"88 km WSW of Panguna, Papua New Guinea",Guinea,Africa,green,6.4
"133 km SE of Lorengau, Papua New Guinea",Guinea,Africa,green,6.4
"115 km ESE of Kokopo, Papua New Guinea",Guinea,Africa,green,6.4
"95 km N of Rabaul, Papua New Guinea",Guinea,Africa,green,6.4
"155 km ESE of Kokopo, Papua New Guinea",Guinea,Africa,green,6.4
"264 km WNW of Sabang, Indonesia",Indonesia,Asia,green,6.4
"232 km NNW of Sabang, Indonesia",Indonesia,Asia,green,6.4
"150 km NW of Tobelo, Indonesia",Indonesia,Asia,green,6.4
"71 km W of Bengkulu, Indonesia",Indonesia,Asia,green,6.4
"133 km NNE of Tobelo, Indonesia",Indonesia,Asia,green,6.4
"Izu Islands, Japan region",Japan,Asia,green,6.4
"75 km WSW of Yonakuni, Japan",Japan,Asia,green,6.4
"92 km E of Kyzyl-Eshme, Kyrgyzstan",Kyrgyzstan,Asia,green,6.4
"Kermadec Islands, New Zealand",New Zealand,Oceania,green,6.4
"Kermadec Islands, New Zealand",New Zealand,Oceania,green,6.4
"Kermadec Islands, New Zealand",New Zealand,Oceania,green,6.4
"Maug Islands region, Northern Mariana Islands",Northern Mariana Islands,Oceania,green,6.4
"211 km NNE of Saipan, Northern Mariana Islands",Northern Mariana Islands,Oceania,green,6.4
"56 km S of Panguna, Papua New Guinea",Papua New Guinea,Oceania,green,6.4
"22 km S of Atico, Peru",Peru,Americas,green,6.4
"186 km NW of Iñapari, Peru",Peru,Americas,green,6.4
"17 km ESE of Tutubigan, Philippines",Philippines,Asia,green,6.4
"11 km SW of Polloc, Philippines",Philippines,Asia,green,6.4
"47 km NE of Barcelona, Philippines",Philippines,Asia,green,6.4
"65 km E of Sarangani, Philippines",Philippines,Asia,green,6.4
"11 km E of Dolores, Philippines",Philippines,Asia,green,6.4
"75 km WNW of Cabra, Philippines",Philippines,Asia,green,6.4
"216 km S of Ust’-Kamchatsk Staryy, Russia",Russia,Europe,green,6.4
"88 km SSE of Sovetskaya Gavan’, Russia",Russia,Europe,green,6.4
"21 km WNW of Esso, Russia",Russia,Europe,green,6.4
"Chukotskiy Avtonomnyy Okrug, Russia",Russia,Europe,green,6.4
"94 km SE of Ozernovskiy, Russia",Russia,Europe,green,6.4
"172 km S of Ust’-Kamchatsk Staryy, Russia",Russia,Europe,green,6.4
"108 km E of Ust’-Kamchatsk Staryy, Russia",Russia,Europe,green,6.4
"213 km ESE of Kirakira, Solomon Islands",Solomon Islands,Oceania,green,6.4
"81 km WNW of Kirakira, Solomon Islands",Solomon Islands,Oceania,green,6.4
"63 km SW of Lata, Solomon Islands",Solomon Islands,Oceania,green,6.4
"148 km WSW of Buala, Solomon Islands",Solomon Islands,Oceania,green,6.4
Taiwan region,Taiwan,Asia,green,6.4
"15 km NNE of Hualien City, Taiwan",Taiwan,Asia,green,6.4
"18 km NNE of Hualien City, Taiwan",Taiwan,Asia,green,6.4
"142 km W of Neiafu, Tonga",Tonga,Oceania,green,6.4
"110 km NE of Hihifo, Tonga",Tonga,Oceania,green,6.4
"39 km NE of Pangai, Tonga",Tonga,Oceania,green,6.4
"118 km WNW of Neiafu, Tonga",Tonga,Oceania,green,6.4
"140 km WNW of Neiafu, Tonga",Tonga,Oceania,green,6.4
"91 km SW of Pangai, Tonga",Tonga,Oceania,green,6.4
"148 km NW of Fangale’ounga, Tonga",Tonga,Oceania,green,6.4
"89 km SW of Kaktovik, Alaska",United States of America,Americas,green,6.4
"52 km ENE of Pedro Bay, Alaska",United States of America,Americas,green,6.4
Vanuatu,Vanuatu,Oceania,green,6.4
"96 km ENE of Port-Olry, Vanuatu",Vanuatu,Oceania,green,6.4
"85 km NNW of Isangel, Vanuatu",Vanuatu,Oceania,green,6.4
"72 km NNW of Isangel, Vanuatu",Vanuatu,Oceania,green,6.4
"89 km NW of Port-Olry, Vanuatu",Vanuatu,Oceania,green,6.4
"61 km NNE of Isangel, Vanuatu",Vanuatu,Oceania,green,6.4
"69 km E of Lakatoro, Vanuatu",Vanuatu,Oceania,green,6.4
Vanuatu region,Vanuatu,Oceania,green,6.4
"193 km SSE of Mata-Utu, Wallis and Futuna",Wallis and Futuna,Oceania,green,6.4
"42 km WSW of Ashk?sham, Afghanistan",Afghanistan,Asia,green,6.3
"104 km SSW of Adak, Alaska",Alaska,Americas,green,6.3
"72 km SSE of Atka, Alaska",Alaska,Americas,green,6.3
"97 km SW of Adak, Alaska",Alaska,Americas,green,6.3
"95 km SE of Adak, Alaska",Alaska,Americas,green,6.3
"108 km SSW of Adak, Alaska",Alaska,Americas,green,6.3
"248 km ESE of Attu Station, Alaska",Alaska,Americas,green,6.3
"Rat Islands, Aleutian Islands, Alaska",Alaska,Americas,green,6.3
"Rat Islands, Aleutian Islands, Alaska",Alaska,Americas,green,6.3
"63 km W of Villa General Roca, Argentina",Argentina,Americas,green,6.3
"71 km W of San Antonio de los Cobres, Argentina",Argentina,Americas,green,6.3
"203 km W of Port McNeill, Canada",Canada,Americas,green,6.3
"62 km SE of San Pedro de Atacama, Chile",Chile,Americas,green,6.3
"105 km WSW of Constitución, Chile",Chile,Americas,green,6.3
"78 km NW of Vallenar, Chile",Chile,Americas,green,6.3
West Chile Rise,Chile,Americas,green,6.3
"58 km E of Arica, Chile",Chile,Americas,green,6.3
"38 km SSW of Coquimbo, Chile",Chile,Americas,green,6.3
"37 km W of Ovalle, Chile",Chile,Americas,green,6.3
"26 km SSW of Ovalle, Chile",Chile,Americas,green,6.3
"40 km NW of Ovalle, Chile",Chile,Americas,green,6.3
"93 km NW of Iquique, Chile",Chile,Americas,green,6.3
"100 km ESE of Arica, Chile",Chile,Americas,green,6.3
"21 km SE of Curicó, Chile",Chile,Americas,green,6.3
"70 km SW of Iquique, Chile",Chile,Americas,green,6.3
"239 km WNW of Cochrane, Chile",Chile,Americas,green,6.3
"102 km NNW of Xinyuan, China",China,Asia,green,6.3
"33 km NNW of Rosa Zarate, Ecuador",Ecuador,Americas,green,6.3
"State of Yap, Federated States of Micronesia",Federated States of Micronesia,Oceania,green,6.3
south of the Fiji Islands,Fiji,Oceania,green,6.3
south of the Fiji Islands,Fiji,Oceania,green,6.3
south of the Fiji Islands,Fiji,Oceania,green,6.3
south of the Fiji Islands,Fiji,Oceania,green,6.3
Fiji region,Fiji,Oceania,green,6.3
south of the Fiji Islands,Fiji,Oceania,green,6.3
"110 km NE of Lorengau, Papua New Guinea",Guinea,Africa,green,6.3
"143 km N of Kimbe, Papua New Guinea",Guinea,Africa,green,6.3
"168 km SW of Lorengau, Papua New Guinea",Guinea,Africa,green,6.3
"178 km SW of Lorengau, Papua New Guinea",Guinea,Africa,green,6.3
"113 km SSE of Kavieng, Papua New Guinea",Guinea,Africa,green,6.3
"118 km E of Madang, Papua New Guinea",Guinea,Africa,green,6.3
"91 km NNW of Rabaul, Papua New Guinea",Guinea,Africa,green,6.3
"178 km WNW of Panguna, Papua New Guinea",Guinea,Africa,green,6.3
"189 km SW of Lorengau, Papua New Guinea",Guinea,Africa,green,6.3
"188 km N of Madang, Papua New Guinea",Guinea,Africa,green,6.3
"109 km W of Gorontalo, Indonesia",Indonesia,Asia,green,6.3
"125 km WNW of Ternate, Indonesia",Indonesia,Asia,green,6.3
"160 km WSW of Waingapu, Indonesia",Indonesia,Asia,green,6.3
"156 km WNW of Tobelo, Indonesia",Indonesia,Asia,green,6.3
"14 km S of Sinabang, Indonesia",Indonesia,Asia,green,6.3
"172 km N of Tobelo, Indonesia",Indonesia,Asia,green,6.3
"244 km W of Abepura, Indonesia",Indonesia,Asia,green,6.3
"193 km NE of Maumere, Indonesia",Indonesia,Asia,green,6.3
"146 km WSW of Abepura, Indonesia",Indonesia,Asia,green,6.3
"161 km NW of Ternate, Indonesia",Indonesia,Asia,green,6.3
"219 km SSW of Bengkulu, Indonesia",Indonesia,Asia,green,6.3
"99 km WNW of Luwuk, Indonesia",Indonesia,Asia,green,6.3
"195 km WNW of Abepura, Indonesia",Indonesia,Asia,green,6.3
"76 km SW of Pariaman, Indonesia",Indonesia,Asia,green,6.3
"94 km W of Waingapu, Indonesia",Indonesia,Asia,green,6.3
"19 km NNW of Labuan Lombok, Indonesia",Indonesia,Asia,green,6.3
"16 km SSE of Nishinoomote, Japan",Japan,Asia,green,6.3
"Volcano Islands, Japan region",Japan,Asia,green,6.3
"61 km ENE of Namie, Japan",Japan,Asia,green,6.3
"100 km ENE of Hachinohe, Japan",Japan,Asia,green,6.3
"99 km ENE of Misawa, Japan",Japan,Asia,green,6.3
"31 km SE of ?funato, Japan",Japan,Asia,green,6.3
"32 km SSW of Hikari, Japan",Japan,Asia,green,6.3
"191 km N of Hirara, Japan",Japan,Asia,green,6.3
"Izu Islands, Japan region",Japan,Asia,green,6.3
"Bonin Islands, Japan region",Japan,Asia,green,6.3
"138 km ESE of Shing?, Japan",Japan,Asia,green,6.3
"27 km SSE of Saiki, Japan",Japan,Asia,green,6.3
"Volcano Islands, Japan region",Japan,Asia,green,6.3
Mauritius - Reunion region,Mauritius,Africa,green,6.3
"Offshore Chiapas, Mexico",Mexico,Americas,green,6.3
"106 km SSW of Barra de Navidad, Mexico",Mexico,Americas,green,6.3
"2 km SE of Santa Teresa, Mexico",Mexico,Americas,green,6.3
"79 km NNE of Loreto, Mexico",Mexico,Americas,green,6.3
"125 km SW of Puerto Madero, Mexico",Mexico,Americas,green,6.3
"49 km NNE of Al Hoceïma, Morocco",Morocco,Africa,green,6.3
"42 km SSE of Kod?ri??, Nepal",Nepal,Asia,green,6.3
"171 km ESE of Tadine, New Caledonia",New Caledonia,Oceania,green,6.3
"82 km E of Tadine, New Caledonia",New Caledonia,Oceania,green,6.3
"160 km ESE of Tadine, New Caledonia",New Caledonia,Oceania,green,6.3
"196 km E of Tadine, New Caledonia",New Caledonia,Oceania,green,6.3
"164 km E of Tadine, New Caledonia",New Caledonia,Oceania,green,6.3
"Kermadec Islands, New Zealand",New Zealand,Oceania,green,6.3
"183 km NE of Gisborne, New Zealand",New Zealand,Oceania,green,6.3
"Auckland Islands, New Zealand region",New Zealand,Oceania,green,6.3
"62 km S of Masachapa, Nicaragua",Nicaragua,Americas,green,6.3
"21 km ENE of S?ngjibaegam, North Korea",North Korea,Asia,green,6.3
"266 km NE of Saipan, Northern Mariana Islands",Northern Mariana Islands,Oceania,green,6.3
"22 km WSW of Pasni, Pakistan",Pakistan,Asia,green,6.3
"73 km S of Boca Chica, Panama",Panama,Americas,green,6.3
"31 km NW of Kandrian, Papua New Guinea",Papua New Guinea,Oceania,green,6.3
"30 km NNE of Kandrian, Papua New Guinea",Papua New Guinea,Oceania,green,6.3
"26 km NNW of Kandrian, Papua New Guinea",Papua New Guinea,Oceania,green,6.3
"59 km SW of Mendi, Papua New Guinea",Papua New Guinea,Oceania,green,6.3
"45 km W of Tari, Papua New Guinea",Papua New Guinea,Oceania,green,6.3
"40 km ENE of Kainantu, Papua New Guinea",Papua New Guinea,Oceania,green,6.3
"150 km E of Kimbe, Papua New Guinea",Papua New Guinea,Oceania,green,6.3
"16 km W of Sechura, Peru",Peru,Americas,green,6.3
"17 km E of Talagutong, Philippines",Philippines,Asia,green,6.3
"2 km ESE of Calatagan, Philippines",Philippines,Asia,green,6.3
"44 km E of Barcelona, Philippines",Philippines,Asia,green,6.3
"51 km WSW of Alim, Philippines",Philippines,Asia,green,6.3
"63 km ENE of Barcelona, Philippines",Philippines,Asia,green,6.3
"78 km SSE of Pondaguitan, Philippines",Philippines,Asia,green,6.3
"36 km SE of Tamisan, Philippines",Philippines,Asia,green,6.3
"101 km E of Shikotan, Russia",Russia,Europe,green,6.3
"264 km NW of Ozernovskiy, Russia",Russia,Europe,green,6.3
"Komandorskiye Ostrova, Russia region",Russia,Europe,green,6.3
"13 km NNW of Zarubino, Russia",Russia,Europe,green,6.3
"100 km E of Ust’-Kamchatsk Staryy, Russia",Russia,Europe,green,6.3
"94 km SE of Petropavlovsk-Kamchatsky, Russia",Russia,Europe,green,6.3
"108 km SSE of Lata, Solomon Islands",Solomon Islands,Oceania,green,6.3
"49 km WSW of Lata, Solomon Islands",Solomon Islands,Oceania,green,6.3
"102 km WNW of Kirakira, Solomon Islands",Solomon Islands,Oceania,green,6.3
"104 km WNW of Kirakira, Solomon Islands",Solomon Islands,Oceania,green,6.3
"46 km SSW of Hualien City, Taiwan",Taiwan,Asia,green,6.3
"129 km NW of Neiafu, Tonga",Tonga,Oceania,green,6.3
"106 km NE of Hihifo, Tonga",Tonga,Oceania,green,6.3
"85 km NW of Nuku‘alofa, Tonga",Tonga,Oceania,green,6.3
"49 km NNE of Port-Olry, Vanuatu",Vanuatu,Oceania,green,6.3
"53 km E of Luganville, Vanuatu",Vanuatu,Oceania,green,6.3
"63 km WSW of Norsup, Vanuatu",Vanuatu,Oceania,green,6.3
"262 km ESE of Sola, Vanuatu",Vanuatu,Oceania,green,6.3
"39 km SW of Port-Vila, Vanuatu",Vanuatu,Oceania,green,6.3
"83 km NW of Port-Vila, Vanuatu",Vanuatu,Oceania,green,6.3
"84 km SSW of Isangel, Vanuatu",Vanuatu,Oceania,green,6.3
"36 km NW of Ishqoshim, Tajikistan",Afghanistan,Asia,green,6.2
"37 km S of Jurm, Afghanistan",Afghanistan,Asia,green,6.2
"71 km S of Unalaska, Alaska",Alaska,Americas,green,6.2
"84 km W of Adak, Alaska",Alaska,Americas,green,6.2
"135 km W of Adak, Alaska",Alaska,Americas,green,6.2
"88 km SSE of Adak, Alaska",Alaska,Americas,green,6.2
"63 km W of Attu Station, Alaska",Alaska,Americas,green,6.2
"49 km WSW of La Quiaca, Argentina",Argentina,Americas,green,6.2
"Santiago del Estero, Argentina",Argentina,Americas,green,6.2
"56 km NW of San Antonio de los Cobres, Argentina",Argentina,Americas,green,6.2
"17 km NNW of El Hoyo, Argentina",Argentina,Americas,green,6.2
"86 km NW of San Antonio de los Cobres, Argentina",Argentina,Americas,green,6.2
"282 km WNW of Port McNeill, Canada",Canada,Americas,green,6.2
"250 km WNW of Port McNeill, Canada",Canada,Americas,green,6.2
"115 km NE of Iquique, Chile",Chile,Americas,green,6.2
"71 km SW of Iquique, Chile",Chile,Americas,green,6.2
"92 km NW of Valparaíso, Chile",Chile,Americas,green,6.2
"107 km WNW of Coquimbo, Chile",Chile,Americas,green,6.2
"82 km NNE of Tocopilla, Chile",Chile,Americas,green,6.2
"90 km WNW of Iquique, Chile",Chile,Americas,green,6.2
"Antofagasta, Chile",Chile,Americas,green,6.2
"75 km NW of Tomé, Chile",Chile,Americas,green,6.2
West Chile Rise,Chile,Americas,green,6.2
"89 km W of Constitución, Chile",Chile,Americas,green,6.2
"79 km W of La Ligua, Chile",Chile,Americas,green,6.2
"56 km SW of Ovalle, Chile",Chile,Americas,green,6.2
"65 km N of Taltal, Chile",Chile,Americas,green,6.2
"2 km NNW of Cepitá, Colombia",Colombia,Americas,green,6.2
"40 km WNW of Tamarindo, Costa Rica",Costa Rica,Americas,green,6.2
"8 km SE of Alausí, Ecuador",Ecuador,Americas,green,6.2
"21 km W of Muisne, Ecuador",Ecuador,Americas,green,6.2
"31 km N of Santa Elena, Ecuador",Ecuador,Americas,green,6.2
"56 km SSE of La Libertad, El Salvador",El Salvador,Americas,green,6.2
"78 km SSW of Acajutla, El Salvador",El Salvador,Americas,green,6.2
"85 km W of Labasa, Fiji",Fiji,Oceania,green,6.2
Fiji region,Fiji,Oceania,green,6.2
"221 km E of Levuka, Fiji",Fiji,Oceania,green,6.2
Fiji region,Fiji,Oceania,green,6.2
"68 km S of Pýrgos, Greece",Greece,Europe,green,6.2
"3 km NW of Fraijanes, Guatemala",Guatemala,Americas,green,6.2
"6 km E of Jalapa, Guatemala",Guatemala,Americas,green,6.2
"59 km NNE of Angoram, Papua New Guinea",Guinea,Africa,green,6.2
"119 km NE of Angoram, Papua New Guinea",Guinea,Africa,green,6.2
"164 km SW of Lorengau, Papua New Guinea",Guinea,Africa,green,6.2
"40 km ENE of Rabaul, Papua New Guinea",Guinea,Africa,green,6.2
"116 km SE of Kieta, Papua New Guinea",Guinea,Africa,green,6.2
"95 km S of Panguna, Papua New Guinea",Guinea,Africa,green,6.2
"192 km SE of Kokopo, Papua New Guinea",Guinea,Africa,green,6.2
"92 km SE of Kupang, Indonesia",Indonesia,Asia,green,6.2
"37 km SSW of Meulaboh, Indonesia",Indonesia,Asia,green,6.2
"172 km S of Tondano, Indonesia",Indonesia,Asia,green,6.2
"Papua, Indonesia",Indonesia,Asia,green,6.2
"132 km WSW of Ternate, Indonesia",Indonesia,Asia,green,6.2
"249 km S of Nusa Dua, Indonesia",Indonesia,Asia,green,6.2
"136 km NW of Ternate, Indonesia",Indonesia,Asia,green,6.2
"32 km S of Mamuju, Indonesia",Indonesia,Asia,green,6.2
"119 km S of Pagar Alam, Indonesia",Indonesia,Asia,green,6.2
"260 km ESE of Biak, Indonesia",Indonesia,Asia,green,6.2
"113 km NNE of Bangkalan, Indonesia",Indonesia,Asia,green,6.2
"173 km WSW of Pariaman, Indonesia",Indonesia,Asia,green,6.2
"Bonin Islands, Japan region",Japan,Asia,green,6.2
"74 km NW of Rumoi, Japan",Japan,Asia,green,6.2
"70 km SW of Yonakuni, Japan",Japan,Asia,green,6.2
"Bonin Islands, Japan region",Japan,Asia,green,6.2
"Volcano Islands, Japan region",Japan,Asia,green,6.2
"43 km ESE of Miyazaki, Japan",Japan,Asia,green,6.2
"142 km ESE of Katsuura, Japan",Japan,Asia,green,6.2
"8 km SW of Anamizu, Japan",Japan,Asia,green,6.2
"Izu Islands, Japan region",Japan,Asia,green,6.2
"259 km ESE of Ishinomaki, Japan",Japan,Asia,green,6.2
"20 km WSW of Biratori, Japan",Japan,Asia,green,6.2
"43 km WNW of Sainyabuli, Laos",Laos,Asia,green,6.2
"217 km SW of La Cruz de Loreto, Mexico",Mexico,Americas,green,6.2
"207 km WSW of José María Morelos, Mexico",Mexico,Americas,green,6.2
"18 km SE of Aquila, Mexico",Mexico,Americas,green,6.2
"250 km WSW of La Cruz de Loreto, Mexico",Mexico,Americas,green,6.2
"28 km SW of Las Brisas, Mexico",Mexico,Americas,green,6.2
"Kermadec Islands, New Zealand",New Zealand,Oceania,green,6.2
"213 km WSW of Riverton, New Zealand",New Zealand,Oceania,green,6.2
"Kermadec Islands, New Zealand",New Zealand,Oceania,green,6.2
"285 km SW of Bluff, New Zealand",New Zealand,Oceania,green,6.2
"33 km SW of Jiquilillo, Nicaragua",Nicaragua,Americas,green,6.2
"Pagan region, Northern Mariana Islands",Northern Mariana Islands,Oceania,green,6.2
"137 km ENE of Saipan, Northern Mariana Islands",Northern Mariana Islands,Oceania,green,6.2
"241 km SE of Tobi Village, Palau",Palau,Oceania,green,6.2
"124 km SSE of Burica, Panama",Panama,Americas,green,6.2
"206 km S of Burica, Panama",Panama,Americas,green,6.2
"33 km ENE of Kandrian, Papua New Guinea",Papua New Guinea,Oceania,green,6.2
"96 km ESE of Angoram, Papua New Guinea",Papua New Guinea,Oceania,green,6.2
"108 km E of Kimbe, Papua New Guinea",Papua New Guinea,Oceania,green,6.2
"91 km SW of Kokopo, Papua New Guinea",Papua New Guinea,Oceania,green,6.2
"141 km SSW of Kokopo, Papua New Guinea",Papua New Guinea,Oceania,green,6.2
"22 km SW of Vilavila, Peru",Peru,Americas,green,6.2
"96 km WSW of Paita, Peru",Peru,Americas,green,6.2
"11 km E of Iray, Peru",Peru,Americas,green,6.2
"69 km N of Namuac, Philippines",Philippines,Asia,green,6.2
"271 km SE of Pondaguitan, Philippines",Philippines,Asia,green,6.2
"124 km E of Gigmoto, Philippines",Philippines,Asia,green,6.2
"1 km SE of Tuy, Philippines",Philippines,Asia,green,6.2
"86 km SSE of Pondaguitan, Philippines",Philippines,Asia,green,6.2
"Mindoro, Philippines",Philippines,Asia,green,6.2
"7 km WNW of Manay, Philippines",Philippines,Asia,green,6.2
"202 km S of Severo-Kuril’sk, Russia",Russia,Europe,green,6.2
"126 km SE of Vilyuchinsk, Russia",Russia,Europe,green,6.2
"96 km SE of Kuril’sk, Russia",Russia,Europe,green,6.2
"146 km SSW of Severo-Kuril’sk, Russia",Russia,Europe,green,6.2
"259 km ESE of Ust’-Kamchatsk Staryy, Russia",Russia,Europe,green,6.2
"266 km ESE of Ozernovskiy, Russia",Russia,Europe,green,6.2
"161 km SSE of Lata, Solomon Islands",Solomon Islands,Oceania,green,6.2
"136 km E of Kirakira, Solomon Islands",Solomon Islands,Oceania,green,6.2
"144 km NNE of Buala, Solomon Islands",Solomon Islands,Oceania,green,6.2
Solomon Islands,Solomon Islands,Oceania,green,6.2
"18 km WNW of Auki, Solomon Islands",Solomon Islands,Oceania,green,6.2
"26 km SE of Puli, Taiwan",Taiwan,Asia,green,6.2
Taiwan region,Taiwan,Asia,green,6.2
"66 km E of Hualien City, Taiwan",Taiwan,Asia,green,6.2
"28 km SSE of Yilan, Taiwan",Taiwan,Asia,green,6.2
"254 km SSW of ‘Ohonua, Tonga",Tonga,Oceania,green,6.2
"174 km NW of Fangale’ounga, Tonga",Tonga,Oceania,green,6.2
"152 km ESE of Neiafu, Tonga",Tonga,Oceania,green,6.2
"147 km W of Neiafu, Tonga",Tonga,Oceania,green,6.2
south of Tonga,Tonga,Oceania,green,6.2
"72 km SSE of Pangai, Tonga",Tonga,Oceania,green,6.2
"83 km NNE of Hihifo, Tonga",Tonga,Oceania,green,6.2
"220 km WNW of Pangai, Tonga",Tonga,Oceania,green,6.2
"71 km WNW of Hihifo, Tonga",Tonga,Oceania,green,6.2
"22 km WSW of Skwentna, Alaska",United States of America,Americas,green,6.2
"42 km E of Port Heiden, Alaska",United States of America,Americas,green,6.2
"98 km NNW of Isangel, Vanuatu",Vanuatu,Oceania,green,6.2
"59 km WNW of Sola, Vanuatu",Vanuatu,Oceania,green,6.2
"51 km WNW of Port-Vila, Vanuatu",Vanuatu,Oceania,green,6.2
"104 km NW of Port-Vila, Vanuatu",Vanuatu,Oceania,green,6.2
"82 km W of Port-Vila, Vanuatu",Vanuatu,Oceania,green,6.2
"10 km ENE of Port-Vila, Vanuatu",Vanuatu,Oceania,green,6.2
"72 km NNE of Port-Vila, Vanuatu",Vanuatu,Oceania,green,6.2
"85 km WNW of Sola, Vanuatu",Vanuatu,Oceania,green,6.2
"136 km S of Port-Vila, Vanuatu",Vanuatu,Oceania,green,6.2
"49 km SW of Jurm, Afghanistan",Afghanistan,Asia,green,6.1
"75 km SW of Sand Point, Alaska",Alaska,Americas,green,6.1
"230 km WSW of Adak, Alaska",Alaska,Americas,green,6.1
"116 km SE of Adak, Alaska",Alaska,Americas,green,6.1
"210 km WNW of Nikolski, Alaska",Alaska,Americas,green,6.1
"240 km WSW of Adak, Alaska",Alaska,Americas,green,6.1
"126 km SSW of Adak, Alaska",Alaska,Americas,green,6.1
"77 km SSW of Atka, Alaska",Alaska,Americas,green,6.1
"101 km ESE of Sand Point, Alaska",Alaska,Americas,green,6.1
"32 km E of Suncho Corral, Argentina",Argentina,Americas,green,6.1
"32 km NW of San Antonio de los Cobres, Argentina",Argentina,Americas,green,6.1
"14 km WNW of Charagua, Bolivia",Bolivia,Americas,green,6.1
"243 km WNW of Port McNeill, Canada",Canada,Americas,green,6.1
West Chile Rise,Chile,Americas,green,6.1
"79 km WNW of Coquimbo, Chile",Chile,Americas,green,6.1
"54 km WNW of Diego de Almagro, Chile",Chile,Americas,green,6.1
"115 km E of Iquique, Chile",Chile,Americas,green,6.1
"100 km NW of Constitución, Chile",Chile,Americas,green,6.1
"71 km W of Illapel, Chile",Chile,Americas,green,6.1
"22 km NW of Tocopilla, Chile",Chile,Americas,green,6.1
"54 km W of Illapel, Chile",Chile,Americas,green,6.1
"55 km WSW of Illapel, Chile",Chile,Americas,green,6.1
"84 km NNW of Calama, Chile",Chile,Americas,green,6.1
"295 km WSW of Hanga Roa, Chile",Chile,Americas,green,6.1
"156 km WNW of Ancud, Chile",Chile,Americas,green,6.1
"3 km WSW of Versalles, Colombia",Colombia,Americas,green,6.1
"19 km NNW of Golfito, Costa Rica",Costa Rica,Americas,green,6.1
"18 km NE of Bahía de Caráquez, Ecuador",Ecuador,Americas,green,6.1
"56 km SSW of La Libertad, El Salvador",El Salvador,Americas,green,6.1
"85 km SW of Acajutla, El Salvador",El Salvador,Americas,green,6.1
"State of Yap, Federated States of Micronesia",Federated States of Micronesia,Oceania,green,6.1
south of the Fiji Islands,Fiji,Oceania,green,6.1
"253 km WNW of Lautoka, Fiji",Fiji,Oceania,green,6.1
Fiji region,Fiji,Oceania,green,6.1
south of the Fiji Islands,Fiji,Oceania,green,6.1
south of the Fiji Islands,Fiji,Oceania,green,6.1
Fiji region,Fiji,Oceania,green,6.1
south of the Fiji Islands,Fiji,Oceania,green,6.1
south of the Fiji Islands,Fiji,Oceania,green,6.1
Fiji region,Fiji,Oceania,green,6.1
south of the Fiji Islands,Fiji,Oceania,green,6.1
Fiji region,Fiji,Oceania,green,6.1
South Georgia Island region,Georgia,Asia,green,6.1
"110 km SSW of Champerico, Guatemala",Guatemala,Americas,green,6.1
"15 km W of Taxisco, Guatemala",Guatemala,Americas,green,6.1
"61 km SSW of Nueva Concepción, Guatemala",Guatemala,Americas,green,6.1
"176 km ENE of Angoram, Papua New Guinea",Guinea,Africa,green,6.1
"126 km WNW of Rabaul, Papua New Guinea",Guinea,Africa,green,6.1
"199 km SE of Lorengau, Papua New Guinea",Guinea,Africa,green,6.1
"74 km WSW of Panguna, Papua New Guinea",Guinea,Africa,green,6.1
"91 km SSW of Panguna, Papua New Guinea",Guinea,Africa,green,6.1
"175 km NE of Madang, Papua New Guinea",Guinea,Africa,green,6.1
"183 km SE of Lorengau, Papua New Guinea",Guinea,Africa,green,6.1
"140 km W of Panguna, Papua New Guinea",Guinea,Africa,green,6.1
"156 km ESE of Kimbe, Papua New Guinea",Guinea,Africa,green,6.1
"110 km NW of Rabaul, Papua New Guinea",Guinea,Africa,green,6.1
"115 km SSE of Panguna, Papua New Guinea",Guinea,Africa,green,6.1
"104 km ESE of Kokopo, Papua New Guinea",Guinea,Africa,green,6.1
"151 km SE of Kokopo, Papua New Guinea",Guinea,Africa,green,6.1
"215 km NNW of Arawa, Papua New Guinea",Guinea,Africa,green,6.1
"100 km WNW of Kandrian, Papua New Guinea",Guinea,Africa,green,6.1
"127 km S of Kokopo, Papua New Guinea",Guinea,Africa,green,6.1
"59 km NNE of Savannah Bight, Honduras",Honduras,Americas,green,6.1
"Nicobar Islands, India region",India,Asia,green,6.1
"111 km S of Banjar, Indonesia",Indonesia,Asia,green,6.1
"53 km SSW of Gorontalo, Indonesia",Indonesia,Asia,green,6.1
"153 km SSW of Abepura, Indonesia",Indonesia,Asia,green,6.1
"40 km SE of Singkil, Indonesia",Indonesia,Asia,green,6.1
"230 km W of Abepura, Indonesia",Indonesia,Asia,green,6.1
"57 km NNW of Palu, Indonesia",Indonesia,Asia,green,6.1
"108 km SE of Gorontalo, Indonesia",Indonesia,Asia,green,6.1
"254 km S of Sinabang, Indonesia",Indonesia,Asia,green,6.1
"260 km ESE of Baubau, Indonesia",Indonesia,Asia,green,6.1
"129 km N of Labuan Bajo, Indonesia",Indonesia,Asia,green,6.1
"39 km S of Kroya, Indonesia",Indonesia,Asia,green,6.1
"157 km W of Pariaman, Indonesia",Indonesia,Asia,green,6.1
"37 km N of Tarakan, Indonesia",Indonesia,Asia,green,6.1
"130 km SSW of Tual, Indonesia",Indonesia,Asia,green,6.1
"70 km NW of Luwuk, Indonesia",Indonesia,Asia,green,6.1
"45 km E of Modisi, Indonesia",Indonesia,Asia,green,6.1
"77 km SW of Padangsidempuan, Indonesia",Indonesia,Asia,green,6.1
"20 km NE of Kupang, Indonesia",Indonesia,Asia,green,6.1
"194 km WNW of Ambon, Indonesia",Indonesia,Asia,green,6.1
"61 km S of Bireun, Indonesia",Indonesia,Asia,green,6.1
"279 km S of Lembar, Indonesia",Indonesia,Asia,green,6.1
"154 km WSW of Fakfak, Indonesia",Indonesia,Asia,green,6.1
"Kepulauan Babar, Indonesia",Indonesia,Asia,green,6.1
"91 km S of Banjar, Indonesia",Indonesia,Asia,green,6.1
"50 km S of Sigli, Indonesia",Indonesia,Asia,green,6.1
"81 km NNE of Lasem, Indonesia",Indonesia,Asia,green,6.1
"215 km NW of Tobelo, Indonesia",Indonesia,Asia,green,6.1
"65 km NNW of Bukittinggi, Indonesia",Indonesia,Asia,green,6.1
"48 km W of Ambon, Indonesia",Indonesia,Asia,green,6.1
"146 km NW of Ternate, Indonesia",Indonesia,Asia,green,6.1
"55 km NNE of Kerman, Iran",Iran,Asia,green,6.1
"Izu Islands, Japan region",Japan,Asia,green,6.1
"24 km ENE of Ishinomaki, Japan",Japan,Asia,green,6.1
"85 km SSE of Toba, Japan",Japan,Asia,green,6.1
"152 km ENE of Hachinohe, Japan",Japan,Asia,green,6.1
"243 km NNW of Nanao, Japan",Japan,Asia,green,6.1
"Izu Islands, Japan region",Japan,Asia,green,6.1
"Izu Islands, Japan region",Japan,Asia,green,6.1
"56 km ENE of Nishinoomote, Japan",Japan,Asia,green,6.1
"78 km E of Mutsu, Japan",Japan,Asia,green,6.1
"Bonin Islands, Japan region",Japan,Asia,green,6.1
"38 km WNW of Hakui, Japan",Japan,Asia,green,6.1
"Volcano Islands, Japan region",Japan,Asia,green,6.1
"169 km NW of Naze, Japan",Japan,Asia,green,6.1
"74 km ENE of Mutsu, Japan",Japan,Asia,green,6.1
"12 km SE of Narutō, Japan",Japan,Asia,green,6.1
"Izu Islands, Japan region",Japan,Asia,green,6.1
"156 km SSE of Koshima, Japan",Japan,Asia,green,6.1
"72 km SW of Yonakuni, Japan",Japan,Asia,green,6.1
"282 km ESE of Kamaishi, Japan",Japan,Asia,green,6.1
"58 km SE of ?funato, Japan",Japan,Asia,green,6.1
"77 km E of Minami-Sōma, Japan",Japan,Asia,green,6.1
"61 km SE of Kegen, Kazakhstan",Kazakhstan,Asia,green,6.1
"96 km SSW of Altata, Mexico",Mexico,Americas,green,6.1
"173 km ESE of La Playa, Mexico",Mexico,Americas,green,6.1
"82 km SSW of Bahía de Kino, Mexico",Mexico,Americas,green,6.1
"290 km E of Vao, New Caledonia",New Caledonia,Oceania,green,6.1
"110 km E of Tadine, New Caledonia",New Caledonia,Oceania,green,6.1
"78 km SSW of Blenheim, New Zealand",New Zealand,Oceania,green,6.1
"62 km E of Waitara, New Zealand",New Zealand,Oceania,green,6.1
"Kermadec Islands, New Zealand",New Zealand,Oceania,green,6.1
"179 km NE of Opotiki, New Zealand",New Zealand,Oceania,green,6.1
"73 km S of Wakefield, New Zealand",New Zealand,Oceania,green,6.1
"Auckland Islands, New Zealand region",New Zealand,Oceania,green,6.1
"Kermadec Islands, New Zealand",New Zealand,Oceania,green,6.1
"Kermadec Islands, New Zealand",New Zealand,Oceania,green,6.1
"Kermadec Islands, New Zealand",New Zealand,Oceania,green,6.1
"194 km NE of Gisborne, New Zealand",New Zealand,Oceania,green,6.1
"16 km SW of Valle San Francisco, Nicaragua",Nicaragua,Americas,green,6.1
near the coast of Nicaragua,Nicaragua,Americas,green,6.1
"Pagan region, Northern Mariana Islands",Northern Mariana Islands,Oceania,green,6.1
"90 km SW of Angaur State, Palau",Palau,Oceania,green,6.1
"154 km SSE of Punta de Burica, Panama",Panama,Americas,green,6.1
"135 km S of Burica, Panama",Panama,Americas,green,6.1
"28 km WSW of Kokopo, Papua New Guinea",Papua New Guinea,Oceania,green,6.1
"110 km WNW of Kandrian, Papua New Guinea",Papua New Guinea,Oceania,green,6.1
"63 km SW of Tari, Papua New Guinea",Papua New Guinea,Oceania,green,6.1
"136 km E of Kimbe, Papua New Guinea",Papua New Guinea,Oceania,green,6.1
"24 km SSW of Paracas, Peru",Peru,Americas,green,6.1
"34 km SW of Atiquipa, Peru",Peru,Americas,green,6.1
"51 km N of Moyobamba, Peru",Peru,Americas,green,6.1
"41 km E of Santiago, Philippines",Philippines,Asia,green,6.1
"25 km S of Sarangani, Philippines",Philippines,Asia,green,6.1
"23 km NW of Santa Monica, Philippines",Philippines,Asia,green,6.1
"64 km NNW of Pandan, Philippines",Philippines,Asia,green,6.1
"41 km NE of Barcelona, Philippines",Philippines,Asia,green,6.1
"1 km S of Lian, Philippines",Philippines,Asia,green,6.1
"167 km SSW of Sarangani, Philippines",Philippines,Asia,green,6.1
"34 km ESE of Pondaguitan, Philippines",Philippines,Asia,green,6.1
"9 km NNE of Miaga, Philippines",Philippines,Asia,green,6.1
"16 km SE of Caburan, Philippines",Philippines,Asia,green,6.1
"27 km SW of Burias, Philippines",Philippines,Asia,green,6.1
"122 km NNW of Siocon, Philippines",Philippines,Asia,green,6.1
"13 km E of Severo-Kuril’sk, Russia",Russia,Europe,green,6.1
"71 km SSW of Ust’-Kamchatsk Staryy, Russia",Russia,Europe,green,6.1
"161 km SE of Ust’-Kamchatsk Staryy, Russia",Russia,Europe,green,6.1
"96 km SE of Severo-Kuril’sk, Russia",Russia,Europe,green,6.1
"134 km SE of Severo-Kuril’sk, Russia",Russia,Europe,green,6.1
"93 km E of Ozernovskiy, Russia",Russia,Europe,green,6.1
"142 km S of Severo-Kuril’sk, Russia",Russia,Europe,green,6.1
"183 km SE of Vilyuchinsk, Russia",Russia,Europe,green,6.1
"78 km SE of Petropavlovsk-Kamchatsky, Russia",Russia,Europe,green,6.1
"128 km SE of Petropavlovsk-Kamchatsky, Russia",Russia,Europe,green,6.1
"123 km SE of Petropavlovsk-Kamchatsky, Russia",Russia,Europe,green,6.1
"Komandorskiye Ostrova, Russia region",Russia,Europe,green,6.1
"215 km ESE of Severo-Kuril’sk, Russia",Russia,Europe,green,6.1
"157 km SSW of Gizo, Solomon Islands",Solomon Islands,Oceania,green,6.1
"83 km SSE of Panguna, Papua New Guinea",Solomon Islands,Oceania,green,6.1
"55 km WNW of Kirakira, Solomon Islands",Solomon Islands,Oceania,green,6.1
"116 km WSW of Lata, Solomon Islands",Solomon Islands,Oceania,green,6.1
"63 km E of Lata, Solomon Islands",Solomon Islands,Oceania,green,6.1
"136 km W of Lata, Solomon Islands",Solomon Islands,Oceania,green,6.1
"183 km W of Lata, Solomon Islands",Solomon Islands,Oceania,green,6.1
"63 km E of Lata, Solomon Islands",Solomon Islands,Oceania,green,6.1
"92 km SE of Lata, Solomon Islands",Solomon Islands,Oceania,green,6.1
"22 km NNE of Hualien City, Taiwan",Taiwan,Asia,green,6.1
"30 km SSE of Hualien City, Taiwan",Taiwan,Asia,green,6.1
"77 km NE of Jiufen, Taiwan",Taiwan,Asia,green,6.1
"29 km S of Hualien City, Taiwan",Taiwan,Asia,green,6.1
"8 km NE of Hualien City, Taiwan",Taiwan,Asia,green,6.1
"27 km E of Yilan, Taiwan",Taiwan,Asia,green,6.1
"32 km SSW of Chiang Rai, Thailand",Thailand,Asia,green,6.1
"105 km NE of Hihifo, Tonga",Tonga,Oceania,green,6.1
"130 km NW of Hihifo, Tonga",Tonga,Oceania,green,6.1
"127 km WNW of Hihifo, Tonga",Tonga,Oceania,green,6.1
"79 km SSE of Pangai, Tonga",Tonga,Oceania,green,6.1
"82 km ENE of ‘Ohonua, Tonga",Tonga,Oceania,green,6.1
"241 km SSW of ‘Ohonua, Tonga",Tonga,Oceania,green,6.1
"156 km NW of Pangai, Tonga",Tonga,Oceania,green,6.1
"141 km ENE of Hihifo, Tonga",Tonga,Oceania,green,6.1
"56 km NE of Kolonga, Tonga",Tonga,Oceania,green,6.1
"103 km SE of Pangai, Tonga",Tonga,Oceania,green,6.1
"46km E of Big Pine, California",United States of America,Americas,green,6.1
"73 km N of Chickaloon, Alaska",United States of America,Americas,green,6.1
"99 km NE of Norsup, Vanuatu",Vanuatu,Oceania,green,6.1
"33 km W of Port-Vila, Vanuatu",Vanuatu,Oceania,green,6.1
"146 km SSE of Isangel, Vanuatu",Vanuatu,Oceania,green,6.1
Vanuatu,Vanuatu,Oceania,green,6.1
"27 km WSW of Port-Vila, Vanuatu",Vanuatu,Oceania,green,6.1
Vanuatu,Vanuatu,Oceania,green,6.1
Vanuatu region,Vanuatu,Oceania,green,6.1
"62 km E of Luganville, Vanuatu",Vanuatu,Oceania,green,6.1
"101 km ENE of Luganville, Vanuatu",Vanuatu,Oceania,green,6.1
"71 km NNW of Isangel, Vanuatu",Vanuatu,Oceania,green,6.1
"50 km E of Lakatoro, Vanuatu",Vanuatu,Oceania,green,6.1
"289 km SE of Isangel, Vanuatu",Vanuatu,Oceania,green,6.1
"58 km ENE of Luganville, Vanuatu",Vanuatu,Oceania,green,6.1
"99 km NW of Sola, Vanuatu",Vanuatu,Oceania,green,6.1
"66 km SSW of Sola, Vanuatu",Vanuatu,Oceania,green,6.1
"157 km ESE of Alo, Wallis and Futuna",Wallis and Futuna,Oceania,green,6.1
"44 km S of Jurm, Afghanistan",Afghanistan,Asia,green,6.0
"169 km SW of Nikolski, Alaska",Alaska,Americas,green,6.0
"82 km SSW of Atka, Alaska",Alaska,Americas,green,6.0
"75 km S of Atka, Alaska",Alaska,Americas,green,6.0
"Rat Islands, Aleutian Islands, Alaska",Alaska,Americas,green,6.0
"87 km SE of King Cove, Alaska",Alaska,Americas,green,6.0
"127 km SW of Adak, Alaska",Alaska,Americas,green,6.0
"168 km SW of Nikolski, Alaska",Alaska,Americas,green,6.0
"104 km SSW of Nikolski, Alaska",Alaska,Americas,green,6.0
"118 km SSW of Atka, Alaska",Alaska,Americas,green,6.0
"Rat Islands, Aleutian Islands, Alaska",Alaska,Americas,green,6.0
"127 km WSW of Adak, Alaska",Alaska,Americas,green,6.0
"40 km WNW of Elfin Cove, Alaska",Alaska,Americas,green,6.0
"126 km ENE of Codrington, Antigua and Barbuda",Antigua and Barbuda,Americas,green,6.0
"16 km WNW of El Hoyo, Argentina",Argentina,Americas,green,6.0
"95 km NNW of Villa General Roca, Argentina",Argentina,Americas,green,6.0
"58 km W of Abra Pampa, Argentina",Argentina,Americas,green,6.0
"61 km WSW of Abra Pampa, Argentina",Argentina,Americas,green,6.0
"116 km WSW of Yulara, Australia",Australia,Oceania,green,6.0
"201 km W of Port McNeill, Canada",Canada,Americas,green,6.0
"90 km NNW of Yakutat, Alaska",Canada,Americas,green,6.0
"189 km W of Port McNeill, Canada",Canada,Americas,green,6.0
"230 km WNW of Port McNeill, Canada",Canada,Americas,green,6.0
"Devon Island, Nunavut, Canada",Canada,Americas,green,6.0
"237 km SW of Port McNeill, Canada",Canada,Americas,green,6.0
"98 km S of Calama, Chile",Chile,Americas,green,6.0
"29 km W of Arica, Chile",Chile,Americas,green,6.0
"22 km NNW of Illapel, Chile",Chile,Americas,green,6.0
"37 km W of Valparaíso, Chile",Chile,Americas,green,6.0
"88 km WSW of San Antonio, Chile",Chile,Americas,green,6.0
"Off the coast of Aisen, Chile",Chile,Americas,green,6.0
West Chile Rise,Chile,Americas,green,6.0
"105 km WSW of Coquimbo, Chile",Chile,Americas,green,6.0
"42 km WNW of Talcahuano, Chile",Chile,Americas,green,6.0
"75 km NNE of Calama, Chile",Chile,Americas,green,6.0
"50 km E of Calama, Chile",Chile,Americas,green,6.0
"72 km WSW of Vallenar, Chile",Chile,Americas,green,6.0
"58 km SSE of Shihezi, China",China,Asia,green,6.0
"36 km SE of Mountain, Colombia",Colombia,Americas,green,6.0
"32 km ENE of Mutatá, Colombia",Colombia,Americas,green,6.0
"4 km SSW of Jacó, Costa Rica",Costa Rica,Americas,green,6.0
"35 km NNW of Bahía de Caráquez, Ecuador",Ecuador,Americas,green,6.0
"10 km N of Muisne, Ecuador",Ecuador,Americas,green,6.0
"34 km NNW of Bahía de Caráquez, Ecuador",Ecuador,Americas,green,6.0
"55 km SW of Acajutla, El Salvador",El Salvador,Americas,green,6.0
"81 km SW of Acajutla, El Salvador",El Salvador,Americas,green,6.0
south of the Fiji Islands,Fiji,Oceania,green,6.0
south of the Fiji Islands,Fiji,Oceania,green,6.0
Fiji region,Fiji,Oceania,green,6.0
"215 km E of Levuka, Fiji",Fiji,Oceania,green,6.0
Fiji region,Fiji,Oceania,green,6.0
"665 km S of Suva, Fiji",Fiji,Oceania,green,6.0
Fiji region,Fiji,Oceania,green,6.0
Fiji region,Fiji,Oceania,green,6.0
"245 km E of Levuka, Fiji",Fiji,Oceania,green,6.0
"195 km SW of Nadi, Fiji",Fiji,Oceania,green,6.0
Fiji region,Fiji,Oceania,green,6.0
south of the Fiji Islands,Fiji,Oceania,green,6.0
south of the Fiji Islands,Fiji,Oceania,green,6.0
south of the Fiji Islands,Fiji,Oceania,green,6.0
south of the Fiji Islands,Fiji,Oceania,green,6.0
"26 km SSW of Fry, Greece",Greece,Europe,green,6.0
"20 km SSE of Fry, Greece",Greece,Europe,green,6.0
"73 km S of Pýrgos, Greece",Greece,Europe,green,6.0
"168 km SSW of Merizo Village, Guam",Guam,Oceania,green,6.0
"65 km SSE of Kokopo, Papua New Guinea",Guinea,Africa,green,6.0
"91 km W of Kandrian, Papua New Guinea",Guinea,Africa,green,6.0
"156 km SSW of Kokopo, Papua New Guinea",Guinea,Africa,green,6.0
"142 km SSW of Lorengau, Papua New Guinea",Guinea,Africa,green,6.0
"122 km WNW of Panguna, Papua New Guinea",Guinea,Africa,green,6.0
"94 km WSW of Kandrian, Papua New Guinea",Guinea,Africa,green,6.0
"175 km SE of Kokopo, Papua New Guinea",Guinea,Africa,green,6.0
"109 km ESE of Kokopo, Papua New Guinea",Guinea,Africa,green,6.0
"162 km ENE of Samarai, Papua New Guinea",Guinea,Africa,green,6.0
"163 km SSW of Lorengau, Papua New Guinea",Guinea,Africa,green,6.0
"51 km NNW of Finschhafen, Papua New Guinea",Guinea,Africa,green,6.0
"196 km N of Madang, Papua New Guinea",Guinea,Africa,green,6.0
"99 km W of Kandrian, Papua New Guinea",Guinea,Africa,green,6.0
"126 km N of Kimbe, Papua New Guinea",Guinea,Africa,green,6.0
"178 km SSW of Kokopo, Papua New Guinea",Guinea,Africa,green,6.0
"96 km SW of Panguna, Papua New Guinea",Guinea,Africa,green,6.0
"133 km WNW of Panguna, Papua New Guinea",Guinea,Africa,green,6.0
"179 km NNW of Arawa, Papua New Guinea",Guinea,Africa,green,6.0
"27 km NNE of Siglufjörður, Iceland",Iceland,Europe,green,6.0
"Nicobar Islands, India region",India,Asia,green,6.0
"276 km SE of Kon?rka, India",India,Asia,green,6.0
"Nicobar Islands, India region",India,Asia,green,6.0
"52 km NNW of Jayapura, Indonesia",Indonesia,Asia,green,6.0
"142 km WSW of Waingapu, Indonesia",Indonesia,Asia,green,6.0
"146 km W of Abepura, Indonesia",Indonesia,Asia,green,6.0
"149 km N of Maumere, Indonesia",Indonesia,Asia,green,6.0
"182 km NE of Tual, Indonesia",Indonesia,Asia,green,6.0
"101 km N of Palu, Indonesia",Indonesia,Asia,green,6.0
"170 km WSW of Sungai Penuh, Indonesia",Indonesia,Asia,green,6.0
"97 km SE of Gorontalo, Indonesia",Indonesia,Asia,green,6.0
"111 km NNE of Tobelo, Indonesia",Indonesia,Asia,green,6.0
"162 km SW of Sungai Penuh, Indonesia",Indonesia,Asia,green,6.0
"106 km ESE of Sungai Penuh, Indonesia",Indonesia,Asia,green,6.0
"273 km SW of Tual, Indonesia",Indonesia,Asia,green,6.0
"45 km S of Sumberpucung, Indonesia",Indonesia,Asia,green,6.0
"150 km ESE of Gorontalo, Indonesia",Indonesia,Asia,green,6.0
"181 km SW of Nabire, Indonesia",Indonesia,Asia,green,6.0
"173 km WSW of Pariaman, Indonesia",Indonesia,Asia,green,6.0
"91 km W of Tobelo, Indonesia",Indonesia,Asia,green,6.0
"86 km SE of Sinabang, Indonesia",Indonesia,Asia,green,6.0
"222 km SSW of Padang, Indonesia",Indonesia,Asia,green,6.0
"124 km WNW of Ternate, Indonesia",Indonesia,Asia,green,6.0
"284 km E of Katabu, Indonesia",Indonesia,Asia,green,6.0
"Kepulauan Babar, Indonesia",Indonesia,Asia,green,6.0
"88 km NW of Ternate, Indonesia",Indonesia,Asia,green,6.0
"135 km NW of Ternate, Indonesia",Indonesia,Asia,green,6.0
"253 km S of Sinabang, Indonesia",Indonesia,Asia,green,6.0
"261 km N of Tobelo, Indonesia",Indonesia,Asia,green,6.0
"62 km SSE of Gorontalo, Indonesia",Indonesia,Asia,green,6.0
"38 km NNE of Ternate, Indonesia",Indonesia,Asia,green,6.0
"177 km NNE of Maumere, Indonesia",Indonesia,Asia,green,6.0
"99 km S of Waingapu, Indonesia",Indonesia,Asia,green,6.0
"69 km SE of Sinabang, Indonesia",Indonesia,Asia,green,6.0
"151 km SE of Tobelo, Indonesia",Indonesia,Asia,green,6.0
"49 km NE of Panji, Indonesia",Indonesia,Asia,green,6.0
"67 km SSW of Gorontalo, Indonesia",Indonesia,Asia,green,6.0
"53 km NNE of Kerman, Iran",Iran,Asia,green,6.0
"63 km NNE of Kerman, Iran",Iran,Asia,green,6.0
"Izu Islands, Japan region",Japan,Asia,green,6.0
"76 km ENE of Namie, Japan",Japan,Asia,green,6.0
"133 km E of Miyako, Japan",Japan,Asia,green,6.0
"Izu Islands, Japan region",Japan,Asia,green,6.0
"176 km SSE of Naze, Japan",Japan,Asia,green,6.0
"62 km ENE of Namie, Japan",Japan,Asia,green,6.0
"Izu Islands, Japan region",Japan,Asia,green,6.0
"110 km ESE of Hirara, Japan",Japan,Asia,green,6.0
"50 km NE of Namie, Japan",Japan,Asia,green,6.0
"143 km NE of Miyako, Japan",Japan,Asia,green,6.0
"Hokkaido, Japan region",Japan,Asia,green,6.0
"78 km S of Kushiro, Japan",Japan,Asia,green,6.0
"235 km SSE of Katsuura, Japan",Japan,Asia,green,6.0
"82 km SE of Nemuro, Japan",Japan,Asia,green,6.0
"104 km E of Yamada, Japan",Japan,Asia,green,6.0
"Hokkaido, Japan region",Japan,Asia,green,6.0
"116 km N of Naze, Japan",Japan,Asia,green,6.0
"170 km ENE of Miyako, Japan",Japan,Asia,green,6.0
"31 km ESE of It?, Japan",Japan,Asia,green,6.0
"69 km SW of Yonakuni, Japan",Japan,Asia,green,6.0
"Izu Islands, Japan region",Japan,Asia,green,6.0
"14 km WNW of Ranau, Malaysia",Malaysia,Asia,green,6.0
Mauritius - Reunion region,Mauritius,Africa,green,6.0
"262 km NE of Port Mathurin, Mauritius",Mauritius,Africa,green,6.0
"98 km SW of Puerto Madero, Mexico",Mexico,Americas,green,6.0
"83 km WSW of Puerto Madero, Mexico",Mexico,Americas,green,6.0
"6 km W of Nuxco, Mexico",Mexico,Americas,green,6.0
"213 km SW of La Cruz de Loreto, Mexico",Mexico,Americas,green,6.0
"75 km WSW of Puerto Madero, Mexico",Mexico,Americas,green,6.0
"7 km NNE of Guacamayas, Mexico",Mexico,Americas,green,6.0
"40 km WSW of Pyu, Myanmar",Myanmar,Asia,green,6.0
"176 km E of Tadine, New Caledonia",New Caledonia,Oceania,green,6.0
"96 km E of Tadine, New Caledonia",New Caledonia,Oceania,green,6.0
"Kermadec Islands, New Zealand",New Zealand,Oceania,green,6.0
"Kermadec Islands, New Zealand",New Zealand,Oceania,green,6.0
"Kermadec Islands, New Zealand",New Zealand,Oceania,green,6.0
"Kermadec Islands, New Zealand",New Zealand,Oceania,green,6.0
"Kermadec Islands, New Zealand",New Zealand,Oceania,green,6.0
"154 km SE of San Jose Village, Northern Mariana Islands",Northern Mariana Islands,Oceania,green,6.0
"Pagan region, Northern Mariana Islands",Northern Mariana Islands,Oceania,green,6.0
"15 km ESE of Punta de Burica, Panama",Panama,Americas,green,6.0
"33 km SSW of Boca Chica, Panama",Panama,Americas,green,6.0
"281 km SW of Arenas, Panama",Panama,Americas,green,6.0
"146 km SSW of Kokopo, Papua New Guinea",Papua New Guinea,Oceania,green,6.0
"68 km ESE of Kimbe, Papua New Guinea",Papua New Guinea,Oceania,green,6.0
"134 km SSW of Kokopo, Papua New Guinea",Papua New Guinea,Oceania,green,6.0
"130 km ENE of Kimbe, Papua New Guinea",Papua New Guinea,Oceania,green,6.0
"15 km N of Kandrian, Papua New Guinea",Papua New Guinea,Oceania,green,6.0
"141 km SSW of Kokopo, Papua New Guinea",Papua New Guinea,Oceania,green,6.0
"66 km SW of Tari, Papua New Guinea",Papua New Guinea,Oceania,green,6.0
"3 km ESE of Maca, Peru",Peru,Americas,green,6.0
"10 km SW of Atiquipa, Peru",Peru,Americas,green,6.0
"232 km SE of Sarangani, Philippines",Philippines,Asia,green,6.0
"1 km NW of Babag, Philippines",Philippines,Asia,green,6.0
"49 km NE of Barcelona, Philippines",Philippines,Asia,green,6.0
"25 km S of Alburquerque, Philippines",Philippines,Asia,green,6.0
"40 km N of Santa Monica, Philippines",Philippines,Asia,green,6.0
"109 km SSE of Pondaguitan, Philippines",Philippines,Asia,green,6.0
"5 km S of Marihatag, Philippines",Philippines,Asia,green,6.0
"15 km NW of Siocon, Philippines",Philippines,Asia,green,6.0
"65 km E of Sarangani, Philippines",Philippines,Asia,green,6.0
"9 km W of Magsaysay, Philippines",Philippines,Asia,green,6.0
"94 km SE of Lukatan, Philippines",Philippines,Asia,green,6.0
"10 km SSE of Sapad, Philippines",Philippines,Asia,green,6.0
"50 km ESE of Manay, Philippines",Philippines,Asia,green,6.0
"58 km E of Marihatag, Philippines",Philippines,Asia,green,6.0
"103 km SE of Pondaguitan, Philippines",Philippines,Asia,green,6.0
"67 km NNW of San Antonio, Puerto Rico",Puerto Rico,Americas,green,6.0
"247 km E of Kuril’sk, Russia",Russia,Europe,green,6.0
"98 km E of Severo-Kuril’sk, Russia",Russia,Europe,green,6.0
"165 km SSE of Vilyuchinsk, Russia",Russia,Europe,green,6.0
"134 km SE of Kuril’sk, Russia",Russia,Europe,green,6.0
"164 km E of Petropavlovsk-Kamchatsky, Russia",Russia,Europe,green,6.0
"117 km E of Petropavlovsk-Kamchatsky, Russia",Russia,Europe,green,6.0
"202 km S of Severo-Kuril’sk, Russia",Russia,Europe,green,6.0
"129 km ESE of Petropavlovsk-Kamchatsky, Russia",Russia,Europe,green,6.0
"156 km SSE of Vilyuchinsk, Russia",Russia,Europe,green,6.0
"124 km ENE of Ozernovskiy, Russia",Russia,Europe,green,6.0
"138 km SE of Severo-Kuril’sk, Russia",Russia,Europe,green,6.0
"265 km ESE of Severo-Kuril’sk, Russia",Russia,Europe,green,6.0
"298 km E of Dolinsk, Russia",Russia,Europe,green,6.0
"154 km ESE of Petropavlovsk-Kamchatsky, Russia",Russia,Europe,green,6.0
"254 km ESE of Ust’-Kamchatsk Staryy, Russia",Russia,Europe,green,6.0
"58 km WSW of Lata, Solomon Islands",Solomon Islands,Oceania,green,6.0
"43 km WSW of Lata, Solomon Islands",Solomon Islands,Oceania,green,6.0
"72 km NW of Malango, Solomon Islands",Solomon Islands,Oceania,green,6.0
Solomon Islands,Solomon Islands,Oceania,green,6.0
"85 km SE of Lata, Solomon Islands",Solomon Islands,Oceania,green,6.0
"113 km W of Lata, Solomon Islands",Solomon Islands,Oceania,green,6.0
"25 km WSW of Kirakira, Solomon Islands",Solomon Islands,Oceania,green,6.0
"114 km WNW of Kirakira, Solomon Islands",Solomon Islands,Oceania,green,6.0
"70 km N of Auki, Solomon Islands",Solomon Islands,Oceania,green,6.0
"57 km S of Lata, Solomon Islands",Solomon Islands,Oceania,green,6.0
"139 km SW of Lata, Solomon Islands",Solomon Islands,Oceania,green,6.0
"62 km WSW of Lata, Solomon Islands",Solomon Islands,Oceania,green,6.0
"91 km SE of Kirakira, Solomon Islands",Solomon Islands,Oceania,green,6.0
"118 km SE of Lata, Solomon Islands",Solomon Islands,Oceania,green,6.0
"70 km W of Kirakira, Solomon Islands",Solomon Islands,Oceania,green,6.0
"174 km SSE of Lata, Solomon Islands",Solomon Islands,Oceania,green,6.0
"50 km SW of Lata, Solomon Islands",Solomon Islands,Oceania,green,6.0
"10 km NE of Yujing, Taiwan",Taiwan,Asia,green,6.0
"29 km NNW of Karakenja, Tajikistan",Tajikistan,Asia,green,6.0
"168 km E of ‘Ohonua, Tonga",Tonga,Oceania,green,6.0
"111 km SSE of ‘Ohonua, Tonga",Tonga,Oceania,green,6.0
"108 km E of ‘Ohonua, Tonga",Tonga,Oceania,green,6.0
"135 km WNW of Pangai, Tonga",Tonga,Oceania,green,6.0
"51 km ENE of Hihifo, Tonga",Tonga,Oceania,green,6.0
"261 km SSW of ‘Ohonua, Tonga",Tonga,Oceania,green,6.0
"187 km SSW of ‘Ohonua, Tonga",Tonga,Oceania,green,6.0
"285 km SW of Vaini, Tonga",Tonga,Oceania,green,6.0
"159 km WNW of Hihifo, Tonga",Tonga,Oceania,green,6.0
Tonga,Tonga,Oceania,green,6.0
"98 km NE of Hihifo, Tonga",Tonga,Oceania,green,6.0
"89 km ENE of Hihifo, Tonga",Tonga,Oceania,green,6.0
"63 km ESE of Hihifo, Tonga",Tonga,Oceania,green,6.0
"191 km NW of Hihifo, Tonga",Tonga,Oceania,green,6.0
"121 km ENE of Hihifo, Tonga",Tonga,Oceania,green,6.0
"65 km W of Pangai, Tonga",Tonga,Oceania,green,6.0
"32 km WNW of Haveluloto, Tonga",Tonga,Oceania,green,6.0
"115 km NNE of Hihifo, Tonga",Tonga,Oceania,green,6.0
"198 km W of Pangai, Tonga",Tonga,Oceania,green,6.0
"185 km WNW of Pangai, Tonga",Tonga,Oceania,green,6.0
"132 km WSW of Haveluloto, Tonga",Tonga,Oceania,green,6.0
"119 km NW of Hihifo, Tonga",Tonga,Oceania,green,6.0
"84 km NNE of Hihifo, Tonga",Tonga,Oceania,green,6.0
"171 km E of Hihifo, Tonga",Tonga,Oceania,green,6.0
"291 km WNW of Haveluloto, Tonga",Tonga,Oceania,green,6.0
"73 km SSE of Pangai, Tonga",Tonga,Oceania,green,6.0
"73 km SSW of Kaktovik, Alaska",United States of America,Americas,green,6.0
"Antelope Valley, CA",United States of America,Americas,green,6.0
"Rat Islands, Aleutian Islands, Alaska",United States of America,Americas,green,6.0
"110 km NW of Sola, Vanuatu",Vanuatu,Oceania,green,6.0
"7 km NE of Lakatoro, Vanuatu",Vanuatu,Oceania,green,6.0
"60 km NNE of Isangel, Vanuatu",Vanuatu,Oceania,green,6.0
"209 km SSE of Isangel, Vanuatu",Vanuatu,Oceania,green,6.0
"56 km WNW of Port-Vila, Vanuatu",Vanuatu,Oceania,green,6.0
"91 km SW of Isangel, Vanuatu",Vanuatu,Oceania,green,6.0
"56 km SSE of Sola, Vanuatu",Vanuatu,Oceania,green,6.0
"95 km WNW of Sola, Vanuatu",Vanuatu,Oceania,green,6.0
"128 km N of Isangel, Vanuatu",Vanuatu,Oceania,green,6.0
"40 km ENE of Luganville, Vanuatu",Vanuatu,Oceania,green,6.0
"61 km SW of Sola, Vanuatu",Vanuatu,Oceania,green,6.0
Vanuatu,Vanuatu,Oceania,green,6.0
"82 km ESE of Port-Vila, Vanuatu",Vanuatu,Oceania,green,6.0
"67 km WNW of Isangel, Vanuatu",Vanuatu,Oceania,green,6.0
Vanuatu,Vanuatu,Oceania,green,6.0
"53 km WNW of Isangel, Vanuatu",Vanuatu,Oceania,green,6.0
"23 km ENE of Sola, Vanuatu",Vanuatu,Oceania,green,6.0
"36 km N of Güiria, Venezuela",Venezuela,Americas,green,6.0
"20 km NE of Yaguaraparo, Venezuela",Venezuela,Americas,green,6.0
"254 km SSE of Alo, Wallis and Futuna",Wallis and Futuna,Oceania,green,6.0
"214 km NNW of Kilmia, Yemen",Yemen,Asia,green,6.0
"192 km NNW of Kilmia, Yemen",Yemen,Asia,green,6.0
"44 km SSW of Jurm, Afghanistan",Afghanistan,Asia,green,5.9
"33 km WSW of Ashk?sham, Afghanistan",Afghanistan,Asia,green,5.9
"46 km SSW of Jurm, Afghanistan",Afghanistan,Asia,green,5.9
"141 km S of False Pass, Alaska",Alaska,Americas,green,5.9
"95 km SSW of Adak, Alaska",Alaska,Americas,green,5.9
"89 km SSW of Atka, Alaska",Alaska,Americas,green,5.9
"127 km SE of Chignik, Alaska",Alaska,Americas,green,5.9
"92 km SSW of Port Alexander, Alaska",Alaska,Americas,green,5.9
"87 km SSE of Adak, Alaska",Alaska,Americas,green,5.9
"82 km SSW of Nikolski, Alaska",Alaska,Americas,green,5.9
"93 km SE of Attu Station, Alaska",Alaska,Americas,green,5.9
"118 km SSE of Sand Point, Alaska",Alaska,Americas,green,5.9
"180 km WSW of Nikolski, Alaska",Alaska,Americas,green,5.9
"69 km WNW of Port Alexander, Alaska",Alaska,Americas,green,5.9
"51 km WSW of Nikolski, Alaska",Alaska,Americas,green,5.9
"163 km ESE of Nikolski, Alaska",Alaska,Americas,green,5.9
"68 km SE of Sand Point, Alaska",Alaska,Americas,green,5.9
"96 km SSW of Adak, Alaska",Alaska,Americas,green,5.9
"Andreanof Islands, Aleutian Islands, Alaska",Alaska,Americas,green,5.9
"25 km SE of Tinogasta, Argentina",Argentina,Americas,green,5.9
"54 km NNW of San Antonio de los Cobres, Argentina",Argentina,Americas,green,5.9
"163 km SSW of Tarauacá, Brazil",Brazil,Americas,green,5.9
"93 km WSW of Illapel, Chile",Chile,Americas,green,5.9
West Chile Rise,Chile,Americas,green,5.9
"82 km WSW of Illapel, Chile",Chile,Americas,green,5.9
"43 km SSW of Coquimbo, Chile",Chile,Americas,green,5.9
"75 km WSW of Vallenar, Chile",Chile,Americas,green,5.9
"37 km WSW of Valparaíso, Chile",Chile,Americas,green,5.9
"62 km W of Copiapó, Chile",Chile,Americas,green,5.9
"113 km WNW of La Ligua, Chile",Chile,Americas,green,5.9
"86 km WSW of Constitución, Chile",Chile,Americas,green,5.9
"13 km NNW of Viña del Mar, Chile",Chile,Americas,green,5.9
"60 km ENE of Los Ángeles, Chile",Chile,Americas,green,5.9
"110 km NW of Copiapó, Chile",Chile,Americas,green,5.9
"43 km SSW of Coquimbo, Chile",Chile,Americas,green,5.9
"Off the coast of Aisen, Chile",Chile,Americas,green,5.9
western Xizang,China,Asia,green,5.9
"91 km WSW of Wuwei, China",China,Asia,green,5.9
Xizang-Qinghai border region,China,Asia,green,5.9
"50 km W of Sardinal, Costa Rica",Costa Rica,Americas,green,5.9
"38 km S of Bartolomé Masó, Cuba",Cuba,Americas,green,5.9
"41 km SSW of Guisa, Cuba",Cuba,Americas,green,5.9
off the coast of Ecuador,Ecuador,Americas,green,5.9
"33 km NNW of Rosa Zarate, Ecuador",Ecuador,Americas,green,5.9
"36 km NNW of Bahía de Caráquez, Ecuador",Ecuador,Americas,green,5.9
"24 km SW of Puerto El Triunfo, El Salvador",El Salvador,Americas,green,5.9
"38 km SSW of La Libertad, El Salvador",El Salvador,Americas,green,5.9
"5 km NNW of Metahāra, Ethiopia",Ethiopia,Africa,green,5.9
south of the Fiji Islands,Fiji,Oceania,green,5.9
Fiji region,Fiji,Oceania,green,5.9
south of the Fiji Islands,Fiji,Oceania,green,5.9
south of the Fiji Islands,Fiji,Oceania,green,5.9
south of the Fiji Islands,Fiji,Oceania,green,5.9
south of the Fiji Islands,Fiji,Oceania,green,5.9
"156 km NNE of Labasa, Fiji",Fiji,Oceania,green,5.9
south of the Fiji Islands,Fiji,Oceania,green,5.9
"230 km E of Levuka, Fiji",Fiji,Oceania,green,5.9
"223 km E of Levuka, Fiji",Fiji,Oceania,green,5.9
"290 km E of Levuka, Fiji",Fiji,Oceania,green,5.9
south of the Fiji Islands,Fiji,Oceania,green,5.9
"211 km SE of Levuka, Fiji",Fiji,Oceania,green,5.9
south of the Fiji Islands,Fiji,Oceania,green,5.9
"154 km SW of Nadi, Fiji",Fiji,Oceania,green,5.9
"76 km ENE of Levuka, Fiji",Fiji,Oceania,green,5.9
"234 km E of Levuka, Fiji",Fiji,Oceania,green,5.9
"295 km E of Levuka, Fiji",Fiji,Oceania,green,5.9
"237 km E of Levuka, Fiji",Fiji,Oceania,green,5.9
south of the Fiji Islands,Fiji,Oceania,green,5.9
Fiji region,Fiji,Oceania,green,5.9
south of the Fiji Islands,Fiji,Oceania,green,5.9
south of the Fiji Islands,Fiji,Oceania,green,5.9
"12 km SSE of Arkalochóri, Greece",Greece,Europe,green,5.9
"60 km SE of Lárdos, Greece",Greece,Europe,green,5.9
"149 km SE of Karpathos, Greece",Greece,Europe,green,5.9
"91 km NE of Yigo Village, Guam",Guam,Oceania,green,5.9
"103 km ESE of Inarajan Village, Guam",Guam,Oceania,green,5.9
"50 km S of Nueva Concepción, Guatemala",Guatemala,Americas,green,5.9
"42 km SSW of La Gomera, Guatemala",Guatemala,Americas,green,5.9
"100 km SSW of Champerico, Guatemala",Guatemala,Americas,green,5.9
"125 km W of Panguna, Papua New Guinea",Guinea,Africa,green,5.9
"139 km SSW of Lorengau, Papua New Guinea",Guinea,Africa,green,5.9
"124 km ESE of Kokopo, Papua New Guinea",Guinea,Africa,green,5.9
"79 km W of Panguna, Papua New Guinea",Guinea,Africa,green,5.9
"51 km SW of Panguna, Papua New Guinea",Guinea,Africa,green,5.9
"20 km NW of Rabaul, Papua New Guinea",Guinea,Africa,green,5.9
"110 km WNW of Rabaul, Papua New Guinea",Guinea,Africa,green,5.9
"119 km N of Finschhafen, Papua New Guinea",Guinea,Africa,green,5.9
"216 km WSW of Kavieng, Papua New Guinea",Guinea,Africa,green,5.9
"200 km N of Madang, Papua New Guinea",Guinea,Africa,green,5.9
"94 km NNW of Kimbe, Papua New Guinea",Guinea,Africa,green,5.9
"162 km N of Finschhafen, Papua New Guinea",Guinea,Africa,green,5.9
"117 km SW of Panguna, Papua New Guinea",Guinea,Africa,green,5.9
"214 km SSE of Kokopo, Papua New Guinea",Guinea,Africa,green,5.9
"235 km WNW of Lorengau, Papua New Guinea",Guinea,Africa,green,5.9
"111 km ESE of Kokopo, Papua New Guinea",Guinea,Africa,green,5.9
"74 km NNE of Finschhafen, Papua New Guinea",Guinea,Africa,green,5.9
"60 km SE of Kokopo, Papua New Guinea",Guinea,Africa,green,5.9
"192 km SW of Lorengau, Papua New Guinea",Guinea,Africa,green,5.9
"46 km E of Madang, Papua New Guinea",Guinea,Africa,green,5.9
"New Britain region, Papua New Guinea",Guinea,Africa,green,5.9
"67 km SSW of Kavieng, Papua New Guinea",Guinea,Africa,green,5.9
"61 km WNW of Kandrian, Papua New Guinea",Guinea,Africa,green,5.9
"224 km SE of Lorengau, Papua New Guinea",Guinea,Africa,green,5.9
"21 km WNW of Port-de-Paix, Haiti",Haiti,Americas,green,5.9
"22 km SE of Shi Yomi, India",India,Asia,green,5.9
"152 km SE of Port Blair, India",India,Asia,green,5.9
"118 km SE of Gorontalo, Indonesia",Indonesia,Asia,green,5.9
"235 km W of Bengkulu, Indonesia",Indonesia,Asia,green,5.9
"65 km NNW of Jayapura, Indonesia",Indonesia,Asia,green,5.9
"270 km SSE of Amahai, Indonesia",Indonesia,Asia,green,5.9
"120 km W of Gorontalo, Indonesia",Indonesia,Asia,green,5.9
"285 km WSW of Tual, Indonesia",Indonesia,Asia,green,5.9
"269 km S of Kencong, Indonesia",Indonesia,Asia,green,5.9
"34 km SE of Ransiki, Indonesia",Indonesia,Asia,green,5.9
"120 km W of Gorontalo, Indonesia",Indonesia,Asia,green,5.9
"Kepulauan Kai, Indonesia",Indonesia,Asia,green,5.9
"273 km WSW of Tual, Indonesia",Indonesia,Asia,green,5.9
"147 km NW of Ternate, Indonesia",Indonesia,Asia,green,5.9
"82 km SSW of Bambanglipuro, Indonesia",Indonesia,Asia,green,5.9
"158 km W of Gorontalo, Indonesia",Indonesia,Asia,green,5.9
"166 km S of Tondano, Indonesia",Indonesia,Asia,green,5.9
"116 km S of Dampit, Indonesia",Indonesia,Asia,green,5.9
"144 km NW of Ternate, Indonesia",Indonesia,Asia,green,5.9
"66 km W of Pelabuhanratu, Indonesia",Indonesia,Asia,green,5.9
"290 km WSW of Tual, Indonesia",Indonesia,Asia,green,5.9
"279 km WSW of Tual, Indonesia",Indonesia,Asia,green,5.9
"157 km ENE of Nabire, Indonesia",Indonesia,Asia,green,5.9
"262 km ESE of Biak, Indonesia",Indonesia,Asia,green,5.9
"140 km WSW of Bengkulu, Indonesia",Indonesia,Asia,green,5.9
"156 km NW of Tobelo, Indonesia",Indonesia,Asia,green,5.9
"229 km WSW of Padang, Indonesia",Indonesia,Asia,green,5.9
"91 km S of Waingapu, Indonesia",Indonesia,Asia,green,5.9
"71 km ESE of Amahai, Indonesia",Indonesia,Asia,green,5.9
"41 km NNE of Sibolga, Indonesia",Indonesia,Asia,green,5.9
"283 km W of Tual, Indonesia",Indonesia,Asia,green,5.9
"41 km SSE of Singkil, Indonesia",Indonesia,Asia,green,5.9
"166 km WSW of Sungai Penuh, Indonesia",Indonesia,Asia,green,5.9
"133 km NW of Ternate, Indonesia",Indonesia,Asia,green,5.9
"146 km N of Tobelo, Indonesia",Indonesia,Asia,green,5.9
"193 km SSE of Amahai, Indonesia",Indonesia,Asia,green,5.9
"158 km S of Ambon, Indonesia",Indonesia,Asia,green,5.9
"148 km E of Laikit, Laikit II (Dimembe), Indonesia",Indonesia,Asia,green,5.9
"124 km WSW of Ternate, Indonesia",Indonesia,Asia,green,5.9
"73 km WSW of Poso, Indonesia",Indonesia,Asia,green,5.9
"17 km ENE of Gili Air, Indonesia",Indonesia,Asia,green,5.9
"85 km NE of Lasem, Indonesia",Indonesia,Asia,green,5.9
"128 km W of Tobelo, Indonesia",Indonesia,Asia,green,5.9
"Izu Islands, Japan region",Japan,Asia,green,5.9
"54 km SE of Shing?, Japan",Japan,Asia,green,5.9
"41 km SE of Namie, Japan",Japan,Asia,green,5.9
"84 km NW of Yoichi, Japan",Japan,Asia,green,5.9
"147 km SE of Koshima, Japan",Japan,Asia,green,5.9
"29 km ENE of Ishinomaki, Japan",Japan,Asia,green,5.9
"169 km E of Naze, Japan",Japan,Asia,green,5.9
"27 km SE of ?hara, Japan",Japan,Asia,green,5.9
"Izu Islands, Japan region",Japan,Asia,green,5.9
"139 km WSW of Kushikino, Japan",Japan,Asia,green,5.9
"59 km SW of Yonakuni, Japan",Japan,Asia,green,5.9
"187 km SE of Nemuro, Japan",Japan,Asia,green,5.9
"36 km SE of Hasaki, Japan",Japan,Asia,green,5.9
"68 km ENE of Mutsu, Japan",Japan,Asia,green,5.9
"65 km ENE of Namie, Japan",Japan,Asia,green,5.9
"13 km NE of Daigo, Japan",Japan,Asia,green,5.9
"69 km ESE of Katsuren-haebaru, Japan",Japan,Asia,green,5.9
"Hokkaido, Japan region",Japan,Asia,green,5.9
"149 km N of Hirara, Japan",Japan,Asia,green,5.9
"141 km ENE of Hachinohe, Japan",Japan,Asia,green,5.9
"Bonin Islands, Japan region",Japan,Asia,green,5.9
"5 km SW of Chiba, Japan",Japan,Asia,green,5.9
"147 km N of Ishigaki, Japan",Japan,Asia,green,5.9
"84 km ESE of Nemuro, Japan",Japan,Asia,green,5.9
"Izu Islands, Japan region",Japan,Asia,green,5.9
"off the east coast of Honshu, Japan",Japan,Asia,green,5.9
"7 km SW of Kuji, Japan",Japan,Asia,green,5.9
"225 km SW of José María Morelos, Mexico",Mexico,Americas,green,5.9
"2 km S of Paso Real de Sarabia, Mexico",Mexico,Americas,green,5.9
"272 km SSE of Cabo San Lucas, Mexico",Mexico,Americas,green,5.9
"3 km W of Reforma de Pineda, Mexico",Mexico,Americas,green,5.9
"240 km SW of La Cruz de Loreto, Mexico",Mexico,Americas,green,5.9
"43 km SSW of Emiliano Zapata, Mexico",Mexico,Americas,green,5.9
"4 km SSE of Santiago Tetepec, Mexico",Mexico,Americas,green,5.9
"53 km S of K?ng Tung, Myanmar",Myanmar,Asia,green,5.9
"161 km E of Tadine, New Caledonia",New Caledonia,Oceania,green,5.9
"135 km ESE of Tadine, New Caledonia",New Caledonia,Oceania,green,5.9
"202 km ESE of Tadine, New Caledonia",New Caledonia,Oceania,green,5.9
"117 km ESE of Tadine, New Caledonia",New Caledonia,Oceania,green,5.9
"82 km ENE of Tadine, New Caledonia",New Caledonia,Oceania,green,5.9
"65 km E of Tadine, New Caledonia",New Caledonia,Oceania,green,5.9
"109 km E of Tadine, New Caledonia",New Caledonia,Oceania,green,5.9
"38 km ESE of Blenheim, New Zealand",New Zealand,Oceania,green,5.9
"Kermadec Islands, New Zealand",New Zealand,Oceania,green,5.9
"Kermadec Islands, New Zealand",New Zealand,Oceania,green,5.9
"Kermadec Islands, New Zealand",New Zealand,Oceania,green,5.9
"76 km ENE of Castlepoint, New Zealand",New Zealand,Oceania,green,5.9
"Kermadec Islands, New Zealand",New Zealand,Oceania,green,5.9
"Kermadec Islands, New Zealand",New Zealand,Oceania,green,5.9
"Kermadec Islands, New Zealand",New Zealand,Oceania,green,5.9
"Kermadec Islands, New Zealand",New Zealand,Oceania,green,5.9
"Auckland Islands, New Zealand region",New Zealand,Oceania,green,5.9
"158 km NE of Opotiki, New Zealand",New Zealand,Oceania,green,5.9
"Kermadec Islands, New Zealand",New Zealand,Oceania,green,5.9
"72 km SSW of Masachapa, Nicaragua",Nicaragua,Americas,green,5.9
"179 km ESE of Hoemul-li, North Korea",North Korea,Asia,green,5.9
"Pagan region, Northern Mariana Islands",Northern Mariana Islands,Oceania,green,5.9
"Pagan region, Northern Mariana Islands",Northern Mariana Islands,Oceania,green,5.9
"167 km NNE of Saipan, Northern Mariana Islands",Northern Mariana Islands,Oceania,green,5.9
"173 km SW of Río Grande, Panama",Panama,Americas,green,5.9
"29 km NE of Unión Chocó, Panama",Panama,Americas,green,5.9
"266 km S of Burica, Panama",Panama,Americas,green,5.9
"31 km ENE of Kandrian, Papua New Guinea",Papua New Guinea,Oceania,green,5.9
"86 km NNE of Lae, Papua New Guinea",Papua New Guinea,Oceania,green,5.9
"31 km NNW of Finschhafen, Papua New Guinea",Papua New Guinea,Oceania,green,5.9
"52 km WSW of Mendi, Papua New Guinea",Papua New Guinea,Oceania,green,5.9
"118 km ESE of Kimbe, Papua New Guinea",Papua New Guinea,Oceania,green,5.9
"133 km SW of Kokopo, Papua New Guinea",Papua New Guinea,Oceania,green,5.9
"74 km E of Kokopo, Papua New Guinea",Papua New Guinea,Oceania,green,5.9
"90 km NW of Madang, Papua New Guinea",Papua New Guinea,Oceania,green,5.9
"109 km ESE of Kimbe, Papua New Guinea",Papua New Guinea,Oceania,green,5.9
"130 km SSW of Kokopo, Papua New Guinea",Papua New Guinea,Oceania,green,5.9
"54 km NW of Finschhafen, Papua New Guinea",Papua New Guinea,Oceania,green,5.9
"137 km SSW of Kokopo, Papua New Guinea",Papua New Guinea,Oceania,green,5.9
"62 km SW of Santiago, Peru",Peru,Americas,green,5.9
"5 km W of San Pedro, Peru",Peru,Americas,green,5.9
"10 km ESE of Pampa de Tate, Peru",Peru,Americas,green,5.9
"151 km NE of Alianza Cristiana, Peru",Peru,Americas,green,5.9
"34 km ESE of Barranca, Peru",Peru,Americas,green,5.9
"47 km SE of Basco, Philippines",Philippines,Asia,green,5.9
"5 km NW of Mabayo, Philippines",Philippines,Asia,green,5.9
"1 km NNW of Mabini, Philippines",Philippines,Asia,green,5.9
"2 km N of Kadingilan, Philippines",Philippines,Asia,green,5.9
"195 km SSW of Palimbang, Philippines",Philippines,Asia,green,5.9
"14 km E of Basco, Philippines",Philippines,Asia,green,5.9
"18 km WSW of Batiano, Philippines",Philippines,Asia,green,5.9
"29 km WNW of Gadung, Philippines",Philippines,Asia,green,5.9
"8 km E of Bagontapay, Philippines",Philippines,Asia,green,5.9
"6 km SE of Manat, Philippines",Philippines,Asia,green,5.9
"234 km SE of Pondaguitan, Philippines",Philippines,Asia,green,5.9
"186 km SE of Sarangani, Philippines",Philippines,Asia,green,5.9
"48 km S of Valencia, Philippines",Philippines,Asia,green,5.9
"10 km WNW of Tingloy, Philippines",Philippines,Asia,green,5.9
"242 km SE of Sarangani, Philippines",Philippines,Asia,green,5.9
"62 km NE of Gigmoto, Philippines",Philippines,Asia,green,5.9
"39 km SW of Malisbeng, Philippines",Philippines,Asia,green,5.9
"52 km E of Union, Philippines",Philippines,Asia,green,5.9
"275 km SSW of Lajes das Flores, Portugal",Portugal,Europe,green,5.9
"293 km SSW of Severo-Kuril’sk, Russia",Russia,Europe,green,5.9
"128 km SSE of Vilyuchinsk, Russia",Russia,Europe,green,5.9
"174 km SE of Vilyuchinsk, Russia",Russia,Europe,green,5.9
"114 km ENE of Shikotan, Russia",Russia,Europe,green,5.9
"108 km E of Petropavlovsk-Kamchatsky, Russia",Russia,Europe,green,5.9
"143 km E of Ust’-Kamchatsk Staryy, Russia",Russia,Europe,green,5.9
"137 km ENE of Petropavlovsk-Kamchatsky, Russia",Russia,Europe,green,5.9
"109 km E of Shikotan, Russia",Russia,Europe,green,5.9
"93 km E of Severo-Kuril’sk, Russia",Russia,Europe,green,5.9
"55 km NNW of Otrada, Russia",Russia,Europe,green,5.9
"58 km SSE of Shebunino, Russia",Russia,Europe,green,5.9
"132 km SE of Petropavlovsk-Kamchatsky, Russia",Russia,Europe,green,5.9
"135 km ESE of Severo-Kuril’sk, Russia",Russia,Europe,green,5.9
"Komandorskiye Ostrova, Russia region",Russia,Europe,green,5.9
"269 km ESE of Ozernovskiy, Russia",Russia,Europe,green,5.9
"87 km SW of Kirakira, Solomon Islands",Solomon Islands,Oceania,green,5.9
"92 km W of Lata, Solomon Islands",Solomon Islands,Oceania,green,5.9
"59 km WSW of Lata, Solomon Islands",Solomon Islands,Oceania,green,5.9
"82 km WNW of Kirakira, Solomon Islands",Solomon Islands,Oceania,green,5.9
"44 km ESE of Gizo, Solomon Islands",Solomon Islands,Oceania,green,5.9
"54 km W of Lata, Solomon Islands",Solomon Islands,Oceania,green,5.9
"99 km SSW of Lata, Solomon Islands",Solomon Islands,Oceania,green,5.9
"180 km SE of Gizo, Solomon Islands",Solomon Islands,Oceania,green,5.9
"91 km W of Lata, Solomon Islands",Solomon Islands,Oceania,green,5.9
"67 km S of Hualien City, Taiwan",Taiwan,Asia,green,5.9
"62 km S of Hualien City, Taiwan",Taiwan,Asia,green,5.9
"80 km SE of Lugu, Taiwan",Taiwan,Asia,green,5.9
"38 km SSW of Hualien City, Taiwan",Taiwan,Asia,green,5.9
"31 km SE of Hualien City, Taiwan",Taiwan,Asia,green,5.9
"29 km ESE of Puli, Taiwan",Taiwan,Asia,green,5.9
Tajikistan-Xinjiang border region,Tajikistan,Asia,green,5.9
"61 km NW of Neiafu, Tonga",Tonga,Oceania,green,5.9
"210 km WNW of Hihifo, Tonga",Tonga,Oceania,green,5.9
"53 km SSE of Pangai, Tonga",Tonga,Oceania,green,5.9
"299 km WSW of Houma, Tonga",Tonga,Oceania,green,5.9
south of Tonga,Tonga,Oceania,green,5.9
"92 km N of Hihifo, Tonga",Tonga,Oceania,green,5.9
"121 km NE of Hihifo, Tonga",Tonga,Oceania,green,5.9
"152 km NW of Neiafu, Tonga",Tonga,Oceania,green,5.9
"291 km SSW of ‘Ohonua, Tonga",Tonga,Oceania,green,5.9
"155 km NW of Pangai, Tonga",Tonga,Oceania,green,5.9
"145 km WNW of Haveluloto, Tonga",Tonga,Oceania,green,5.9
"273 km WNW of Haveluloto, Tonga",Tonga,Oceania,green,5.9
"101 km NNE of Hihifo, Tonga",Tonga,Oceania,green,5.9
"144 km NW of Hihifo, Tonga",Tonga,Oceania,green,5.9
"76 km NNE of Hihifo, Tonga",Tonga,Oceania,green,5.9
"25 km SW of Hihifo, Tonga",Tonga,Oceania,green,5.9
"119 km E of ‘Ohonua, Tonga",Tonga,Oceania,green,5.9
"83 km SSE of ‘Ohonua, Tonga",Tonga,Oceania,green,5.9
"189 km ESE of Neiafu, Tonga",Tonga,Oceania,green,5.9
"24 km SW of Scarborough, Trinidad and Tobago",Trinidad and Tobago,Americas,green,5.9
"9 km ESE of Baklan, Turkey",Turkey,Asia,green,5.9
"77 km SSW of Okurcalar, Turkey",Turkey,Asia,green,5.9
"14 km E of Yedisu, Turkey",Turkey,Asia,green,5.9
"27 km ENE of Nsunga, Tanzania",United Republic of Tanzania,Africa,green,5.9
"58 km E of Port Alsworth, Alaska",United States of America,Americas,green,5.9
"75 km SSW of Isangel, Vanuatu",Vanuatu,Oceania,green,5.9
"71 km W of Port-Vila, Vanuatu",Vanuatu,Oceania,green,5.9
Vanuatu,Vanuatu,Oceania,green,5.9
"53 km WNW of Port-Vila, Vanuatu",Vanuatu,Oceania,green,5.9
"31 km NNE of Port-Olry, Vanuatu",Vanuatu,Oceania,green,5.9
"86 km W of Port-Vila, Vanuatu",Vanuatu,Oceania,green,5.9
"20 km WNW of Isangel, Vanuatu",Vanuatu,Oceania,green,5.9
"37 km SE of Port-Vila, Vanuatu",Vanuatu,Oceania,green,5.9
"41 km SW of Sola, Vanuatu",Vanuatu,Oceania,green,5.9
"103 km NNW of Port-Olry, Vanuatu",Vanuatu,Oceania,green,5.9
"86 km NW of Port-Olry, Vanuatu",Vanuatu,Oceania,green,5.9
"5 km N of Port-Vila, Vanuatu",Vanuatu,Oceania,green,5.9
"85 km NW of Port-Vila, Vanuatu",Vanuatu,Oceania,green,5.9
"127 km WNW of Sola, Vanuatu",Vanuatu,Oceania,green,5.9
"34 km E of Port-Olry, Vanuatu",Vanuatu,Oceania,green,5.9
"111 km SSW of Isangel, Vanuatu",Vanuatu,Oceania,green,5.9
"52 km E of Luganville, Vanuatu",Vanuatu,Oceania,green,5.9
"62 km E of Lakatoro, Vanuatu",Vanuatu,Oceania,green,5.9
"84 km ESE of Alo, Wallis and Futuna",Wallis and Futuna,Oceania,green,5.9
"224 km SSE of Alo, Wallis and Futuna",Wallis and Futuna,Oceania,green,5.9
"210 km NNE of Qalans?yah, Yemen",Yemen,Asia,green,5.9
"40 km E of Kaputa, Zambia",Zambia,Africa,green,5.9
"102 km NNE of Punta Cana, Dominican Republic",Dominican Republic,Americas,green,5.85
"47 km SSW of Jurm, Afghanistan",Afghanistan,Asia,green,5.8
"18 km ESE of Farkh?r, Afghanistan",Afghanistan,Asia,green,5.8
"45 km SW of Ashk?sham, Afghanistan",Afghanistan,Asia,green,5.8
"61 km SSW of Nanwalek, Alaska",Alaska,Americas,green,5.8
"111 km SW of Nikolski, Alaska",Alaska,Americas,green,5.8
"101 km S of Sand Point, Alaska",Alaska,Americas,green,5.8
"124 km SSW of Adak, Alaska",Alaska,Americas,green,5.8
"Rat Islands, Aleutian Islands, Alaska",Alaska,Americas,green,5.8
"82 km ESE of Adak, Alaska",Alaska,Americas,green,5.8
"86 km S of Nikolski, Alaska",Alaska,Americas,green,5.8
"127 km W of Adak, Alaska",Alaska,Americas,green,5.8
"81 km SSW of Sand Point, Alaska",Alaska,Americas,green,5.8
"23 km WNW of Happy Valley, Alaska",Alaska,Americas,green,5.8
"241 km ESE of Atka, Alaska",Alaska,Americas,green,5.8
"193 km SE of Nikolski, Alaska",Alaska,Americas,green,5.8
"82 km SE of Nikolski, Alaska",Alaska,Americas,green,5.8
"Rat Islands, Aleutian Islands, Alaska",Alaska,Americas,green,5.8
"90 km SE of Atka, Alaska",Alaska,Americas,green,5.8
"229 km WSW of Adak, Alaska",Alaska,Americas,green,5.8
"90 km SSW of Atka, Alaska",Alaska,Americas,green,5.8
"20 km ENE of Beluga, Alaska",Alaska,Americas,green,5.8
"20 km WNW of Yuto, Argentina",Argentina,Americas,green,5.8
"33 km E of Humahuaca, Argentina",Argentina,Americas,green,5.8
"19 km ESE of El Galpón, Argentina",Argentina,Americas,green,5.8
"208 km NW of East Carnarvon, Australia",Australia,Oceania,green,5.8
south of Australia,Australia,Oceania,green,5.8
"77 km NNE of San Pedro de Atacama, Chile",Bolivia,Americas,green,5.8
"166 km SSW of George Town, Cayman Islands",Cayman Islands,Americas,green,5.8
"84 km NW of Coquimbo, Chile",Chile,Americas,green,5.8
"31 km SW of Coquimbo, Chile",Chile,Americas,green,5.8
"73 km WSW of Vallenar, Chile",Chile,Americas,green,5.8
"83 km WNW of Iquique, Chile",Chile,Americas,green,5.8
West Chile Rise,Chile,Americas,green,5.8
"54 km W of Ovalle, Chile",Chile,Americas,green,5.8
"79 km N of Iquique, Chile",Chile,Americas,green,5.8
"85 km WSW of Coquimbo, Chile",Chile,Americas,green,5.8
"88 km NW of Vallenar, Chile",Chile,Americas,green,5.8
"99 km WNW of Iquique, Chile",Chile,Americas,green,5.8
"43 km SSW of San Pedro de Atacama, Chile",Chile,Americas,green,5.8
"18 km WSW of Valparaíso, Chile",Chile,Americas,green,5.8
"28 km ENE of Camiña, Chile",Chile,Americas,green,5.8
"71 km W of Constitución, Chile",Chile,Americas,green,5.8
"90 km SSE of Tocopilla, Chile",Chile,Americas,green,5.8
"82 km W of Illapel, Chile",Chile,Americas,green,5.8
"53 km SW of Cañete, Chile",Chile,Americas,green,5.8
"69 km WSW of Coquimbo, Chile",Chile,Americas,green,5.8
"64 km N of La Serena, Chile",Chile,Americas,green,5.8
"108 km SSE of San Pedro de Atacama, Chile",Chile,Americas,green,5.8
"39 km ENE of Calama, Chile",Chile,Americas,green,5.8
West Chile Rise,Chile,Americas,green,5.8
"74 km WNW of Iquique, Chile",Chile,Americas,green,5.8
"85 km WNW of Iquique, Chile",Chile,Americas,green,5.8
"17 km N of Lebu, Chile",Chile,Americas,green,5.8
"10 km W of Ovalle, Chile",Chile,Americas,green,5.8
"85 km ESE of Vallenar, Chile",Chile,Americas,green,5.8
"177 km NW of Rikaze, China",China,Asia,green,5.8
"21 km ENE of Chaihe, China",China,Asia,green,5.8
"44 km S of Guisa, Cuba",Cuba,Americas,green,5.8
"37 km N of Cyangugu, Rwanda",Democratic Republic of the Congo,Africa,green,5.8
"45 km SE of Boca de Yuma, Dominican Republic",Dominican Republic,Americas,green,5.8
off the coast of Ecuador,Ecuador,Americas,green,5.8
"24 km SSE of Guayaquil, Ecuador",Ecuador,Americas,green,5.8
"34 km NE of Bahía de Caráquez, Ecuador",Ecuador,Americas,green,5.8
"273 km NNW of Puerto Ayora, Ecuador",Ecuador,Americas,green,5.8
"7 km SE of Esmeraldas, Ecuador",Ecuador,Americas,green,5.8
"10 km E of Acajutla, El Salvador",El Salvador,Americas,green,5.8
south of the Fiji Islands,Fiji,Oceania,green,5.8
"117 km ENE of Levuka, Fiji",Fiji,Oceania,green,5.8
south of the Fiji Islands,Fiji,Oceania,green,5.8
"294 km E of Levuka, Fiji",Fiji,Oceania,green,5.8
"128 km NNE of Ba, Fiji",Fiji,Oceania,green,5.8
Fiji region,Fiji,Oceania,green,5.8
south of the Fiji Islands,Fiji,Oceania,green,5.8
"141 km NNE of Ba, Fiji",Fiji,Oceania,green,5.8
Fiji region,Fiji,Oceania,green,5.8
Fiji region,Fiji,Oceania,green,5.8
south of the Fiji Islands,Fiji,Oceania,green,5.8
"264 km E of Levuka, Fiji",Fiji,Oceania,green,5.8
"266 km E of Levuka, Fiji",Fiji,Oceania,green,5.8
Fiji region,Fiji,Oceania,green,5.8
"275 km E of Levuka, Fiji",Fiji,Oceania,green,5.8
Fiji region,Fiji,Oceania,green,5.8
South Georgia Island region,Georgia,Asia,green,5.8
South Georgia Island region,Georgia,Asia,green,5.8
"59 km E of Géfyra, Greece",Greece,Europe,green,5.8
"34 km WNW of Filiatrá, Greece",Greece,Europe,green,5.8
near the north coast of Greenland,Greenland,Americas,green,5.8
"136 km E of Yigo Village, Guam",Guam,Oceania,green,5.8
"105 km W of Merizo Village, Guam",Guam,Oceania,green,5.8
"63 km SSE of Inarajan Village, Guam",Guam,Oceania,green,5.8
"199 km SE of Inarajan Village, Guam",Guam,Oceania,green,5.8
"185 km WSW of Merizo Village, Guam",Guam,Oceania,green,5.8
"109 km SW of Ocós, Guatemala",Guatemala,Americas,green,5.8
"105 km S of Champerico, Guatemala",Guatemala,Americas,green,5.8
"12 km E of La Gomera, Guatemala",Guatemala,Americas,green,5.8
"75 km SSW of La Gomera, Guatemala",Guatemala,Americas,green,5.8
"40 km S of Puerto San José, Guatemala",Guatemala,Americas,green,5.8
"46 km SW of Champerico, Guatemala",Guatemala,Americas,green,5.8
"70 km W of Panguna, Papua New Guinea",Guinea,Africa,green,5.8
"127 km SE of Kokopo, Papua New Guinea",Guinea,Africa,green,5.8
"80 km W of Panguna, Papua New Guinea",Guinea,Africa,green,5.8
"76 km SSE of Panguna, Papua New Guinea",Guinea,Africa,green,5.8
"86 km W of Rabaul, Papua New Guinea",Guinea,Africa,green,5.8
"54 km WSW of Panguna, Papua New Guinea",Guinea,Africa,green,5.8
"49 km NNW of Rabaul, Papua New Guinea",Guinea,Africa,green,5.8
"100 km W of Rabaul, Papua New Guinea",Guinea,Africa,green,5.8
"131 km S of Kokopo, Papua New Guinea",Guinea,Africa,green,5.8
"179 km ESE of Kokopo, Papua New Guinea",Guinea,Africa,green,5.8
"106 km SSW of Panguna, Papua New Guinea",Guinea,Africa,green,5.8
"115 km SW of Panguna, Papua New Guinea",Guinea,Africa,green,5.8
"New Britain region, Papua New Guinea",Guinea,Africa,green,5.8
"164 km ESE of Kokopo, Papua New Guinea",Guinea,Africa,green,5.8
"124 km E of Kokopo, Papua New Guinea",Guinea,Africa,green,5.8
"112 km SE of Kokopo, Papua New Guinea",Guinea,Africa,green,5.8
"155 km SSW of Lorengau, Papua New Guinea",Guinea,Africa,green,5.8
"108 km NW of Rabaul, Papua New Guinea",Guinea,Africa,green,5.8
"118 km WSW of Panguna, Papua New Guinea",Guinea,Africa,green,5.8
"213 km WSW of Kavieng, Papua New Guinea",Guinea,Africa,green,5.8
"118 km SE of Panguna, Papua New Guinea",Guinea,Africa,green,5.8
"47 km SSW of Finschhafen, Papua New Guinea",Guinea,Africa,green,5.8
"71 km W of Panguna, Papua New Guinea",Guinea,Africa,green,5.8
"Nicobar Islands, India region",India,Asia,green,5.8
"280 km ENE of Port Blair, India",India,Asia,green,5.8
"Nicobar Islands, India region",India,Asia,green,5.8
"220 km SSW of Labuan, Indonesia",Indonesia,Asia,green,5.8
"138 km SSE of Sofifi, Indonesia",Indonesia,Asia,green,5.8
"244 km SSW of Singkil, Indonesia",Indonesia,Asia,green,5.8
"39 km WSW of Mamuju, Indonesia",Indonesia,Asia,green,5.8
"Kepulauan Babar, Indonesia",Indonesia,Asia,green,5.8
"218 km SSE of Sofifi, Indonesia",Indonesia,Asia,green,5.8
"82 km N of Tobelo, Indonesia",Indonesia,Asia,green,5.8
"102 km WNW of Luwuk, Indonesia",Indonesia,Asia,green,5.8
"266 km ESE of Biak, Indonesia",Indonesia,Asia,green,5.8
"171 km S of Sofifi, Indonesia",Indonesia,Asia,green,5.8
"157 km NW of Gorontalo, Indonesia",Indonesia,Asia,green,5.8
"149 km WNW of Tobelo, Indonesia",Indonesia,Asia,green,5.8
"130 km WNW of Tobelo, Indonesia",Indonesia,Asia,green,5.8
"99 km N of Palu, Indonesia",Indonesia,Asia,green,5.8
"184 km SW of Sungai Penuh, Indonesia",Indonesia,Asia,green,5.8
"88 km E of Laikit, Laikit II (Dimembe), Indonesia",Indonesia,Asia,green,5.8
"62 km W of Tobelo, Indonesia",Indonesia,Asia,green,5.8
"169 km NW of Tobelo, Indonesia",Indonesia,Asia,green,5.8
"156 km NW of Ternate, Indonesia",Indonesia,Asia,green,5.8
"159 km NNE of Maumere, Indonesia",Indonesia,Asia,green,5.8
"61 km NNW of Jayapura, Indonesia",Indonesia,Asia,green,5.8
"207 km W of Abepura, Indonesia",Indonesia,Asia,green,5.8
"southwest of Sumatra, Indonesia",Indonesia,Asia,green,5.8
"64 km SE of Sinabang, Indonesia",Indonesia,Asia,green,5.8
"132 km WNW of Tobelo, Indonesia",Indonesia,Asia,green,5.8
"233 km W of Ambon, Indonesia",Indonesia,Asia,green,5.8
"134 km WNW of Ternate, Indonesia",Indonesia,Asia,green,5.8
"54 km SE of Sinabang, Indonesia",Indonesia,Asia,green,5.8
"112 km N of Maumere, Indonesia",Indonesia,Asia,green,5.8
"142 km ENE of Masohi, Indonesia",Indonesia,Asia,green,5.8
"20 km NW of Labuan Lombok, Indonesia",Indonesia,Asia,green,5.8
"64 km S of Manokwari, Indonesia",Indonesia,Asia,green,5.8
"142 km WSW of Sungai Penuh, Indonesia",Indonesia,Asia,green,5.8
"17 km NW of Ciranjang-hilir, Indonesia",Indonesia,Asia,green,5.8
"96 km NW of Manado, Indonesia",Indonesia,Asia,green,5.8
"61 km S of Labuha, Indonesia",Indonesia,Asia,green,5.8
"191 km SW of Sibolga, Indonesia",Indonesia,Asia,green,5.8
"170 km W of Pariaman, Indonesia",Indonesia,Asia,green,5.8
"161 km S of Bengkulu, Indonesia",Indonesia,Asia,green,5.8
"293 km SW of Kupang, Indonesia",Indonesia,Asia,green,5.8
"96 km NNW of Insrom, Indonesia",Indonesia,Asia,green,5.8
"53 km WSW of Ambon, Indonesia",Indonesia,Asia,green,5.8
"117 km W of Ternate, Indonesia",Indonesia,Asia,green,5.8
"33 km SSW of Sumberpucung, Indonesia",Indonesia,Asia,green,5.8
"Kepulauan Babar, Indonesia",Indonesia,Asia,green,5.8
"31 km ENE of Sarpol-e Z?ah?b, Iran",Iran,Asia,green,5.8
"80 km NNE of Ustica, Italy",Italy,Europe,green,5.8
"Ryukyu Islands, Japan",Japan,Asia,green,5.8
"Bonin Islands, Japan region",Japan,Asia,green,5.8
"73 km ESE of Hachinohe, Japan",Japan,Asia,green,5.8
"193 km SSE of Katsuura, Japan",Japan,Asia,green,5.8
"southwestern Ryukyu Islands, Japan",Japan,Asia,green,5.8
"Izu Islands, Japan region",Japan,Asia,green,5.8
"29 km NE of Numata, Japan",Japan,Asia,green,5.8
"Izu Islands, Japan region",Japan,Asia,green,5.8
"52 km SW of Yonakuni, Japan",Japan,Asia,green,5.8
"42 km NE of Anamizu, Japan",Japan,Asia,green,5.8
"54 km ESE of Ishinomaki, Japan",Japan,Asia,green,5.8
"Volcano Islands, Japan region",Japan,Asia,green,5.8
"Izu Islands, Japan region",Japan,Asia,green,5.8
"Izu Islands, Japan region",Japan,Asia,green,5.8
"82 km ENE of Yokohama, Japan",Japan,Asia,green,5.8
"6 km WNW of Sumoto, Japan",Japan,Asia,green,5.8
"223 km SE of Shing?, Japan",Japan,Asia,green,5.8
"68 km SSE of Hiroo, Japan",Japan,Asia,green,5.8
"166 km E of Nishinoomote, Japan",Japan,Asia,green,5.8
"246 km SSE of Tateyama, Japan",Japan,Asia,green,5.8
"121 km ENE of Hasaki, Japan",Japan,Asia,green,5.8
"156 km SSE of Shimoda, Japan",Japan,Asia,green,5.8
"118 km E of Miyako, Japan",Japan,Asia,green,5.8
"Bonin Islands, Japan region",Japan,Asia,green,5.8
"Volcano Islands, Japan region",Japan,Asia,green,5.8
"52 km E of Namie, Japan",Japan,Asia,green,5.8
"Izu Islands, Japan region",Japan,Asia,green,5.8
"53 km E of Takanabe, Japan",Japan,Asia,green,5.8
"Izu Islands, Japan region",Japan,Asia,green,5.8
"169 km ENE of Miyako, Japan",Japan,Asia,green,5.8
"Izu Islands, Japan region",Japan,Asia,green,5.8
"38 km ESE of Shingū, Japan",Japan,Asia,green,5.8
"93 km SSE of Yonakuni, Japan",Japan,Asia,green,5.8
"Volcano Islands, Japan region",Japan,Asia,green,5.8
"Izu Islands, Japan region",Japan,Asia,green,5.8
"56 km SW of Yonakuni, Japan",Japan,Asia,green,5.8
"107 km E of Miyako, Japan",Japan,Asia,green,5.8
"Bonin Islands, Japan region",Japan,Asia,green,5.8
"Volcano Islands, Japan region",Japan,Asia,green,5.8
"20 km S of La Placita de Morelos, Mexico",Mexico,Americas,green,5.8
"3 km WSW of San Melchor Betaza, Mexico",Mexico,Americas,green,5.8
"69 km SW of Brisas Barra de Suchiate, Mexico",Mexico,Americas,green,5.8
"3 km WNW of San Agustín Chayuco, Mexico",Mexico,Americas,green,5.8
"80 km SSW of La Gloria, Mexico",Mexico,Americas,green,5.8
"80 km SSW of Cabeza de Toro, Mexico",Mexico,Americas,green,5.8
"138 km SW of Manuel Ávila Camacho (Ponte Duro), Mexico",Mexico,Americas,green,5.8
"176 km SSW of Emiliano Zapata, Mexico",Mexico,Americas,green,5.8
"92 km S of San Francisco del Mar Viejo, Mexico",Mexico,Americas,green,5.8
"4 km NNW of Santa María Camotlán, Mexico",Mexico,Americas,green,5.8
"5 km NNE of Nuevo León, Mexico",Mexico,Americas,green,5.8
"26 km SW of Corralero, Mexico",Mexico,Americas,green,5.8
"5 km N of Tequicuilco, Mexico",Mexico,Americas,green,5.8
"30 km S of Barra de Navidad, Mexico",Mexico,Americas,green,5.8
"7 km NNE of Tonalá, Mexico",Mexico,Americas,green,5.8
"224 km SW of La Cruz de Loreto, Mexico",Mexico,Americas,green,5.8
"2 km SSW of Palomares, Mexico",Mexico,Americas,green,5.8
"123 km SW of El Palmarcito, Mexico",Mexico,Americas,green,5.8
"251 km ESE of Tadine, New Caledonia",New Caledonia,Oceania,green,5.8
"138 km E of Tadine, New Caledonia",New Caledonia,Oceania,green,5.8
"Kermadec Islands, New Zealand",New Zealand,Oceania,green,5.8
"261 km SW of Riverton, New Zealand",New Zealand,Oceania,green,5.8
"66 km SSE of Blenheim, New Zealand",New Zealand,Oceania,green,5.8
"Kermadec Islands, New Zealand",New Zealand,Oceania,green,5.8
"69 km NNE of Whakatane, New Zealand",New Zealand,Oceania,green,5.8
"211 km NE of Opotiki, New Zealand",New Zealand,Oceania,green,5.8
"Kermadec Islands, New Zealand",New Zealand,Oceania,green,5.8
"Kermadec Islands, New Zealand",New Zealand,Oceania,green,5.8
"175 km NNE of Opotiki, New Zealand",New Zealand,Oceania,green,5.8
"159 km W of Riverton, New Zealand",New Zealand,Oceania,green,5.8
"Kermadec Islands, New Zealand",New Zealand,Oceania,green,5.8
"Kermadec Islands, New Zealand",New Zealand,Oceania,green,5.8
"Kermadec Islands, New Zealand",New Zealand,Oceania,green,5.8
"154 km NE of Opotiki, New Zealand",New Zealand,Oceania,green,5.8
"153 km WSW of Te Anau, New Zealand",New Zealand,Oceania,green,5.8
"174 km NE of Opotiki, New Zealand",New Zealand,Oceania,green,5.8
"119 km E of Hicks Bay, New Zealand",New Zealand,Oceania,green,5.8
"71 km S of Masachapa, Nicaragua",Nicaragua,Americas,green,5.8
"63 km SW of San Juan del Sur, Nicaragua",Nicaragua,Americas,green,5.8
"Pagan region, Northern Mariana Islands",Northern Mariana Islands,Oceania,green,5.8
"Pagan region, Northern Mariana Islands",Northern Mariana Islands,Oceania,green,5.8
"Pagan region, Northern Mariana Islands",Northern Mariana Islands,Oceania,green,5.8
"122 km WSW of Khuzdar, Pakistan",Pakistan,Asia,green,5.8
"167 km S of Punta de Burica, Panama",Panama,Americas,green,5.8
"83 km S of Boca Chica, Panama",Panama,Americas,green,5.8
"69 km WSW of Río Grande, Panama",Panama,Americas,green,5.8
"77 km SE of Burica, Panama",Panama,Americas,green,5.8
"36 km NW of Finschhafen, Papua New Guinea",Papua New Guinea,Oceania,green,5.8
"142 km SSW of Kokopo, Papua New Guinea",Papua New Guinea,Oceania,green,5.8
"94 km ENE of Kainantu, Papua New Guinea",Papua New Guinea,Oceania,green,5.8
"66 km WSW of Rabaul, Papua New Guinea",Papua New Guinea,Oceania,green,5.8
"eastern New Guinea region, Papua New Guinea",Papua New Guinea,Oceania,green,5.8
"85 km WNW of Kandrian, Papua New Guinea",Papua New Guinea,Oceania,green,5.8
"42 km ESE of Kainantu, Papua New Guinea",Papua New Guinea,Oceania,green,5.8
"40 km SSW of Mendi, Papua New Guinea",Papua New Guinea,Oceania,green,5.8
"87 km ESE of Kimbe, Papua New Guinea",Papua New Guinea,Oceania,green,5.8
"42 km S of Angoram, Papua New Guinea",Papua New Guinea,Oceania,green,5.8
"Enga, Papua New Guinea",Papua New Guinea,Oceania,green,5.8
"107 km ESE of Kimbe, Papua New Guinea",Papua New Guinea,Oceania,green,5.8
"40 km ENE of Kandrian, Papua New Guinea",Papua New Guinea,Oceania,green,5.8
"114 km SSW of Kokopo, Papua New Guinea",Papua New Guinea,Oceania,green,5.8
"66 km WSW of Santiago, Peru",Peru,Americas,green,5.8
"41 km ENE of Santa Rosa, Peru",Peru,Americas,green,5.8
"27 km SSE of Atiquipa, Peru",Peru,Americas,green,5.8
"24 km SW of Acarí, Peru",Peru,Americas,green,5.8
"90 km WSW of Santiago de Cao, Peru",Peru,Americas,green,5.8
"17 km S of Chinchaypujio, Peru",Peru,Americas,green,5.8
"96 km NE of Cabatuan, Philippines",Philippines,Asia,green,5.8
"66 km ENE of Hinatuan, Philippines",Philippines,Asia,green,5.8
"7 km E of Cantilan, Philippines",Philippines,Asia,green,5.8
"Mindanao, Philippines",Philippines,Asia,green,5.8
"203 km SE of Tabiauan, Philippines",Philippines,Asia,green,5.8
"31 km NNE of Basco, Philippines",Philippines,Asia,green,5.8
"2 km W of Balitoc, Philippines",Philippines,Asia,green,5.8
"136 km SE of Pondaguitan, Philippines",Philippines,Asia,green,5.8
"10 km SSW of Tingloy, Philippines",Philippines,Asia,green,5.8
"65 km ENE of Barcelona, Philippines",Philippines,Asia,green,5.8
"7 km SE of Causwagan, Philippines",Philippines,Asia,green,5.8
"5 km NW of San Pedro, Philippines",Philippines,Asia,green,5.8
"3 km N of La Paz, Philippines",Philippines,Asia,green,5.8
"Moro Gulf, Mindanao, Philippines",Philippines,Asia,green,5.8
"60 km ENE of Bacolod, Philippines",Philippines,Asia,green,5.8
"8 km W of Esperanza, Philippines",Philippines,Asia,green,5.8
"6 km SE of Hukay, Philippines",Philippines,Asia,green,5.8
"8 km N of Osias, Philippines",Philippines,Asia,green,5.8
"13 km NW of Zarubino, Russia",Russia,Europe,green,5.8
"Primor'ye, Russia",Russia,Europe,green,5.8
"161 km E of Petropavlovsk-Kamchatsky, Russia",Russia,Europe,green,5.8
"184 km ESE of Ozernovskiy, Russia",Russia,Europe,green,5.8
"80 km ENE of Severo-Kuril’sk, Russia",Russia,Europe,green,5.8
"286 km E of Poronaysk, Russia",Russia,Europe,green,5.8
"159 km SE of Vilyuchinsk, Russia",Russia,Europe,green,5.8
"297 km ESE of Ust’-Kamchatsk Staryy, Russia",Russia,Europe,green,5.8
"149 km SSW of Severo-Kuril’sk, Russia",Russia,Europe,green,5.8
"284 km NNW of Kuril’sk, Russia",Russia,Europe,green,5.8
"117 km SSE of Kuril’sk, Russia",Russia,Europe,green,5.8
"167 km SSE of Vilyuchinsk, Russia",Russia,Europe,green,5.8
"164 km ENE of Petropavlovsk-Kamchatsky, Russia",Russia,Europe,green,5.8
"159 km SE of Vilyuchinsk, Russia",Russia,Europe,green,5.8
"158 km ESE of Petropavlovsk-Kamchatsky, Russia",Russia,Europe,green,5.8
"99 km ENE of Shikotan, Russia",Russia,Europe,green,5.8
"265 km WNW of Ozernovskiy, Russia",Russia,Europe,green,5.8
"153 km ENE of Petropavlovsk-Kamchatsky, Russia",Russia,Europe,green,5.8
"190 km ESE of Dolinsk, Russia",Russia,Europe,green,5.8
"153 km ESE of Ust’-Kamchatsk Staryy, Russia",Russia,Europe,green,5.8
"107 km SW of Severo-Kuril’sk, Russia",Russia,Europe,green,5.8
"262 km ENE of Kuril’sk, Russia",Russia,Europe,green,5.8
"115 km SSE of Vilyuchinsk, Russia",Russia,Europe,green,5.8
"178 km ENE of Georgetown, Saint Helena",Saint Helena,Africa,green,5.8
"81 km ENE of Georgetown, Saint Helena",Saint Helena,Africa,green,5.8
"141 km SSW of Gataivai, Samoa",Samoa,Oceania,green,5.8
"283 km SSE of Ta`?, American Samoa",Samoa,Oceania,green,5.8
"135 km SW of Gataivai, Samoa",Samoa,Oceania,green,5.8
"42 km E of Lata, Solomon Islands",Solomon Islands,Oceania,green,5.8
"22 km SE of Lata, Solomon Islands",Solomon Islands,Oceania,green,5.8
"82 km SW of Kirakira, Solomon Islands",Solomon Islands,Oceania,green,5.8
"64 km E of Lata, Solomon Islands",Solomon Islands,Oceania,green,5.8
"106 km SSE of Kirakira, Solomon Islands",Solomon Islands,Oceania,green,5.8
"57 km W of Kirakira, Solomon Islands",Solomon Islands,Oceania,green,5.8
"87 km S of Kirakira, Solomon Islands",Solomon Islands,Oceania,green,5.8
"33 km NNW of Malango, Solomon Islands",Solomon Islands,Oceania,green,5.8
"54 km WSW of Lata, Solomon Islands",Solomon Islands,Oceania,green,5.8
"67 km W of Lata, Solomon Islands",Solomon Islands,Oceania,green,5.8
"69 km ESE of Lata, Solomon Islands",Solomon Islands,Oceania,green,5.8
"144 km ESE of Kirakira, Solomon Islands",Solomon Islands,Oceania,green,5.8
"48 km SE of Gizo, Solomon Islands",Solomon Islands,Oceania,green,5.8
"116 km WSW of Lata, Solomon Islands",Solomon Islands,Oceania,green,5.8
"13 km S of Lata, Solomon Islands",Solomon Islands,Oceania,green,5.8
"84 km SW of Kirakira, Solomon Islands",Solomon Islands,Oceania,green,5.8
"246 km SW of Gizo, Solomon Islands",Solomon Islands,Oceania,green,5.8
"102 km WNW of Kirakira, Solomon Islands",Solomon Islands,Oceania,green,5.8
"88 km SSE of Panguna, Papua New Guinea",Solomon Islands,Oceania,green,5.8
"142 km SE of Lata, Solomon Islands",Solomon Islands,Oceania,green,5.8
"124 km SE of Lata, Solomon Islands",Solomon Islands,Oceania,green,5.8
"80 km E of Lata, Solomon Islands",Solomon Islands,Oceania,green,5.8
"53 km WNW of Kirakira, Solomon Islands",Solomon Islands,Oceania,green,5.8
"164 km N of Las Khorey, Somalia",Somalia,Africa,green,5.8
"163 km NNW of Qandala, Somalia",Somalia,Africa,green,5.8
"38 km NE of Hualien City, Taiwan",Taiwan,Asia,green,5.8
"99 km NE of Hengchun, Taiwan",Taiwan,Asia,green,5.8
"56 km E of Yilan, Taiwan",Taiwan,Asia,green,5.8
"22 km SSE of Hualien City, Taiwan",Taiwan,Asia,green,5.8
"164 km SSW of Hengchun, Taiwan",Taiwan,Asia,green,5.8
"24 km ESE of Yilan, Taiwan",Taiwan,Asia,green,5.8
"15 km SSW of Hualien City, Taiwan",Taiwan,Asia,green,5.8
"68 km ENE of Hualien City, Taiwan",Taiwan,Asia,green,5.8
"27 km S of Hualien City, Taiwan",Taiwan,Asia,green,5.8
"63 km S of Hualien City, Taiwan",Taiwan,Asia,green,5.8
"35 km SSE of Yilan, Taiwan",Taiwan,Asia,green,5.8
"28 km NNW of Karakenja, Tajikistan",Tajikistan,Asia,green,5.8
"46 km NNW of Novobod, Tajikistan",Tajikistan,Asia,green,5.8
Tonga,Tonga,Oceania,green,5.8
"75 km NE of Kolonga, Tonga",Tonga,Oceania,green,5.8
"223 km WNW of Pangai, Tonga",Tonga,Oceania,green,5.8
"68 km SSE of Hihifo, Tonga",Tonga,Oceania,green,5.8
"142 km NE of Hihifo, Tonga",Tonga,Oceania,green,5.8
"80 km ENE of ‘Ohonua, Tonga",Tonga,Oceania,green,5.8
Tonga,Tonga,Oceania,green,5.8
"116 km WSW of Houma, Tonga",Tonga,Oceania,green,5.8
"254 km SSW of ‘Ohonua, Tonga",Tonga,Oceania,green,5.8
"118 km NE of Hihifo, Tonga",Tonga,Oceania,green,5.8
"97 km NE of Hihifo, Tonga",Tonga,Oceania,green,5.8
"92 km SE of Neiafu, Tonga",Tonga,Oceania,green,5.8
"115 km ENE of Hihifo, Tonga",Tonga,Oceania,green,5.8
"69 km N of Neiafu, Tonga",Tonga,Oceania,green,5.8
"150 km WNW of Haveluloto, Tonga",Tonga,Oceania,green,5.8
"264 km SW of Houma, Tonga",Tonga,Oceania,green,5.8
"134 km SSW of ‘Ohonua, Tonga",Tonga,Oceania,green,5.8
"117 km E of ‘Ohonua, Tonga",Tonga,Oceania,green,5.8
"108 km NNE of Hihifo, Tonga",Tonga,Oceania,green,5.8
"91 km NNE of Hihifo, Tonga",Tonga,Oceania,green,5.8
"103 km E of Hihifo, Tonga",Tonga,Oceania,green,5.8
"274 km W of Haveluloto, Tonga",Tonga,Oceania,green,5.8
"171 km NW of Hihifo, Tonga",Tonga,Oceania,green,5.8
"241 km WNW of Pangai, Tonga",Tonga,Oceania,green,5.8
south of Tonga,Tonga,Oceania,green,5.8
"295 km WNW of Haveluloto, Tonga",Tonga,Oceania,green,5.8
"155 km WNW of Neiafu, Tonga",Tonga,Oceania,green,5.8
"127 km WNW of Hihifo, Tonga",Tonga,Oceania,green,5.8
"279 km SW of Vaini, Tonga",Tonga,Oceania,green,5.8
"280 km SW of Vaini, Tonga",Tonga,Oceania,green,5.8
"9 km SW of Do?an?ehir, Turkey",Turkey,Asia,green,5.8
"8 km SSW of İçmeler, Turkey",Turkey,Asia,green,5.8
"14 km NW of Pawnee, Oklahoma",United States of America,Americas,green,5.8
"7 km NNW of Anchorage, Alaska",United States of America,Americas,green,5.8
"18km SSE of Lone Pine, CA",United States of America,Americas,green,5.8
"46 km SW of Skwentna, Alaska",United States of America,Americas,green,5.8
"11 km SE of Lincoln, Montana",United States of America,Americas,green,5.8
northern Alaska,United States of America,Americas,green,5.8
"8 km ENE of Lakatoro, Vanuatu",Vanuatu,Oceania,green,5.8
"9 km SSE of Port-Vila, Vanuatu",Vanuatu,Oceania,green,5.8
Vanuatu region,Vanuatu,Oceania,green,5.8
"6 km ENE of Norsup, Vanuatu",Vanuatu,Oceania,green,5.8
"78 km SE of Port-Vila, Vanuatu",Vanuatu,Oceania,green,5.8
Vanuatu region,Vanuatu,Oceania,green,5.8
"29 km SSW of Luganville, Vanuatu",Vanuatu,Oceania,green,5.8
"103 km SSW of Isangel, Vanuatu",Vanuatu,Oceania,green,5.8
"79 km NW of Port-Olry, Vanuatu",Vanuatu,Oceania,green,5.8
"90 km NW of Port-Vila, Vanuatu",Vanuatu,Oceania,green,5.8
Vanuatu region,Vanuatu,Oceania,green,5.8
"65 km SSW of Sola, Vanuatu",Vanuatu,Oceania,green,5.8
"48 km NNW of Sola, Vanuatu",Vanuatu,Oceania,green,5.8
"101 km ENE of Luganville, Vanuatu",Vanuatu,Oceania,green,5.8
"26 km SW of Isangel, Vanuatu",Vanuatu,Oceania,green,5.8
"96 km WSW of Sola, Vanuatu",Vanuatu,Oceania,green,5.8
"113 km SSE of Isangel, Vanuatu",Vanuatu,Oceania,green,5.8
"35 km SW of Lakatoro, Vanuatu",Vanuatu,Oceania,green,5.8
"101 km SSE of Port-Vila, Vanuatu",Vanuatu,Oceania,green,5.8
"114 km WNW of Sola, Vanuatu",Vanuatu,Oceania,green,5.8
"104 km E of Lakatoro, Vanuatu",Vanuatu,Oceania,green,5.8
"16 km WNW of Port-Olry, Vanuatu",Vanuatu,Oceania,green,5.8
"37 km NW of Port-Olry, Vanuatu",Vanuatu,Oceania,green,5.8
"36 km ENE of Port-Olry, Vanuatu",Vanuatu,Oceania,green,5.8
Vanuatu region,Vanuatu,Oceania,green,5.8
"35 km E of Carúpano, Venezuela",Venezuela,Americas,green,5.8
"258 km SSE of Alo, Wallis and Futuna",Wallis and Futuna,Oceania,green,5.8
"179 km ESE of Alo, Wallis and Futuna",Wallis and Futuna,Oceania,green,5.8
"13km WSW of Ludlow, CA",United States of America,Americas,green,5.77
"The 1981 Westmorland, California Earthquake",United States of America,Americas,green,5.75
"18 km SW of Leilani Estates, Hawaii",United States of America,Americas,green,5.73
"8km ESE of Ocotillo, CA",United States of America,Americas,green,5.71
"29 km SSW of Ashk?sham, Afghanistan",Afghanistan,Asia,green,5.7
"58 km SSW of Ashkāsham, Afghanistan",Afghanistan,Asia,green,5.7
"31 km SSE of Jurm, Afghanistan",Afghanistan,Asia,green,5.7
"204 km WNW of Adak, Alaska",Alaska,Americas,green,5.7
"156 km ESE of Akutan, Alaska",Alaska,Americas,green,5.7
"Andreanof Islands, Aleutian Islands, Alaska",Alaska,Americas,green,5.7
"123 km SSW of Adak, Alaska",Alaska,Americas,green,5.7
"89 km SSW of Nikolski, Alaska",Alaska,Americas,green,5.7
"114 km SSE of Sand Point, Alaska",Alaska,Americas,green,5.7
"231 km ESE of Attu Station, Alaska",Alaska,Americas,green,5.7
"239 km WSW of Adak, Alaska",Alaska,Americas,green,5.7
"98 km SSW of Adak, Alaska",Alaska,Americas,green,5.7
"Rat Islands, Aleutian Islands, Alaska",Alaska,Americas,green,5.7
"104 km SSE of Sand Point, Alaska",Alaska,Americas,green,5.7
"Rat Islands, Aleutian Islands, Alaska",Alaska,Americas,green,5.7
"180 km W of Adak, Alaska",Alaska,Americas,green,5.7
"75 km SE of Perryville, Alaska",Alaska,Americas,green,5.7
"82 km SSW of Nikolski, Alaska",Alaska,Americas,green,5.7
"223 km WSW of Pelican, Alaska",Alaska,Americas,green,5.7
south of Alaska,Alaska,Americas,green,5.7
"Rat Islands, Aleutian Islands, Alaska",Alaska,Americas,green,5.7
"178 km SSE of King Cove, Alaska",Alaska,Americas,green,5.7
"246 km WSW of Adak, Alaska",Alaska,Americas,green,5.7
"76 km ESE of Sand Point, Alaska",Alaska,Americas,green,5.7
"80 km SSW of Atka, Alaska",Alaska,Americas,green,5.7
"Rat Islands, Aleutian Islands, Alaska",Alaska,Americas,green,5.7
"43 km ESE of Nikolski, Alaska",Alaska,Americas,green,5.7
"118 km SW of Adak, Alaska",Alaska,Americas,green,5.7
"Rat Islands, Aleutian Islands, Alaska",Alaska,Americas,green,5.7
"111 km SE of Atka, Alaska",Alaska,Americas,green,5.7
"Rat Islands, Aleutian Islands, Alaska",Alaska,Americas,green,5.7
"155 km SSW of Akhiok, Alaska",Alaska,Americas,green,5.7
"278 km SSE of Ushuaia, Argentina",Argentina,Americas,green,5.7
"69 km SW of Vinchina, Argentina",Argentina,Americas,green,5.7
Chile-Argentina border region,Argentina,Americas,green,5.7
"62 km SW of San Luis, Argentina",Argentina,Americas,green,5.7
"85 km W of San Antonio de los Cobres, Argentina",Argentina,Americas,green,5.7
"33 km N of Chilecito, Argentina",Argentina,Americas,green,5.7
"65 km NNW of Albardón, Argentina",Argentina,Americas,green,5.7
"48 km NW of Abra Pampa, Argentina",Argentina,Americas,green,5.7
"113 km E of Vallenar, Chile",Argentina,Americas,green,5.7
northwest of Australia,Australia,Oceania,green,5.7
"37 km NNW of Whitsundays, Australia",Australia,Oceania,green,5.7
"135 km ENE of Bathsheba, Barbados",Barbados,Americas,green,5.7
"61 km WSW of Challapata, Bolivia",Bolivia,Americas,green,5.7
"65 km E of Chuquitira, Peru",Bolivia,Americas,green,5.7
"15 km NNE of Ljubinje, Bosnia and Herzegovina",Bosnia and Herzegovina,Europe,green,5.7
"194 km W of Port McNeill, Canada",Canada,Americas,green,5.7
"233 km WSW of Tofino, Canada",Canada,Americas,green,5.7
"22 km SW of Ovalle, Chile",Chile,Americas,green,5.7
"30 km ENE of Chicureo Abajo, Chile",Chile,Americas,green,5.7
"85 km WNW of Illapel, Chile",Chile,Americas,green,5.7
"46 km WSW of Taltal, Chile",Chile,Americas,green,5.7
"77 km SW of Iquique, Chile",Chile,Americas,green,5.7
"76 km NW of Iquique, Chile",Chile,Americas,green,5.7
West Chile Rise,Chile,Americas,green,5.7
"99 km NW of Vallenar, Chile",Chile,Americas,green,5.7
"32 km W of San Antonio, Chile",Chile,Americas,green,5.7
"164 km ESE of Iquique, Chile",Chile,Americas,green,5.7
"48 km W of Illapel, Chile",Chile,Americas,green,5.7
"Off the coast of Aisen, Chile",Chile,Americas,green,5.7
"33 km S of Camiña, Chile",Chile,Americas,green,5.7
"122 km W of Copiapó, Chile",Chile,Americas,green,5.7
"85 km SW of Iquique, Chile",Chile,Americas,green,5.7
"77 km NW of Illapel, Chile",Chile,Americas,green,5.7
"42 km W of Ovalle, Chile",Chile,Americas,green,5.7
"67 km NNE of Calama, Chile",Chile,Americas,green,5.7
"41 km ENE of Villa Presidente Frei, Ñuñoa, Santiago, Chile, Chile",Chile,Americas,green,5.7
"Near the coast of Bio-Bio, Chile",Chile,Americas,green,5.7
"98 km NW of Iquique, Chile",Chile,Americas,green,5.7
"66 km SW of Ovalle, Chile",Chile,Americas,green,5.7
"82 km WSW of Ovalle, Chile",Chile,Americas,green,5.7
"141 km WNW of Coquimbo, Chile",Chile,Americas,green,5.7
West Chile Rise,Chile,Americas,green,5.7
"42 km N of La Serena, Chile",Chile,Americas,green,5.7
"79 km NW of Coquimbo, Chile",Chile,Americas,green,5.7
"73 km W of Iquique, Chile",Chile,Americas,green,5.7
"21 km NNW of La Serena, Chile",Chile,Americas,green,5.7
"4 km WSW of San Pedro de Atacama, Chile",Chile,Americas,green,5.7
"77 km NW of Iquique, Chile",Chile,Americas,green,5.7
"66 km WNW of Arauco, Chile",Chile,Americas,green,5.7
"Off the coast of Aisen, Chile",Chile,Americas,green,5.7
"87 km WNW of Iquique, Chile",Chile,Americas,green,5.7
"57 km WNW of Illapel, Chile",Chile,Americas,green,5.7
West Chile Rise,Chile,Americas,green,5.7
"267 km ESE of Hotan, China",China,Asia,green,5.7
"69 km NE of Lobujya, Nepal",China,Asia,green,5.7
"148 km SSW of Laojunmiao, China",China,Asia,green,5.7
"southern Xinjiang, China",China,Asia,green,5.7
"41 km ESE of Mountain, Colombia",Colombia,Americas,green,5.7
"9 km NW of Mesetas, Colombia",Colombia,Americas,green,5.7
"13 km NNE of Pinillos, Colombia",Colombia,Americas,green,5.7
"12 km SW of Puerto Armuelles, Panama",Costa Rica,Americas,green,5.7
"102 km S of Sámara, Costa Rica",Costa Rica,Americas,green,5.7
"77 km NNE of Punta Cana, Dominican Republic",Dominican Republic,Americas,green,5.7
"26 km W of Muisne, Ecuador",Ecuador,Americas,green,5.7
"11 km SW of Samborondón, Ecuador",Ecuador,Americas,green,5.7
"51 km NW of Pampanal de Bolívar, Ecuador",Ecuador,Americas,green,5.7
"27 km SE of La Libertad, El Salvador",El Salvador,Americas,green,5.7
El Salvador,El Salvador,Americas,green,5.7
"52 km N of Āwash, Ethiopia",Ethiopia,Africa,green,5.7
Federated States of Micronesia region,Federated States of Micronesia,Oceania,green,5.7
"169 km WSW of Nadi, Fiji",Fiji,Oceania,green,5.7
"104 km NE of Labasa, Fiji",Fiji,Oceania,green,5.7
"231 km E of Levuka, Fiji",Fiji,Oceania,green,5.7
south of the Fiji Islands,Fiji,Oceania,green,5.7
south of the Fiji Islands,Fiji,Oceania,green,5.7
Fiji region,Fiji,Oceania,green,5.7
"263 km E of Levuka, Fiji",Fiji,Oceania,green,5.7
"80 km ENE of Levuka, Fiji",Fiji,Oceania,green,5.7
"88 km ENE of Levuka, Fiji",Fiji,Oceania,green,5.7
south of the Fiji Islands,Fiji,Oceania,green,5.7
Fiji region,Fiji,Oceania,green,5.7
"286 km E of Levuka, Fiji",Fiji,Oceania,green,5.7
"216 km SE of Levuka, Fiji",Fiji,Oceania,green,5.7
"230 km E of Levuka, Fiji",Fiji,Oceania,green,5.7
"242 km ENE of Levuka, Fiji",Fiji,Oceania,green,5.7
"234 km SW of Nadi, Fiji",Fiji,Oceania,green,5.7
south of the Fiji Islands,Fiji,Oceania,green,5.7
"211 km ENE of Levuka, Fiji",Fiji,Oceania,green,5.7
Fiji region,Fiji,Oceania,green,5.7
"224 km E of Levuka, Fiji",Fiji,Oceania,green,5.7
"94 km SSW of Suva, Fiji",Fiji,Oceania,green,5.7
south of the Fiji Islands,Fiji,Oceania,green,5.7
"23 km S of Levuka, Fiji",Fiji,Oceania,green,5.7
"177 km ENE of Labasa, Fiji",Fiji,Oceania,green,5.7
"275 km WNW of Lautoka, Fiji",Fiji,Oceania,green,5.7
"247 km E of Levuka, Fiji",Fiji,Oceania,green,5.7
"255 km WNW of Nadi, Fiji",Fiji,Oceania,green,5.7
"290 km E of Levuka, Fiji",Fiji,Oceania,green,5.7
"96 km NNW of Ba, Fiji",Fiji,Oceania,green,5.7
Fiji region,Fiji,Oceania,green,5.7
"164 km SW of Nadi, Fiji",Fiji,Oceania,green,5.7
"19 km S of Pýrgos, Greece",Greece,Europe,green,5.7
"92 km S of Néa Anatolí, Greece",Greece,Europe,green,5.7
"36 km SW of Lithakiá, Greece",Greece,Europe,green,5.7
"63 km SE of Karpathos, Greece",Greece,Europe,green,5.7
"14 km NNE of Kanaláki, Greece",Greece,Europe,green,5.7
"224 km SW of Methóni, Greece",Greece,Europe,green,5.7
Greenland Sea,Greenland,Americas,green,5.7
Greenland Sea,Greenland,Americas,green,5.7
Greenland Sea,Greenland,Americas,green,5.7
"84 km ESE of Inarajan Village, Guam",Guam,Oceania,green,5.7
"23 km NNE of Yigo Village, Guam",Guam,Oceania,green,5.7
"140 km E of Yigo Village, Guam",Guam,Oceania,green,5.7
"140 km NNW of Dededo Village, Guam",Guam,Oceania,green,5.7
"104 km S of Merizo Village, Guam",Guam,Oceania,green,5.7
"172 km WSW of Merizo Village, Guam",Guam,Oceania,green,5.7
Guam region,Guam,Oceania,green,5.7
"3 km SSE of El Pacayal, Mexico",Guatemala,Americas,green,5.7
"12 km SW of Guanagazapa, Guatemala",Guatemala,Americas,green,5.7
"49 km S of Champerico, Guatemala",Guatemala,Americas,green,5.7
"4 km WNW of Masagua, Guatemala",Guatemala,Americas,green,5.7
"11 km E of Nueva Concepción, Guatemala",Guatemala,Americas,green,5.7
"79 km S of Kokopo, Papua New Guinea",Guinea,Africa,green,5.7
"39 km N of Rabaul, Papua New Guinea",Guinea,Africa,green,5.7
"74 km SSW of Kokopo, Papua New Guinea",Guinea,Africa,green,5.7
"93 km S of Lorengau, Papua New Guinea",Guinea,Africa,green,5.7
"135 km N of Lae, Papua New Guinea",Guinea,Africa,green,5.7
"73 km SW of Panguna, Papua New Guinea",Guinea,Africa,green,5.7
"67 km SSE of Kokopo, Papua New Guinea",Guinea,Africa,green,5.7
"New Britain region, Papua New Guinea",Guinea,Africa,green,5.7
"207 km SE of Lorengau, Papua New Guinea",Guinea,Africa,green,5.7
"New Britain region, Papua New Guinea",Guinea,Africa,green,5.7
"150 km S of Kavieng, Papua New Guinea",Guinea,Africa,green,5.7
"120 km WSW of Panguna, Papua New Guinea",Guinea,Africa,green,5.7
"136 km N of Lae, Papua New Guinea",Guinea,Africa,green,5.7
"82 km W of Panguna, Papua New Guinea",Guinea,Africa,green,5.7
"86 km W of Rabaul, Papua New Guinea",Guinea,Africa,green,5.7
"147 km SW of Panguna, Papua New Guinea",Guinea,Africa,green,5.7
"81 km E of Finschhafen, Papua New Guinea",Guinea,Africa,green,5.7
"83 km SW of Panguna, Papua New Guinea",Guinea,Africa,green,5.7
"117 km SSE of Kokopo, Papua New Guinea",Guinea,Africa,green,5.7
"75 km W of Kandrian, Papua New Guinea",Guinea,Africa,green,5.7
"93 km E of Finschhafen, Papua New Guinea",Guinea,Africa,green,5.7
"178 km SSW of Kokopo, Papua New Guinea",Guinea,Africa,green,5.7
"82 km W of Panguna, Papua New Guinea",Guinea,Africa,green,5.7
"89 km WSW of Kandrian, Papua New Guinea",Guinea,Africa,green,5.7
"159 km E of Kokopo, Papua New Guinea",Guinea,Africa,green,5.7
"154 km SSW of Lorengau, Papua New Guinea",Guinea,Africa,green,5.7
"79 km E of Kimbe, Papua New Guinea",Guinea,Africa,green,5.7
"154 km SSW of Lorengau, Papua New Guinea",Guinea,Africa,green,5.7
"183 km WNW of Panguna, Papua New Guinea",Guinea,Africa,green,5.7
"45 km N of Savannah Bight, Honduras",Honduras,Americas,green,5.7
"15 km N of Siglufjörður, Iceland",Iceland,Europe,green,5.7
"Nicobar Islands, India region",India,Asia,green,5.7
"18 km ENE of ?mb?sa, India",India,Asia,green,5.7
"140 km E of Laikit, Laikit II (Dimembe), Indonesia",Indonesia,Asia,green,5.7
"58 km SSE of Blangpidie, Indonesia",Indonesia,Asia,green,5.7
"39 km S of Bengkulu, Indonesia",Indonesia,Asia,green,5.7
"35 km SW of Kotabumi, Indonesia",Indonesia,Asia,green,5.7
"244 km W of Abepura, Indonesia",Indonesia,Asia,green,5.7
"138 km WNW of Ternate, Indonesia",Indonesia,Asia,green,5.7
"47 km NNE of Ruteng, Indonesia",Indonesia,Asia,green,5.7
"111 km SE of Modisi, Indonesia",Indonesia,Asia,green,5.7
"59 km NNE of Sorong, Indonesia",Indonesia,Asia,green,5.7
"142 km S of Tondano, Indonesia",Indonesia,Asia,green,5.7
"102 km S of Luwuk, Indonesia",Indonesia,Asia,green,5.7
"70 km SW of Kencong, Indonesia",Indonesia,Asia,green,5.7
"45 km NW of Ternate, Indonesia",Indonesia,Asia,green,5.7
"137 km SSW of Banjar, Indonesia",Indonesia,Asia,green,5.7
"48 km WSW of Ambon, Indonesia",Indonesia,Asia,green,5.7
"88 km NW of Lubuklinggau, Indonesia",Indonesia,Asia,green,5.7
"201 km S of Pagar Alam, Indonesia",Indonesia,Asia,green,5.7
"106 km NE of Poso, Indonesia",Indonesia,Asia,green,5.7
"144 km S of Dampit, Indonesia",Indonesia,Asia,green,5.7
"63 km NE of Amahai, Indonesia",Indonesia,Asia,green,5.7
"111 km N of Maumere, Indonesia",Indonesia,Asia,green,5.7
"157 km N of Pototano, Indonesia",Indonesia,Asia,green,5.7
"80 km S of Kencong, Indonesia",Indonesia,Asia,green,5.7
"108 km N of Palu, Indonesia",Indonesia,Asia,green,5.7
"173 km WSW of Abepura, Indonesia",Indonesia,Asia,green,5.7
"250 km S of Ambon, Indonesia",Indonesia,Asia,green,5.7
"131 km W of Ternate, Indonesia",Indonesia,Asia,green,5.7
"78 km SSW of Padangsidempuan, Indonesia",Indonesia,Asia,green,5.7
"46 km SSE of Muncar, Indonesia",Indonesia,Asia,green,5.7
"Timor region, Indonesia",Indonesia,Asia,green,5.7
"157 km NW of Ternate, Indonesia",Indonesia,Asia,green,5.7
"212 km WSW of Ambon, Indonesia",Indonesia,Asia,green,5.7
"127 km SSW of Padang, Indonesia",Indonesia,Asia,green,5.7
"167 km NW of Tobelo, Indonesia",Indonesia,Asia,green,5.7
"148 km WSW of Fakfak, Indonesia",Indonesia,Asia,green,5.7
"77 km NNW of Jayapura, Indonesia",Indonesia,Asia,green,5.7
"86 km WNW of Ternate, Indonesia",Indonesia,Asia,green,5.7
"167 km NNW of Pototano, Indonesia",Indonesia,Asia,green,5.7
"157 km NE of Tual, Indonesia",Indonesia,Asia,green,5.7
"159 km S of Bengkulu, Indonesia",Indonesia,Asia,green,5.7
"182 km SW of Tual, Indonesia",Indonesia,Asia,green,5.7
"207 km SE of Sarangani, Philippines",Indonesia,Asia,green,5.7
"77 km SE of Kupang, Indonesia",Indonesia,Asia,green,5.7
"130 km NW of Ternate, Indonesia",Indonesia,Asia,green,5.7
"225 km W of Tual, Indonesia",Indonesia,Asia,green,5.7
"Kepulauan Mentawai region, Indonesia",Indonesia,Asia,green,5.7
"19 km ENE of Blangpidie, Indonesia",Indonesia,Asia,green,5.7
"121 km SSW of Singkil, Indonesia",Indonesia,Asia,green,5.7
"49 km NW of Maubara, Timor Leste",Indonesia,Asia,green,5.7
"150 km SSW of Pelabuhanratu, Indonesia",Indonesia,Asia,green,5.7
"Minahasa, Sulawesi, Indonesia",Indonesia,Asia,green,5.7
"143 km WNW of Manado, Indonesia",Indonesia,Asia,green,5.7
"33 km S of Mamuju, Indonesia",Indonesia,Asia,green,5.7
"125 km W of Ternate, Indonesia",Indonesia,Asia,green,5.7
"85 km SE of Ende, Indonesia",Indonesia,Asia,green,5.7
"21 km S of Bengkulu, Indonesia",Indonesia,Asia,green,5.7
"87 km W of Ambon, Indonesia",Indonesia,Asia,green,5.7
"108 km NNE of Bangkalan, Indonesia",Indonesia,Asia,green,5.7
"156 km N of Pototano, Indonesia",Indonesia,Asia,green,5.7
"140 km WNW of Ternate, Indonesia",Indonesia,Asia,green,5.7
"252 km SE of Ambon, Indonesia",Indonesia,Asia,green,5.7
"155 km N of Ruteng, Indonesia",Indonesia,Asia,green,5.7
"171 km NW of Tuapejat, Indonesia",Indonesia,Asia,green,5.7
"202 km SSW of Pagar Alam, Indonesia",Indonesia,Asia,green,5.7
"83 km S of Singkil, Indonesia",Indonesia,Asia,green,5.7
"91 km S of Waingapu, Indonesia",Indonesia,Asia,green,5.7
"179 km WSW of Pariaman, Indonesia",Indonesia,Asia,green,5.7
"287 km W of Tual, Indonesia",Indonesia,Asia,green,5.7
"93 km WNW of Sinabang, Indonesia",Indonesia,Asia,green,5.7
"53 km ESE of Dehlor?n, Iran",Iran,Asia,green,5.7
"143 km WSW of Naze, Japan",Japan,Asia,green,5.7
"Izu Islands, Japan region",Japan,Asia,green,5.7
"158 km WNW of Naze, Japan",Japan,Asia,green,5.7
"59 km SSE of Koshima, Japan",Japan,Asia,green,5.7
"146 km WNW of Naha, Japan",Japan,Asia,green,5.7
"51 km SE of Ōfunato, Japan",Japan,Asia,green,5.7
"38 km ENE of Hasaki, Japan",Japan,Asia,green,5.7
"91 km NE of Hirara, Japan",Japan,Asia,green,5.7
"Volcano Islands, Japan region",Japan,Asia,green,5.7
"70 km S of Nemuro, Japan",Japan,Asia,green,5.7
"165 km E of Nago, Japan",Japan,Asia,green,5.7
"106 km S of Kushiro, Japan",Japan,Asia,green,5.7
"Izu Islands, Japan region",Japan,Asia,green,5.7
"6 km S of Kikuchi, Japan",Japan,Asia,green,5.7
"Bonin Islands, Japan region",Japan,Asia,green,5.7
"Izu Islands, Japan region",Japan,Asia,green,5.7
"166 km W of Itoman, Japan",Japan,Asia,green,5.7
"46 km NNE of Hirara, Japan",Japan,Asia,green,5.7
"Bonin Islands, Japan region",Japan,Asia,green,5.7
"40 km ENE of Nishinoomote, Japan",Japan,Asia,green,5.7
"Volcano Islands, Japan region",Japan,Asia,green,5.7
"Izu Islands, Japan region",Japan,Asia,green,5.7
"138 km WSW of Kushikino, Japan",Japan,Asia,green,5.7
"Volcano Islands, Japan region",Japan,Asia,green,5.7
"276 km SSE of Tateyama, Japan",Japan,Asia,green,5.7
"43 km ESE of Ishinomaki, Japan",Japan,Asia,green,5.7
"119 km E of Iwaki, Japan",Japan,Asia,green,5.7
"110 km NNE of Nago, Japan",Japan,Asia,green,5.7
"11 km E of Miyako, Japan",Japan,Asia,green,5.7
"120 km E of Miyako, Japan",Japan,Asia,green,5.7
"48 km NNE of Miyako, Japan",Japan,Asia,green,5.7
"Izu Islands, Japan region",Japan,Asia,green,5.7
"61 km SSW of Yonakuni, Japan",Japan,Asia,green,5.7
"Volcano Islands, Japan region",Japan,Asia,green,5.7
"154 km SSE of Tateyama, Japan",Japan,Asia,green,5.7
"74 km ENE of Tatsugō, Japan",Japan,Asia,green,5.7
"130 km NNE of Yonakuni, Japan",Japan,Asia,green,5.7
"62 km ENE of Mutsu, Japan",Japan,Asia,green,5.7
"133 km E of Iwaki, Japan",Japan,Asia,green,5.7
"63 km ENE of Tatsugō, Japan",Japan,Asia,green,5.7
"8 km NNE of ?dach?-?da, Japan",Japan,Asia,green,5.7
"Izu Islands, Japan region",Japan,Asia,green,5.7
"Bonin Islands, Japan region",Japan,Asia,green,5.7
"161 km E of Nago, Japan",Japan,Asia,green,5.7
"119 km E of Miyako, Japan",Japan,Asia,green,5.7
"30 km ENE of Namie, Japan",Japan,Asia,green,5.7
"Izu Islands, Japan region",Japan,Asia,green,5.7
"44 km ENE of Chiang Klang, Thailand",Laos,Asia,green,5.7
"71 km WSW of Las Grullas Margen Derecha, Mexico",Mexico,Americas,green,5.7
"69 km E of La Rivera, Mexico",Mexico,Americas,green,5.7
"2 km S of San Sebastián Ixcapa, Mexico",Mexico,Americas,green,5.7
"Veracruz, Mexico",Mexico,Americas,green,5.7
"Oaxaca, Mexico",Mexico,Americas,green,5.7
"140 km SW of Empaque Tarriba, Mexico",Mexico,Americas,green,5.7
"12 km SSW of Huehuetlan el Chico, Mexico",Mexico,Americas,green,5.7
"21 km SE of La Horqueta (Poblado Doce), Mexico",Mexico,Americas,green,5.7
"201 km SSW of Barra de Navidad, Mexico",Mexico,Americas,green,5.7
"100 km SSW of Cabeza de Toro, Mexico",Mexico,Americas,green,5.7
"11 km ENE of Tonalá, Mexico",Mexico,Americas,green,5.7
"161 km SW of La Esperanza (El Zapotal), Mexico",Mexico,Americas,green,5.7
"33 km NNE of Sarupathar, India",Myanmar,Asia,green,5.7
"76 km SW of Kēng Tung, Myanmar",Myanmar,Asia,green,5.7
"48 km NE of Shwebo, Myanmar",Myanmar,Asia,green,5.7
Nepal,Nepal,Asia,green,5.7
"39 km NE of Dipayal, Nepal",Nepal,Asia,green,5.7
"263 km ESE of Tadine, New Caledonia",New Caledonia,Oceania,green,5.7
"255 km ESE of Tadine, New Caledonia",New Caledonia,Oceania,green,5.7
"117 km ENE of Tadine, New Caledonia",New Caledonia,Oceania,green,5.7
"166 km E of Tadine, New Caledonia",New Caledonia,Oceania,green,5.7
"198 km E of Tadine, New Caledonia",New Caledonia,Oceania,green,5.7
"101 km NE of Tadine, New Caledonia",New Caledonia,Oceania,green,5.7
"167 km E of Tadine, New Caledonia",New Caledonia,Oceania,green,5.7
"170 km ESE of Tadine, New Caledonia",New Caledonia,Oceania,green,5.7
"169 km NE of Gisborne, New Zealand",New Zealand,Oceania,green,5.7
"101 km SSW of Blenheim, New Zealand",New Zealand,Oceania,green,5.7
"28 km SE of Blenheim, New Zealand",New Zealand,Oceania,green,5.7
"55 km NW of Raumati Beach, New Zealand",New Zealand,Oceania,green,5.7
"Kermadec Islands, New Zealand",New Zealand,Oceania,green,5.7
"90 km S of Blenheim, New Zealand",New Zealand,Oceania,green,5.7
"Kermadec Islands, New Zealand",New Zealand,Oceania,green,5.7
off the west coast of the South Island of New Zealand,New Zealand,Oceania,green,5.7
"179 km NE of Opotiki, New Zealand",New Zealand,Oceania,green,5.7
"95 km S of Blenheim, New Zealand",New Zealand,Oceania,green,5.7
"Kermadec Islands, New Zealand",New Zealand,Oceania,green,5.7
"Kermadec Islands, New Zealand",New Zealand,Oceania,green,5.7
"Kermadec Islands, New Zealand",New Zealand,Oceania,green,5.7
"Kermadec Islands, New Zealand",New Zealand,Oceania,green,5.7
"22 km ENE of Eltham, New Zealand",New Zealand,Oceania,green,5.7
"Kermadec Islands, New Zealand",New Zealand,Oceania,green,5.7
"Kermadec Islands, New Zealand",New Zealand,Oceania,green,5.7
"72 km S of Masachapa, Nicaragua",Nicaragua,Americas,green,5.7
"11 km NNE of La Paz Centro, Nicaragua",Nicaragua,Americas,green,5.7
"159 km E of Saipan, Northern Mariana Islands",Northern Mariana Islands,Oceania,green,5.7
"Pagan region, Northern Mariana Islands",Northern Mariana Islands,Oceania,green,5.7
"147 km SSE of San Jose Village, Northern Mariana Islands",Northern Mariana Islands,Oceania,green,5.7
"Maug Islands region, Northern Mariana Islands",Northern Mariana Islands,Oceania,green,5.7
"Maug Islands region, Northern Mariana Islands",Northern Mariana Islands,Oceania,green,5.7
"187 km N of Saipan, Northern Mariana Islands",Northern Mariana Islands,Oceania,green,5.7
"8 km SSW of Guabito, Panama",Panama,Americas,green,5.7
"47 km SE of Pedasí, Panama",Panama,Americas,green,5.7
south of Panama,Panama,Americas,green,5.7
"8 km SE of Puerto Armuelles, Panama",Panama,Americas,green,5.7
"76 km SE of Madang, Papua New Guinea",Papua New Guinea,Oceania,green,5.7
"134 km ENE of Kimbe, Papua New Guinea",Papua New Guinea,Oceania,green,5.7
"45 km SSE of Angoram, Papua New Guinea",Papua New Guinea,Oceania,green,5.7
"57 km NE of Lae, Papua New Guinea",Papua New Guinea,Oceania,green,5.7
"49 km SSE of Madang, Papua New Guinea",Papua New Guinea,Oceania,green,5.7
"134 km SW of Kokopo, Papua New Guinea",Papua New Guinea,Oceania,green,5.7
"62 km S of Tari, Papua New Guinea",Papua New Guinea,Oceania,green,5.7
"75 km W of Tari, Papua New Guinea",Papua New Guinea,Oceania,green,5.7
"38 km WSW of Angoram, Papua New Guinea",Papua New Guinea,Oceania,green,5.7
"33 km SW of Rabaul, Papua New Guinea",Papua New Guinea,Oceania,green,5.7
"35 km SW of Tari, Papua New Guinea",Papua New Guinea,Oceania,green,5.7
"17 km SW of Finschhafen, Papua New Guinea",Papua New Guinea,Oceania,green,5.7
"120 km SSW of Kokopo, Papua New Guinea",Papua New Guinea,Oceania,green,5.7
"65 km ESE of Kokopo, Papua New Guinea",Papua New Guinea,Oceania,green,5.7
"18 km NNW of Santa Ana, Peru",Peru,Americas,green,5.7
"69 km NNE of Puerto Ocopa, Peru",Peru,Americas,green,5.7
"4 km NW of Madrigal, Peru",Peru,Americas,green,5.7
"48 km WNW of Alianza Cristiana, Peru",Peru,Americas,green,5.7
"15 km WNW of Llipata, Peru",Peru,Americas,green,5.7
"54 km WSW of Santiago, Peru",Peru,Americas,green,5.7
"14 km NE of Cahuacho, Peru",Peru,Americas,green,5.7
"25 km SSE of Atiquipa, Peru",Peru,Americas,green,5.7
"130 km NNW of Salvación, Peru",Peru,Americas,green,5.7
"26 km S of Atico, Peru",Peru,Americas,green,5.7
"13 km NW of Lampa, Peru",Peru,Americas,green,5.7
"53 km SSW of Paracas, Peru",Peru,Americas,green,5.7
"108 km S of Atico, Peru",Peru,Americas,green,5.7
"46 km S of San Juan, Peru",Peru,Americas,green,5.7
"21 km NNW of Bugko, Philippines",Philippines,Asia,green,5.7
"Babuyan Islands region, Philippines",Philippines,Asia,green,5.7
"144 km SSE of Sarangani, Philippines",Philippines,Asia,green,5.7
"19 km SSE of Tubajon, Philippines",Philippines,Asia,green,5.7
"7 km E of Tinoto, Philippines",Philippines,Asia,green,5.7
"37 km ENE of Hinatuan, Philippines",Philippines,Asia,green,5.7
"54 km ENE of Barcelona, Philippines",Philippines,Asia,green,5.7
"4 km N of Surigao, Philippines",Philippines,Asia,green,5.7
"34 km N of Basco, Philippines",Philippines,Asia,green,5.7
"33 km ENE of Cortes, Philippines",Philippines,Asia,green,5.7
"160 km SE of Sarangani, Philippines",Philippines,Asia,green,5.7
"124 km E of Pondaguitan, Philippines",Philippines,Asia,green,5.7
"3 km NNW of San Francisco, Philippines",Philippines,Asia,green,5.7
"54 km NE of Cabodiongan, Philippines",Philippines,Asia,green,5.7
"26 km SSE of Tamisan, Philippines",Philippines,Asia,green,5.7
"1 km NNE of Concepcion, Philippines",Philippines,Asia,green,5.7
"11 km W of Loon, Philippines",Philippines,Asia,green,5.7
"5 km SE of Bangui, Philippines",Philippines,Asia,green,5.7
"143 km SW of Sarangani, Philippines",Philippines,Asia,green,5.7
"124 km SE of Pondaguitan, Philippines",Philippines,Asia,green,5.7
"37 km E of Aras-asan, Philippines",Philippines,Asia,green,5.7
"8 km SW of San Agustin, Philippines",Philippines,Asia,green,5.7
"34 km ENE of Hinatuan, Philippines",Philippines,Asia,green,5.7
"160 km E of Pondaguitan, Philippines",Philippines,Asia,green,5.7
"45 km ENE of Barcelona, Philippines",Philippines,Asia,green,5.7
"126 km SE of Pondaguitan, Philippines",Philippines,Asia,green,5.7
"45 km ENE of Aras-asan, Philippines",Philippines,Asia,green,5.7
"100 km SE of Pondaguitan, Philippines",Philippines,Asia,green,5.7
"29 km ENE of Hernani, Philippines",Philippines,Asia,green,5.7
"78 km NNW of Davila, Philippines",Philippines,Asia,green,5.7
"12 km W of Talisay, Philippines",Philippines,Asia,green,5.7
"275 km SE of Pondaguitan, Philippines",Philippines,Asia,green,5.7
"3 km E of Malinao, Philippines",Philippines,Asia,green,5.7
"6 km W of Talisay, Philippines",Philippines,Asia,green,5.7
"81 km WSW of Pandan Niog, Philippines",Philippines,Asia,green,5.7
"188 km SE of Sarangani, Philippines",Philippines,Asia,green,5.7
"5 km NW of Don Carlos, Philippines",Philippines,Asia,green,5.7
"27 km SSW of Balangiga, Philippines",Philippines,Asia,green,5.7
"117 km ESE of Petropavlovsk-Kamchatsky, Russia",Russia,Europe,green,5.7
"106 km ESE of Petropavlovsk-Kamchatsky, Russia",Russia,Europe,green,5.7
"124 km E of Severo-Kuril’sk, Russia",Russia,Europe,green,5.7
"72 km SSW of Vilyuchinsk, Russia",Russia,Europe,green,5.7
"113 km E of Ust’-Kamchatsk Staryy, Russia",Russia,Europe,green,5.7
"141 km SE of Petropavlovsk-Kamchatsky, Russia",Russia,Europe,green,5.7
"177 km ESE of Ozernovskiy, Russia",Russia,Europe,green,5.7
"144 km S of Vilyuchinsk, Russia",Russia,Europe,green,5.7
"127 km SSE of Vilyuchinsk, Russia",Russia,Europe,green,5.7
"48 km S of Aleksandrovsk-Sakhalinskiy, Russia",Russia,Europe,green,5.7
"138 km S of Severo-Kuril’sk, Russia",Russia,Europe,green,5.7
"256 km ESE of Petropavlovsk-Kamchatsky, Russia",Russia,Europe,green,5.7
"298 km ESE of Ust’-Kamchatsk Staryy, Russia",Russia,Europe,green,5.7
"64 km E of Shikotan, Russia",Russia,Europe,green,5.7
"76 km SE of Vrangel’, Russia",Russia,Europe,green,5.7
"268 km ENE of Kuril’sk, Russia",Russia,Europe,green,5.7
"256 km ESE of Ozernovskiy, Russia",Russia,Europe,green,5.7
"155 km S of Severo-Kuril’sk, Russia",Russia,Europe,green,5.7
"103 km SE of Vilyuchinsk, Russia",Russia,Europe,green,5.7
"123 km SE of Petropavlovsk-Kamchatsky, Russia",Russia,Europe,green,5.7
"Komandorskiye Ostrova, Russia region",Russia,Europe,green,5.7
"181 km SSE of Vilyuchinsk, Russia",Russia,Europe,green,5.7
"67 km ESE of Petropavlovsk-Kamchatsky, Russia",Russia,Europe,green,5.7
"141 km SSW of Gataivai, Samoa",Samoa,Oceania,green,5.7
"141 km SSW of Gataivai, Samoa",Samoa,Oceania,green,5.7
"137 km SW of Gataivai, Samoa",Samoa,Oceania,green,5.7
"93 km S of Kirakira, Solomon Islands",Solomon Islands,Oceania,green,5.7
"39 km SW of Lata, Solomon Islands",Solomon Islands,Oceania,green,5.7
"115 km ESE of Lata, Solomon Islands",Solomon Islands,Oceania,green,5.7
"92 km E of Lata, Solomon Islands",Solomon Islands,Oceania,green,5.7
"95 km WNW of Kirakira, Solomon Islands",Solomon Islands,Oceania,green,5.7
"165 km W of Lata, Solomon Islands",Solomon Islands,Oceania,green,5.7
"97 km SSE of Lata, Solomon Islands",Solomon Islands,Oceania,green,5.7
"123 km SSE of Kirakira, Solomon Islands",Solomon Islands,Oceania,green,5.7
"116 km SSE of Lata, Solomon Islands",Solomon Islands,Oceania,green,5.7
"87 km WSW of Lata, Solomon Islands",Solomon Islands,Oceania,green,5.7
"112 km SSE of Lata, Solomon Islands",Solomon Islands,Oceania,green,5.7
"23 km ESE of Lata, Solomon Islands",Solomon Islands,Oceania,green,5.7
"58 km SE of Honiara, Solomon Islands",Solomon Islands,Oceania,green,5.7
"42 km ENE of Lata, Solomon Islands",Solomon Islands,Oceania,green,5.7
Solomon Islands,Solomon Islands,Oceania,green,5.7
"17 km NE of Hualien City, Taiwan",Taiwan,Asia,green,5.7
"104 km W of Magong, Taiwan",Taiwan,Asia,green,5.7
"45 km SE of Hengchun, Taiwan",Taiwan,Asia,green,5.7
"27 km SE of Hualien City, Taiwan",Taiwan,Asia,green,5.7
"65 km E of Hualien City, Taiwan",Taiwan,Asia,green,5.7
"41 km NE of Hualien City, Taiwan",Taiwan,Asia,green,5.7
"20 km NNE of Hualien City, Taiwan",Taiwan,Asia,green,5.7
"31 km ESE of Yilan, Taiwan",Taiwan,Asia,green,5.7
"20 km SE of Rasht, Tajikistan",Tajikistan,Asia,green,5.7
"11 km SE of Roghun, Tajikistan",Tajikistan,Asia,green,5.7
"130 km SE of Neiafu, Tonga",Tonga,Oceania,green,5.7
"227 km WNW of Pangai, Tonga",Tonga,Oceania,green,5.7
"107 km NNE of Hihifo, Tonga",Tonga,Oceania,green,5.7
"104 km SE of Neiafu, Tonga",Tonga,Oceania,green,5.7
"148 km S of Hihifo, Tonga",Tonga,Oceania,green,5.7
"82 km NE of Pangai, Tonga",Tonga,Oceania,green,5.7
"143 km NNE of Neiafu, Tonga",Tonga,Oceania,green,5.7
"133 km NE of Neiafu, Tonga",Tonga,Oceania,green,5.7
"267 km WNW of Haveluloto, Tonga",Tonga,Oceania,green,5.7
Tonga region,Tonga,Oceania,green,5.7
"151 km S of ‘Ohonua, Tonga",Tonga,Oceania,green,5.7
"144 km ESE of Hihifo, Tonga",Tonga,Oceania,green,5.7
"62 km ESE of Hihifo, Tonga",Tonga,Oceania,green,5.7
"103 km ESE of Fangale’ounga, Tonga",Tonga,Oceania,green,5.7
"14 km NW of Pangai, Tonga",Tonga,Oceania,green,5.7
"106 km ENE of Pangai, Tonga",Tonga,Oceania,green,5.7
"250 km SSE of ‘Ohonua, Tonga",Tonga,Oceania,green,5.7
"130 km SSE of Pangai, Tonga",Tonga,Oceania,green,5.7
"222 km WNW of Pangai, Tonga",Tonga,Oceania,green,5.7
"21 km SW of Hihifo, Tonga",Tonga,Oceania,green,5.7
"147 km NW of Houma, Tonga",Tonga,Oceania,green,5.7
"178 km ESE of Neiafu, Tonga",Tonga,Oceania,green,5.7
"50 km NW of Neiafu, Tonga",Tonga,Oceania,green,5.7
"94 km NE of Hihifo, Tonga",Tonga,Oceania,green,5.7
"126 km NNE of Hihifo, Tonga",Tonga,Oceania,green,5.7
"67 km NNW of Houma, Tonga",Tonga,Oceania,green,5.7
"82 km SW of Hihifo, Tonga",Tonga,Oceania,green,5.7
"69 km NNW of Neiafu, Tonga",Tonga,Oceania,green,5.7
"125 km W of Houma, Tonga",Tonga,Oceania,green,5.7
"76 km NE of Hihifo, Tonga",Tonga,Oceania,green,5.7
Tonga,Tonga,Oceania,green,5.7
"119 km ESE of Pangai, Tonga",Tonga,Oceania,green,5.7
"87 km ENE of Hihifo, Tonga",Tonga,Oceania,green,5.7
"83 km SE of Neiafu, Tonga",Tonga,Oceania,green,5.7
south of Tonga,Tonga,Oceania,green,5.7
"172 km WNW of Pangai, Tonga",Tonga,Oceania,green,5.7
"147 km NW of Neiafu, Tonga",Tonga,Oceania,green,5.7
"7 km SW of Ye?ilyurt, Turkey",Turkey,Asia,green,5.7
"16 km E of Ac?payam, Turkey",Turkey,Asia,green,5.7
"46 km W of Kigorobya, Uganda",Uganda,Africa,green,5.7
"18 km NE of Noatak, Alaska",United States of America,Americas,green,5.7
"22 km NE of Noatak, Alaska",United States of America,Americas,green,5.7
"25 km NE of Noatak, Alaska",United States of America,Americas,green,5.7
"29 km ENE of Noatak, Alaska",United States of America,Americas,green,5.7
"2024 Parker Butte, Nevada Earthquake",United States of America,Americas,green,5.7
"22 km N of Bulung’ur Shahri, Uzbekistan",Uzbekistan,Asia,green,5.7
"127 km WNW of Sola, Vanuatu",Vanuatu,Oceania,green,5.7
"61 km NW of Isangel, Vanuatu",Vanuatu,Oceania,green,5.7
Vanuatu,Vanuatu,Oceania,green,5.7
Vanuatu region,Vanuatu,Oceania,green,5.7
"116 km WNW of Sola, Vanuatu",Vanuatu,Oceania,green,5.7
"121 km SSW of Isangel, Vanuatu",Vanuatu,Oceania,green,5.7
"84 km S of Lakatoro, Vanuatu",Vanuatu,Oceania,green,5.7
"53 km W of Port-Olry, Vanuatu",Vanuatu,Oceania,green,5.7
"89 km S of Lakatoro, Vanuatu",Vanuatu,Oceania,green,5.7
"25 km NW of Port-Olry, Vanuatu",Vanuatu,Oceania,green,5.7
"28 km S of Luganville, Vanuatu",Vanuatu,Oceania,green,5.7
"39 km WNW of Sola, Vanuatu",Vanuatu,Oceania,green,5.7
"89 km ESE of Port-Vila, Vanuatu",Vanuatu,Oceania,green,5.7
"104 km S of Isangel, Vanuatu",Vanuatu,Oceania,green,5.7
"122 km ENE of Luganville, Vanuatu",Vanuatu,Oceania,green,5.7
"294 km SE of Isangel, Vanuatu",Vanuatu,Oceania,green,5.7
"194 km NW of Sola, Vanuatu",Vanuatu,Oceania,green,5.7
"51 km WSW of Port-Vila, Vanuatu",Vanuatu,Oceania,green,5.7
"17 km ENE of Port-Olry, Vanuatu",Vanuatu,Oceania,green,5.7
"217 km SSE of Isangel, Vanuatu",Vanuatu,Oceania,green,5.7
"92 km NNW of Sola, Vanuatu",Vanuatu,Oceania,green,5.7
"66 km NNE of Port-Vila, Vanuatu",Vanuatu,Oceania,green,5.7
"184 km SE of Alo, Wallis and Futuna",Wallis and Futuna,Oceania,green,5.7
"187 km SSE of Alo, Wallis and Futuna",Wallis and Futuna,Oceania,green,5.7
"168 km SSE of Mata-Utu, Wallis and Futuna",Wallis and Futuna,Oceania,green,5.7
"241 km SSE of Alo, Wallis and Futuna",Wallis and Futuna,Oceania,green,5.7
"234 km SSE of Alo, Wallis and Futuna",Wallis and Futuna,Oceania,green,5.7
"175 km NNW of Kilmia, Yemen",Yemen,Asia,green,5.7
"2 km NNE of Canyondam, California",United States of America,Americas,green,5.69
"46 km SSW of Jurm, Afghanistan",Afghanistan,Asia,green,5.6
"66 km NNW of Pārūn, Afghanistan",Afghanistan,Asia,green,5.6
"46 km SSW of Jurm, Afghanistan",Afghanistan,Asia,green,5.6
"198 km SSE of Atka, Alaska",Alaska,Americas,green,5.6
"44 km SSE of Sand Point, Alaska",Alaska,Americas,green,5.6
"269 km W of Adak, Alaska",Alaska,Americas,green,5.6
"Rat Islands, Aleutian Islands, Alaska",Alaska,Americas,green,5.6
"93 km SSE of Adak, Alaska",Alaska,Americas,green,5.6
"85 km SSW of Sand Point, Alaska",Alaska,Americas,green,5.6
"135 km SSW of Adak, Alaska",Alaska,Americas,green,5.6
"164 km W of Nikolski, Alaska",Alaska,Americas,green,5.6
"146 km SSE of Sand Point, Alaska",Alaska,Americas,green,5.6
"278 km WSW of Adak, Alaska",Alaska,Americas,green,5.6
"61 km NW of Aleneva, Alaska",Alaska,Americas,green,5.6
"115 km SSE of Perryville, Alaska",Alaska,Americas,green,5.6
"96 km SSE of Sand Point, Alaska",Alaska,Americas,green,5.6
"113 km WSW of Adak, Alaska",Alaska,Americas,green,5.6
"122 km ESE of Sand Point, Alaska",Alaska,Americas,green,5.6
"122 km ESE of Nikolski, Alaska",Alaska,Americas,green,5.6
"165 km SW of Nikolski, Alaska",Alaska,Americas,green,5.6
"85 km SSW of Atka, Alaska",Alaska,Americas,green,5.6
"Rat Islands, Aleutian Islands, Alaska",Alaska,Americas,green,5.6
"78 km SSE of Adak, Alaska",Alaska,Americas,green,5.6
"103 km S of Sand Point, Alaska",Alaska,Americas,green,5.6
"258 km NW of Attu Station, Alaska",Alaska,Americas,green,5.6
"117 km SE of Atka, Alaska",Alaska,Americas,green,5.6
"77 km SW of Nikolski, Alaska",Alaska,Americas,green,5.6
"84 km S of Atka, Alaska",Alaska,Americas,green,5.6
"181 km SE of Chignik, Alaska",Alaska,Americas,green,5.6
"88 km SSE of Adak, Alaska",Alaska,Americas,green,5.6
"262 km ESE of Attu Station, Alaska",Alaska,Americas,green,5.6
"48 km WNW of Nanwalek, Alaska",Alaska,Americas,green,5.6
"246 km WSW of Adak, Alaska",Alaska,Americas,green,5.6
"130 km SSE of Sand Point, Alaska",Alaska,Americas,green,5.6
"86 km SSW of Unalaska, Alaska",Alaska,Americas,green,5.6
"76 km ESE of Codrington, Antigua and Barbuda",Antigua and Barbuda,Americas,green,5.6
"74 km W of San Antonio de los Cobres, Argentina",Argentina,Americas,green,5.6
"70 km W of Salsacate, Argentina",Argentina,Americas,green,5.6
"29 km NNW of El Hoyo, Argentina",Argentina,Americas,green,5.6
"103 km W of Abra Pampa, Argentina",Argentina,Americas,green,5.6
"40 km N of Quilino, Argentina",Argentina,Americas,green,5.6
"71 km WNW of Vinchina, Argentina",Argentina,Americas,green,5.6
"262 km SSE of Ushuaia, Argentina",Argentina,Americas,green,5.6
"23 km NW of Trancas, Argentina",Argentina,Americas,green,5.6
"256 km SSE of Ushuaia, Argentina",Argentina,Americas,green,5.6
"22 km ESE of Suncho Corral, Argentina",Argentina,Americas,green,5.6
"76 km W of Abra Pampa, Argentina",Argentina,Americas,green,5.6
"60 km ESE of Yacuiba, Bolivia",Argentina,Americas,green,5.6
"60 km SE of Embarcación, Argentina",Argentina,Americas,green,5.6
"45 km NNW of San Antonio de los Cobres, Argentina",Argentina,Americas,green,5.6
"16 km W of Chilecito, Argentina",Argentina,Americas,green,5.6
"17 km WSW of Andacollo, Argentina",Argentina,Americas,green,5.6
"67 km E of Tarata, Peru",Bolivia,Americas,green,5.6
"40 km E of Padilla, Bolivia",Bolivia,Americas,green,5.6
"153 km E of Iquique, Chile",Bolivia,Americas,green,5.6
"126 km WNW of Iñapari, Peru",Brazil,Americas,green,5.6
"258 km WNW of Port McNeill, Canada",Canada,Americas,green,5.6
"87 km WNW of Iquique, Chile",Chile,Americas,green,5.6
"59 km SSW of Ovalle, Chile",Chile,Americas,green,5.6
"54 km NNW of Tomé, Chile",Chile,Americas,green,5.6
"94 km W of Diego de Almagro, Chile",Chile,Americas,green,5.6
"116 km E of Iquique, Chile",Chile,Americas,green,5.6
"47 km WSW of Illapel, Chile",Chile,Americas,green,5.6
"79 km NW of Illapel, Chile",Chile,Americas,green,5.6
"68 km NNW of La Serena, Chile",Chile,Americas,green,5.6
"20 km SSE of San Pedro de Atacama, Chile",Chile,Americas,green,5.6
"93 km NNE of Calama, Chile",Chile,Americas,green,5.6
"100 km WNW of Santa Cruz, Chile",Chile,Americas,green,5.6
"Off the coast of Aisen, Chile",Chile,Americas,green,5.6
"100 km NW of Iquique, Chile",Chile,Americas,green,5.6
"57 km WSW of Ovalle, Chile",Chile,Americas,green,5.6
"21 km N of Tocopilla, Chile",Chile,Americas,green,5.6
"95 km NW of Iquique, Chile",Chile,Americas,green,5.6
"86 km WSW of San Antonio, Chile",Chile,Americas,green,5.6
"109 km WNW of La Ligua, Chile",Chile,Americas,green,5.6
"96 km W of Ovalle, Chile",Chile,Americas,green,5.6
"87 km WSW of Iquique, Chile",Chile,Americas,green,5.6
"89 km NNE of Tocopilla, Chile",Chile,Americas,green,5.6
"41 km NE of Calama, Chile",Chile,Americas,green,5.6
"61 km NE of Calama, Chile",Chile,Americas,green,5.6
"80 km WSW of Quellón, Chile",Chile,Americas,green,5.6
"34 km WNW of Lebu, Chile",Chile,Americas,green,5.6
"100 km WNW of Iquique, Chile",Chile,Americas,green,5.6
"90 km WSW of Coquimbo, Chile",Chile,Americas,green,5.6
"77 km W of Constitución, Chile",Chile,Americas,green,5.6
"57 km SSW of Taltal, Chile",Chile,Americas,green,5.6
"32 km NNE of Calama, Chile",Chile,Americas,green,5.6
"81 km W of Arica, Chile",Chile,Americas,green,5.6
"25 km N of Viña del Mar, Chile",Chile,Americas,green,5.6
West Chile Rise,Chile,Americas,green,5.6
"128 km NE of Iquique, Chile",Chile,Americas,green,5.6
"92 km WNW of Iquique, Chile",Chile,Americas,green,5.6
"86 km WSW of Copiapó, Chile",Chile,Americas,green,5.6
West Chile Rise,Chile,Americas,green,5.6
"Off the coast of Aisen, Chile",Chile,Americas,green,5.6
"138 km NE of Iquique, Chile",Chile,Americas,green,5.6
"16 km NE of Calama, Chile",Chile,Americas,green,5.6
"14 km NW of Melipilla, Chile",Chile,Americas,green,5.6
"97 km E of Arica, Chile",Chile,Americas,green,5.6
"45 km W of Valparaíso, Chile",Chile,Americas,green,5.6
"southern Xinjiang, China",China,Asia,green,5.6
"13 km NW of Santa María, Colombia",Colombia,Americas,green,5.6
"31 km SSW of Bahía Solano, Colombia",Colombia,Americas,green,5.6
"34 km ENE of Colombia, Colombia",Colombia,Americas,green,5.6
"78 km SW of Tamarindo, Costa Rica",Costa Rica,Americas,green,5.6
"14 km WSW of Pointe Michel, Dominica",Dominica,Americas,green,5.6
"214 km N of Puerto Ayora, Ecuador",Ecuador,Americas,green,5.6
off the coast of Ecuador,Ecuador,Americas,green,5.6
"61 km NW of Valdez, Ecuador",Ecuador,Americas,green,5.6
"50 km NW of Bahía de Caráquez, Ecuador",Ecuador,Americas,green,5.6
Peru-Ecuador border region,Ecuador,Americas,green,5.6
"7 km NE of El Ángel, Ecuador",Ecuador,Americas,green,5.6
"Galapagos Islands, Ecuador region",Ecuador,Americas,green,5.6
off the coast of Ecuador,Ecuador,Americas,green,5.6
"3 km S of Muisne, Ecuador",Ecuador,Americas,green,5.6
"55 km SW of Acajutla, El Salvador",El Salvador,Americas,green,5.6
"45 km S of El Rosario, El Salvador",El Salvador,Americas,green,5.6
"40 km S of El Rosario, El Salvador",El Salvador,Americas,green,5.6
"40 km S of Puerto El Triunfo, El Salvador",El Salvador,Americas,green,5.6
"158 km S of Puerto El Triunfo, El Salvador",El Salvador,Americas,green,5.6
"69 km WSW of Acajutla, El Salvador",El Salvador,Americas,green,5.6
"State of Yap, Federated States of Micronesia",Federated States of Micronesia,Oceania,green,5.6
Fiji region,Fiji,Oceania,green,5.6
Fiji region,Fiji,Oceania,green,5.6
south of the Fiji Islands,Fiji,Oceania,green,5.6
"281 km E of Levuka, Fiji",Fiji,Oceania,green,5.6
"189 km ENE of Levuka, Fiji",Fiji,Oceania,green,5.6
"268 km E of Levuka, Fiji",Fiji,Oceania,green,5.6
south of the Fiji Islands,Fiji,Oceania,green,5.6
Fiji region,Fiji,Oceania,green,5.6
Fiji region,Fiji,Oceania,green,5.6
Fiji region,Fiji,Oceania,green,5.6
"210 km E of Levuka, Fiji",Fiji,Oceania,green,5.6
"284 km E of Levuka, Fiji",Fiji,Oceania,green,5.6
"268 km E of Levuka, Fiji",Fiji,Oceania,green,5.6
south of the Fiji Islands,Fiji,Oceania,green,5.6
Fiji region,Fiji,Oceania,green,5.6
Fiji region,Fiji,Oceania,green,5.6
"252 km E of Levuka, Fiji",Fiji,Oceania,green,5.6
Fiji region,Fiji,Oceania,green,5.6
"200 km ENE of Levuka, Fiji",Fiji,Oceania,green,5.6
south of the Fiji Islands,Fiji,Oceania,green,5.6
"227 km E of Levuka, Fiji",Fiji,Oceania,green,5.6
"273 km E of Levuka, Fiji",Fiji,Oceania,green,5.6
south of the Fiji Islands,Fiji,Oceania,green,5.6
"113 km NNW of Lautoka, Fiji",Fiji,Oceania,green,5.6
south of the Fiji Islands,Fiji,Oceania,green,5.6
"294 km E of Levuka, Fiji",Fiji,Oceania,green,5.6
"247 km WNW of Lautoka, Fiji",Fiji,Oceania,green,5.6
south of the Fiji Islands,Fiji,Oceania,green,5.6
"8 km W of Elassóna, Greece",Greece,Europe,green,5.6
"8 km WNW of Sámi, Greece",Greece,Europe,green,5.6
"36 km ESE of Ýdra, Greece",Greece,Europe,green,5.6
"26 km SSW of Mandráki, Greece",Greece,Europe,green,5.6
"42 km NNE of Yigo Village, Guam",Guam,Oceania,green,5.6
"44 km SW of Nueva Concepción, Guatemala",Guatemala,Americas,green,5.6
"59 km SW of Puerto San José, Guatemala",Guatemala,Americas,green,5.6
"29 km WSW of Tiquisate, Guatemala",Guatemala,Americas,green,5.6
"166 km ENE of Angoram, Papua New Guinea",Guinea,Africa,green,5.6
"136 km W of Panguna, Papua New Guinea",Guinea,Africa,green,5.6
"87 km E of Finschhafen, Papua New Guinea",Guinea,Africa,green,5.6
"102 km SW of Panguna, Papua New Guinea",Guinea,Africa,green,5.6
"162 km SW of Kavieng, Papua New Guinea",Guinea,Africa,green,5.6
"153 km SSW of Kavieng, Papua New Guinea",Guinea,Africa,green,5.6
"210 km SE of Lorengau, Papua New Guinea",Guinea,Africa,green,5.6
"216 km SE of Kokopo, Papua New Guinea",Guinea,Africa,green,5.6
"114 km ESE of Kokopo, Papua New Guinea",Guinea,Africa,green,5.6
"87 km W of Rabaul, Papua New Guinea",Guinea,Africa,green,5.6
"71 km S of Kavieng, Papua New Guinea",Guinea,Africa,green,5.6
"136 km N of Lae, Papua New Guinea",Guinea,Africa,green,5.6
"78 km SSE of Panguna, Papua New Guinea",Guinea,Africa,green,5.6
"128 km SE of Kimbe, Papua New Guinea",Guinea,Africa,green,5.6
"203 km ENE of Kokopo, Papua New Guinea",Guinea,Africa,green,5.6
"116 km W of Panguna, Papua New Guinea",Guinea,Africa,green,5.6
"179 km ENE of Angoram, Papua New Guinea",Guinea,Africa,green,5.6
"177 km NNW of Arawa, Papua New Guinea",Guinea,Africa,green,5.6
"79 km ENE of Kokopo, Papua New Guinea",Guinea,Africa,green,5.6
"Bougainville region, Papua New Guinea",Guinea,Africa,green,5.6
"115 km SSE of Kokopo, Papua New Guinea",Guinea,Africa,green,5.6
"125 km NNW of Kimbe, Papua New Guinea",Guinea,Africa,green,5.6
"Bougainville region, Papua New Guinea",Guinea,Africa,green,5.6
"143 km E of Kokopo, Papua New Guinea",Guinea,Africa,green,5.6
"31 km SE of Lae, Papua New Guinea",Guinea,Africa,green,5.6
"113 km S of Kandrian, Papua New Guinea",Guinea,Africa,green,5.6
"207 km ESE of Kimbe, Papua New Guinea",Guinea,Africa,green,5.6
"181 km SE of Kokopo, Papua New Guinea",Guinea,Africa,green,5.6
"213 km WSW of Panguna, Papua New Guinea",Guinea,Africa,green,5.6
"174 km ESE of Kokopo, Papua New Guinea",Guinea,Africa,green,5.6
"125 km S of Kokopo, Papua New Guinea",Guinea,Africa,green,5.6
"94 km ESE of Kokopo, Papua New Guinea",Guinea,Africa,green,5.6
"130 km N of Lae, Papua New Guinea",Guinea,Africa,green,5.6
"11 km SW of Álftanes, Iceland",Iceland,Europe,green,5.6
"105 km WNW of Höfn, Iceland",Iceland,Europe,green,5.6
"Nicobar Islands, India region",India,Asia,green,5.6
"244 km N of Bamboo Flat, India",India,Asia,green,5.6
"22 km E of North Vanlaiphai, India",India,Asia,green,5.6
"199 km NW of Tobelo, Indonesia",Indonesia,Asia,green,5.6
"107 km W of Ambon, Indonesia",Indonesia,Asia,green,5.6
"233 km W of Pariaman, Indonesia",Indonesia,Asia,green,5.6
"219 km SSW of Kroya, Indonesia",Indonesia,Asia,green,5.6
"86 km NE of Lasem, Indonesia",Indonesia,Asia,green,5.6
"153 km SW of Padang, Indonesia",Indonesia,Asia,green,5.6
"142 km N of Ruteng, Indonesia",Indonesia,Asia,green,5.6
"63 km SSW of Labuha, Indonesia",Indonesia,Asia,green,5.6
"35 km SW of Meulaboh, Indonesia",Indonesia,Asia,green,5.6
"232 km W of Abepura, Indonesia",Indonesia,Asia,green,5.6
"90 km W of Tobelo, Indonesia",Indonesia,Asia,green,5.6
"89 km NW of Ende, Indonesia",Indonesia,Asia,green,5.6
"148 km NW of Sabang, Indonesia",Indonesia,Asia,green,5.6
"250 km NNE of Tobelo, Indonesia",Indonesia,Asia,green,5.6
"295 km W of Tual, Indonesia",Indonesia,Asia,green,5.6
"14 km NNW of Berastagi, Indonesia",Indonesia,Asia,green,5.6
"163 km WSW of Waingapu, Indonesia",Indonesia,Asia,green,5.6
"111 km N of Maumere, Indonesia",Indonesia,Asia,green,5.6
"236 km W of Tual, Indonesia",Indonesia,Asia,green,5.6
"191 km SW of Sungai Penuh, Indonesia",Indonesia,Asia,green,5.6
"119 km SSW of Abepura, Indonesia",Indonesia,Asia,green,5.6
"177 km W of Pariaman, Indonesia",Indonesia,Asia,green,5.6
"72 km N of Bima, Indonesia",Indonesia,Asia,green,5.6
"152 km NW of Ternate, Indonesia",Indonesia,Asia,green,5.6
"129 km E of Tual, Indonesia",Indonesia,Asia,green,5.6
"147 km SSW of Tomohon, Indonesia",Indonesia,Asia,green,5.6
"164 km SW of Sungai Penuh, Indonesia",Indonesia,Asia,green,5.6
"25 km NNW of Labuan Lombok, Indonesia",Indonesia,Asia,green,5.6
"254 km S of Sinabang, Indonesia",Indonesia,Asia,green,5.6
"124 km N of Manado, Indonesia",Indonesia,Asia,green,5.6
"177 km SW of Sungai Penuh, Indonesia",Indonesia,Asia,green,5.6
"167 km S of Tondano, Indonesia",Indonesia,Asia,green,5.6
"131 km WSW of Ternate, Indonesia",Indonesia,Asia,green,5.6
"112 km SSW of Sungai Penuh, Indonesia",Indonesia,Asia,green,5.6
"147 km ESE of Gorontalo, Indonesia",Indonesia,Asia,green,5.6
"79 km NE of Sanana, Indonesia",Indonesia,Asia,green,5.6
"215 km WSW of Padang, Indonesia",Indonesia,Asia,green,5.6
"277 km WSW of Tual, Indonesia",Indonesia,Asia,green,5.6
"203 km SE of Sarangani, Philippines",Indonesia,Asia,green,5.6
"68 km WSW of Tomohon, Indonesia",Indonesia,Asia,green,5.6
"287 km ESE of Katabu, Indonesia",Indonesia,Asia,green,5.6
"20 km ESE of Banjar, Indonesia",Indonesia,Asia,green,5.6
"180 km NNW of Tobelo, Indonesia",Indonesia,Asia,green,5.6
"southwest of Sumatra, Indonesia",Indonesia,Asia,green,5.6
"57 km W of Ambon, Indonesia",Indonesia,Asia,green,5.6
"223 km E of Amahai, Indonesia",Indonesia,Asia,green,5.6
"121 km NW of Abepura, Indonesia",Indonesia,Asia,green,5.6
"85 km S of Tual, Indonesia",Indonesia,Asia,green,5.6
"79 km ESE of Gorontalo, Indonesia",Indonesia,Asia,green,5.6
"176 km NNE of Gili Air, Indonesia",Indonesia,Asia,green,5.6
"74 km S of Tambolaka, Indonesia",Indonesia,Asia,green,5.6
"69 km NNE of Masamba, Indonesia",Indonesia,Asia,green,5.6
"116 km WNW of Tobelo, Indonesia",Indonesia,Asia,green,5.6
"123 km N of Tobelo, Indonesia",Indonesia,Asia,green,5.6
"80 km NNE of Luwuk, Indonesia",Indonesia,Asia,green,5.6
"123 km ENE of Amahai, Indonesia",Indonesia,Asia,green,5.6
"273 km S of Sorong, Indonesia",Indonesia,Asia,green,5.6
"79 km ESE of Gorontalo, Indonesia",Indonesia,Asia,green,5.6
"Kepulauan Babar, Indonesia",Indonesia,Asia,green,5.6
"205 km NNW of Sabang, Indonesia",Indonesia,Asia,green,5.6
"43 km ENE of Pototano, Indonesia",Indonesia,Asia,green,5.6
"216 km WNW of Abepura, Indonesia",Indonesia,Asia,green,5.6
"254 km W of Abepura, Indonesia",Indonesia,Asia,green,5.6
"117 km N of Paciran, Indonesia",Indonesia,Asia,green,5.6
"138 km NW of Ternate, Indonesia",Indonesia,Asia,green,5.6
"14 km NNE of Palu, Indonesia",Indonesia,Asia,green,5.6
"132 km NW of Gorontalo, Indonesia",Indonesia,Asia,green,5.6
"60 km ENE of Mamuju, Indonesia",Indonesia,Asia,green,5.6
"67 km SSW of Tambolaka, Indonesia",Indonesia,Asia,green,5.6
"6 km ENE of Ubud, Indonesia",Indonesia,Asia,green,5.6
"18 km WNW of Labuan Lombok, Indonesia",Indonesia,Asia,green,5.6
"126 km NNW of Manokwari, Indonesia",Indonesia,Asia,green,5.6
"150 km NNE of Labuan Bajo, Indonesia",Indonesia,Asia,green,5.6
"146 km S of Wonosari, Indonesia",Indonesia,Asia,green,5.6
"92 km SE of Modisi, Indonesia",Indonesia,Asia,green,5.6
"79 km WSW of Pelabuhanratu, Indonesia",Indonesia,Asia,green,5.6
"39 km ENE of Kerman, Iran",Iran,Asia,green,5.6
"44 km E of Dehlor?n, Iran",Iran,Asia,green,5.6
"133 km SSE of Bam, Iran",Iran,Asia,green,5.6
"31 km SE of Masjed Soleym?n, Iran",Iran,Asia,green,5.6
"112 km E of Kh?sh, Iran",Iran,Asia,green,5.6
"127 km SE of Bam, Iran",Iran,Asia,green,5.6
"40 km SSW of Sarpol-e Z?ah?b, Iran",Iran,Asia,green,5.6
central Italy,Italy,Europe,green,5.6
"Bonin Islands, Japan region",Japan,Asia,green,5.6
"141 km SSE of Shimoda, Japan",Japan,Asia,green,5.6
"49 km E of Tatsugō, Japan",Japan,Asia,green,5.6
"91 km NNW of Tatsugō, Japan",Japan,Asia,green,5.6
"88 km SSE of Shimoda, Japan",Japan,Asia,green,5.6
"21 km ENE of Iwaki, Japan",Japan,Asia,green,5.6
"Volcano Islands, Japan region",Japan,Asia,green,5.6
"170 km SSE of Naze, Japan",Japan,Asia,green,5.6
"46 km ESE of Miyazaki, Japan",Japan,Asia,green,5.6
"6 km SE of Hasaki, Japan",Japan,Asia,green,5.6
"7 km N of Anamizu, Japan",Japan,Asia,green,5.6
"115 km E of Noda, Japan",Japan,Asia,green,5.6
"118 km E of Hasaki, Japan",Japan,Asia,green,5.6
"153 km E of Nago, Japan",Japan,Asia,green,5.6
"161 km SSE of Tateyama, Japan",Japan,Asia,green,5.6
"Izu Islands, Japan region",Japan,Asia,green,5.6
"166 km SSE of Naze, Japan",Japan,Asia,green,5.6
"143 km WNW of Naha, Japan",Japan,Asia,green,5.6
"94 km NE of Hamatonbetsu, Japan",Japan,Asia,green,5.6
"Izu Islands, Japan region",Japan,Asia,green,5.6
"25 km SE of Toba, Japan",Japan,Asia,green,5.6
"56 km ESE of Namie, Japan",Japan,Asia,green,5.6
"Izu Islands, Japan region",Japan,Asia,green,5.6
"Bonin Islands, Japan region",Japan,Asia,green,5.6
"140 km WNW of Naha, Japan",Japan,Asia,green,5.6
"54 km NE of Anamizu, Japan",Japan,Asia,green,5.6
"Volcano Islands, Japan region",Japan,Asia,green,5.6
"174 km SE of Katsuura, Japan",Japan,Asia,green,5.6
"Izu Islands, Japan region",Japan,Asia,green,5.6
"28 km ESE of Takanabe, Japan",Japan,Asia,green,5.6
"Bonin Islands, Japan region",Japan,Asia,green,5.6
"227 km SSE of Katsuura, Japan",Japan,Asia,green,5.6
"53 km ESE of Ishinomaki, Japan",Japan,Asia,green,5.6
"95 km S of Naze, Japan",Japan,Asia,green,5.6
"Bonin Islands, Japan region",Japan,Asia,green,5.6
"Volcano Islands, Japan region",Japan,Asia,green,5.6
"139 km ENE of Miyako, Japan",Japan,Asia,green,5.6
"43 km NE of Anamizu, Japan",Japan,Asia,green,5.6
"110 km S of Honchō, Japan",Japan,Asia,green,5.6
"Izu Islands, Japan region",Japan,Asia,green,5.6
"13 km ESE of Hasaki, Japan",Japan,Asia,green,5.6
"75 km SW of Yonakuni, Japan",Japan,Asia,green,5.6
"64 km E of Namie, Japan",Japan,Asia,green,5.6
"Ryukyu Islands, Japan",Japan,Asia,green,5.6
"57 km E of Ishinomaki, Japan",Japan,Asia,green,5.6
"261 km SSE of Katsuura, Japan",Japan,Asia,green,5.6
"25 km ESE of Miyazaki, Japan",Japan,Asia,green,5.6
"3 km WSW of Moriya, Japan",Japan,Asia,green,5.6
"258 km ESE of ?funato, Japan",Japan,Asia,green,5.6
"145 km WNW of Naha, Japan",Japan,Asia,green,5.6
"21 km E of Iwaki, Japan",Japan,Asia,green,5.6
"Volcano Islands, Japan region",Japan,Asia,green,5.6
"69 km SE of Obihiro, Japan",Japan,Asia,green,5.6
"Izu Islands, Japan region",Japan,Asia,green,5.6
"65 km E of Namie, Japan",Japan,Asia,green,5.6
"17 km ENE of Iwaki, Japan",Japan,Asia,green,5.6
"38 km ESE of Osh, Kyrgyzstan",Kyrgyzstan,Asia,green,5.6
"29 km SSW of El Naranjo, Mexico",Mexico,Americas,green,5.6
"13 km SW of Vicente Guerrero, Mexico",Mexico,Americas,green,5.6
"108 km S of San Francisco del Mar Viejo, Mexico",Mexico,Americas,green,5.6
"64 km ESE of Loreto, Mexico",Mexico,Americas,green,5.6
"89 km WNW of Corral del Risco (Punta de Mita), Mexico",Mexico,Americas,green,5.6
"13 km W of La Placita de Morelos, Mexico",Mexico,Americas,green,5.6
"99 km SSW of Topolobampo, Mexico",Mexico,Americas,green,5.6
"173 km SW of La Manzanilla, Mexico",Mexico,Americas,green,5.6
"5 km W of San Pedro Tidaá, Mexico",Mexico,Americas,green,5.6
"112 km SW of El Palmarcito, Mexico",Mexico,Americas,green,5.6
"11 km SSE of Salina Cruz, Mexico",Mexico,Americas,green,5.6
"77 km E of La Rivera, Mexico",Mexico,Americas,green,5.6
"10 km NE of La Concordia, Mexico",Mexico,Americas,green,5.6
"115 km SW of Barra de Navidad, Mexico",Mexico,Americas,green,5.6
"12 km W of Emiliano Zapata, Mexico",Mexico,Americas,green,5.6
"72 km S of San Francisco del Mar Viejo, Mexico",Mexico,Americas,green,5.6
"104 km SW of Brisas Barra de Suchiate, Mexico",Mexico,Americas,green,5.6
"101 km SW of Barra de Navidad, Mexico",Mexico,Americas,green,5.6
"85 km SW of La Esperanza (El Zapotal), Mexico",Mexico,Americas,green,5.6
"68 km WSW of Puerto Madero, Mexico",Mexico,Americas,green,5.6
"28 km SW of Turt, Mongolia",Mongolia,Asia,green,5.6
"32 km WNW of Dondo, Mozambique",Mozambique,Africa,green,5.6
"171 km SSE of Chipinge, Zimbabwe",Mozambique,Africa,green,5.6
"86 km E of W?ngjing, India",Myanmar,Asia,green,5.6
"78 km SE of Mawlaik, Myanmar",Myanmar,Asia,green,5.6
"42 km ENE of Khawhai, India",Myanmar,Asia,green,5.6
"131 km SSE of Pyapon, Myanmar",Myanmar,Asia,green,5.6
"31 km SSE of Kod?ri??, Nepal",Nepal,Asia,green,5.6
"148 km ESE of Tadine, New Caledonia",New Caledonia,Oceania,green,5.6
"182 km ESE of Tadine, New Caledonia",New Caledonia,Oceania,green,5.6
"271 km ESE of Tadine, New Caledonia",New Caledonia,Oceania,green,5.6
"277 km ESE of Tadine, New Caledonia",New Caledonia,Oceania,green,5.6
"132 km E of Tadine, New Caledonia",New Caledonia,Oceania,green,5.6
"105 km ESE of Tadine, New Caledonia",New Caledonia,Oceania,green,5.6
east of the North Island of New Zealand,New Zealand,Oceania,green,5.6
"217 km NE of Gisborne, New Zealand",New Zealand,Oceania,green,5.6
"82 km NNE of Whakatane, New Zealand",New Zealand,Oceania,green,5.6
"87 km NNW of Te Anau, New Zealand",New Zealand,Oceania,green,5.6
off the east coast of the North Island of New Zealand,New Zealand,Oceania,green,5.6
"Kermadec Islands, New Zealand",New Zealand,Oceania,green,5.6
"35 km N of Castlepoint, New Zealand",New Zealand,Oceania,green,5.6
"116 km NE of Maketu, New Zealand",New Zealand,Oceania,green,5.6
"Kermadec Islands, New Zealand",New Zealand,Oceania,green,5.6
"Kermadec Islands, New Zealand",New Zealand,Oceania,green,5.6
east of the North Island of New Zealand,New Zealand,Oceania,green,5.6
"29 km WNW of Foxton, New Zealand",New Zealand,Oceania,green,5.6
"Kermadec Islands, New Zealand",New Zealand,Oceania,green,5.6
"Kermadec Islands, New Zealand",New Zealand,Oceania,green,5.6
"Kermadec Islands, New Zealand",New Zealand,Oceania,green,5.6
"Kermadec Islands, New Zealand",New Zealand,Oceania,green,5.6
"43 km SSE of Hokitika, New Zealand",New Zealand,Oceania,green,5.6
east of the North Island of New Zealand,New Zealand,Oceania,green,5.6
east of the North Island of New Zealand,New Zealand,Oceania,green,5.6
"Kermadec Islands, New Zealand",New Zealand,Oceania,green,5.6
"Kermadec Islands, New Zealand",New Zealand,Oceania,green,5.6
"Kermadec Islands, New Zealand",New Zealand,Oceania,green,5.6
"63 km E of Waitara, New Zealand",New Zealand,Oceania,green,5.6
"28 km NW of Wanaka, New Zealand",New Zealand,Oceania,green,5.6
"208 km ENE of Gisborne, New Zealand",New Zealand,Oceania,green,5.6
"40 km SW of Jiquilillo, Nicaragua",Nicaragua,Americas,green,5.6
"42 km SW of Jiquilillo, Nicaragua",Nicaragua,Americas,green,5.6
"15 km SSW of Masachapa, Nicaragua",Nicaragua,Americas,green,5.6
"69 km SW of Corinto, Nicaragua",Nicaragua,Americas,green,5.6
"45 km SSW of Jiquilillo, Nicaragua",Nicaragua,Americas,green,5.6
"Pagan region, Northern Mariana Islands",Northern Mariana Islands,Oceania,green,5.6
"Maug Islands region, Northern Mariana Islands",Northern Mariana Islands,Oceania,green,5.6
"150 km SSE of San Jose Village, Northern Mariana Islands",Northern Mariana Islands,Oceania,green,5.6
"Pagan region, Northern Mariana Islands",Northern Mariana Islands,Oceania,green,5.6
"Pagan region, Northern Mariana Islands",Northern Mariana Islands,Oceania,green,5.6
"Pagan region, Northern Mariana Islands",Northern Mariana Islands,Oceania,green,5.6
"Pagan region, Northern Mariana Islands",Northern Mariana Islands,Oceania,green,5.6
"209 km N of Saipan, Northern Mariana Islands",Northern Mariana Islands,Oceania,green,5.6
"Maug Islands region, Northern Mariana Islands",Northern Mariana Islands,Oceania,green,5.6
"Pagan region, Northern Mariana Islands",Northern Mariana Islands,Oceania,green,5.6
"50 km W of Khuzdar, Pakistan",Pakistan,Asia,green,5.6
"46 km SE of Gilgit, Pakistan",Pakistan,Asia,green,5.6
"57 km SSW of Surab, Pakistan",Pakistan,Asia,green,5.6
"112 km WSW of Khuzdar, Pakistan",Pakistan,Asia,green,5.6
"235 km E of Ulimang, Palau",Palau,Oceania,green,5.6
"53 km SE of Pedasí, Panama",Panama,Americas,green,5.6
"11 km WSW of Finca Blanco, Panama",Panama,Americas,green,5.6
"79 km SE of Burica, Panama",Panama,Americas,green,5.6
"23 km NE of Puerto Obaldía, Panama",Panama,Americas,green,5.6
"297 km S of Burica, Panama",Panama,Americas,green,5.6
"214 km S of Punta de Burica, Panama",Panama,Americas,green,5.6
"11 km ESE of Puerto Armuelles, Panama",Panama,Americas,green,5.6
"24 km NNW of Kandrian, Papua New Guinea",Papua New Guinea,Oceania,green,5.6
"100 km SSW of Kokopo, Papua New Guinea",Papua New Guinea,Oceania,green,5.6
"10 km S of Kimbe, Papua New Guinea",Papua New Guinea,Oceania,green,5.6
"7 km NE of Kandrian, Papua New Guinea",Papua New Guinea,Oceania,green,5.6
"81 km W of Bulolo, Papua New Guinea",Papua New Guinea,Oceania,green,5.6
"69 km NW of Panguna, Papua New Guinea",Papua New Guinea,Oceania,green,5.6
"133 km SSW of Kokopo, Papua New Guinea",Papua New Guinea,Oceania,green,5.6
"142 km SSW of Kokopo, Papua New Guinea",Papua New Guinea,Oceania,green,5.6
"104 km NW of Kokoda, Papua New Guinea",Papua New Guinea,Oceania,green,5.6
"43 km SE of Madang, Papua New Guinea",Papua New Guinea,Oceania,green,5.6
"43 km ENE of Lae, Papua New Guinea",Papua New Guinea,Oceania,green,5.6
"139 km E of Kimbe, Papua New Guinea",Papua New Guinea,Oceania,green,5.6
"110 km SSW of Kokopo, Papua New Guinea",Papua New Guinea,Oceania,green,5.6
"71 km S of Ialibu, Papua New Guinea",Papua New Guinea,Oceania,green,5.6
"15 km NE of Ambunti, Papua New Guinea",Papua New Guinea,Oceania,green,5.6
"44 km WNW of Finschhafen, Papua New Guinea",Papua New Guinea,Oceania,green,5.6
"32 km NNE of Kandrian, Papua New Guinea",Papua New Guinea,Oceania,green,5.6
"119 km N of Alianza Cristiana, Peru",Peru,Americas,green,5.6
"60 km WSW of Changuillo, Peru",Peru,Americas,green,5.6
"2 km SSE of Quequeña, Peru",Peru,Americas,green,5.6
"76 km WSW of Santiago de Cao, Peru",Peru,Americas,green,5.6
"18 km ESE of Atico, Peru",Peru,Americas,green,5.6
"68 km WSW of Basco, Philippines",Philippines,Asia,green,5.6
"106 km ESE of Caburan, Philippines",Philippines,Asia,green,5.6
"48 km ENE of Casuguran, Philippines",Philippines,Asia,green,5.6
"23 km ESE of Union, Philippines",Philippines,Asia,green,5.6
"6 km ESE of Nangan, Philippines",Philippines,Asia,green,5.6
"7 km E of Tibanbang, Philippines",Philippines,Asia,green,5.6
"36 km S of Sulangan, Philippines",Philippines,Asia,green,5.6
"125 km SSE of Pondaguitan, Philippines",Philippines,Asia,green,5.6
"14 km WSW of Tingloy, Philippines",Philippines,Asia,green,5.6
"52 km ESE of Marihatag, Philippines",Philippines,Asia,green,5.6
"30 km NW of Davila, Philippines",Philippines,Asia,green,5.6
"54 km E of Cortes, Philippines",Philippines,Asia,green,5.6
"46 km ENE of Hinatuan, Philippines",Philippines,Asia,green,5.6
"55 km E of Cortes, Philippines",Philippines,Asia,green,5.6
"21 km ENE of Hinatuan, Philippines",Philippines,Asia,green,5.6
"188 km SE of Sarangani, Philippines",Philippines,Asia,green,5.6
"66 km N of Namuac, Philippines",Philippines,Asia,green,5.6
"20 km S of Malbang, Philippines",Philippines,Asia,green,5.6
"90 km ESE of Bobon, Philippines",Philippines,Asia,green,5.6
"61 km ENE of Hinatuan, Philippines",Philippines,Asia,green,5.6
"13 km NNE of Banawa, Philippines",Philippines,Asia,green,5.6
"119 km ESE of Pondaguitan, Philippines",Philippines,Asia,green,5.6
"8 km W of Dolo, Philippines",Philippines,Asia,green,5.6
"9 km SSE of Kiblawan, Philippines",Philippines,Asia,green,5.6
"4 km E of Buenavista, Philippines",Philippines,Asia,green,5.6
"11 km E of Bual, Philippines",Philippines,Asia,green,5.6
"13 km ENE of Bantacan, Philippines",Philippines,Asia,green,5.6
"29 km NE of Hinatuan, Philippines",Philippines,Asia,green,5.6
"37 km SSW of Maguling, Philippines",Philippines,Asia,green,5.6
"65 km N of Namuac, Philippines",Philippines,Asia,green,5.6
"11 km S of Tallaboa, Puerto Rico",Puerto Rico,Americas,green,5.6
"5 km E of Panciu, Romania",Romania,Europe,green,5.6
"13 km W of Nereju Mic, Romania",Romania,Europe,green,5.6
"7 km WNW of Nereju Mic, Romania",Romania,Europe,green,5.6
"57 km NW of Otrada, Russia",Russia,Europe,green,5.6
"136 km ESE of Ozernovskiy, Russia",Russia,Europe,green,5.6
"144 km ESE of Severo-Kuril’sk, Russia",Russia,Europe,green,5.6
"207 km SE of Ust’-Kamchatsk Staryy, Russia",Russia,Europe,green,5.6
"32 km SE of Severo-Kuril’sk, Russia",Russia,Europe,green,5.6
"189 km SE of Ust’-Kamchatsk Staryy, Russia",Russia,Europe,green,5.6
"134 km SE of Severo-Kuril’sk, Russia",Russia,Europe,green,5.6
"69 km SW of Palana, Russia",Russia,Europe,green,5.6
"154 km SSE of Severo-Kuril’sk, Russia",Russia,Europe,green,5.6
"123 km E of Severo-Kuril’sk, Russia",Russia,Europe,green,5.6
"264 km SE of Vilyuchinsk, Russia",Russia,Europe,green,5.6
"115 km SE of Severo-Kuril’sk, Russia",Russia,Europe,green,5.6
"123 km SSE of Ust’-Kamchatsk Staryy, Russia",Russia,Europe,green,5.6
"100 km SE of Mil’kovo, Russia",Russia,Europe,green,5.6
"176 km SE of Vilyuchinsk, Russia",Russia,Europe,green,5.6
"102 km S of Vilyuchinsk, Russia",Russia,Europe,green,5.6
"223 km SE of Severo-Kuril’sk, Russia",Russia,Europe,green,5.6
"168 km E of Yuzhno-Sakhalinsk, Russia",Russia,Europe,green,5.6
"127 km ESE of Mil’kovo, Russia",Russia,Europe,green,5.6
"177 km SE of Ust’-Kamchatsk Staryy, Russia",Russia,Europe,green,5.6
"202 km S of Severo-Kuril’sk, Russia",Russia,Europe,green,5.6
"168 km S of Severo-Kuril’sk, Russia",Russia,Europe,green,5.6
"162 km ESE of Petropavlovsk-Kamchatsky, Russia",Russia,Europe,green,5.6
"27 km W of Atlasovo, Russia",Russia,Europe,green,5.6
"159 km ESE of Petropavlovsk-Kamchatsky, Russia",Russia,Europe,green,5.6
"51 km SSW of Shikotan, Russia",Russia,Europe,green,5.6
"87 km E of Georgetown, Saint Helena",Saint Helena,Africa,green,5.6
"86 km WSW of Lata, Solomon Islands",Solomon Islands,Oceania,green,5.6
"108 km SSE of Auki, Solomon Islands",Solomon Islands,Oceania,green,5.6
Solomon Islands,Solomon Islands,Oceania,green,5.6
"82 km WNW of Kirakira, Solomon Islands",Solomon Islands,Oceania,green,5.6
"77 km W of Lata, Solomon Islands",Solomon Islands,Oceania,green,5.6
"66 km W of Kirakira, Solomon Islands",Solomon Islands,Oceania,green,5.6
"83 km SE of Kirakira, Solomon Islands",Solomon Islands,Oceania,green,5.6
"149 km S of Lata, Solomon Islands",Solomon Islands,Oceania,green,5.6
"185 km SSE of Gizo, Solomon Islands",Solomon Islands,Oceania,green,5.6
"174 km SE of Gizo, Solomon Islands",Solomon Islands,Oceania,green,5.6
"26 km SE of Lata, Solomon Islands",Solomon Islands,Oceania,green,5.6
"94 km S of Kirakira, Solomon Islands",Solomon Islands,Oceania,green,5.6
"144 km S of Lata, Solomon Islands",Solomon Islands,Oceania,green,5.6
"70 km WSW of Lata, Solomon Islands",Solomon Islands,Oceania,green,5.6
"112 km ESE of Lata, Solomon Islands",Solomon Islands,Oceania,green,5.6
"73 km E of Lata, Solomon Islands",Solomon Islands,Oceania,green,5.6
"120 km E of Lata, Solomon Islands",Solomon Islands,Oceania,green,5.6
"68 km S of Lata, Solomon Islands",Solomon Islands,Oceania,green,5.6
"168 km WNW of Malango, Solomon Islands",Solomon Islands,Oceania,green,5.6
"93 km SSE of Lata, Solomon Islands",Solomon Islands,Oceania,green,5.6
"45 km SSW of Lata, Solomon Islands",Solomon Islands,Oceania,green,5.6
"136 km SW of Lata, Solomon Islands",Solomon Islands,Oceania,green,5.6
"83 km S of Kirakira, Solomon Islands",Solomon Islands,Oceania,green,5.6
"20 km WSW of Malango, Solomon Islands",Solomon Islands,Oceania,green,5.6
"126 km WNW of Gizo, Solomon Islands",Solomon Islands,Oceania,green,5.6
"150 km NNW of Las Khorey, Somalia",Somalia,Africa,green,5.6
"145 km N of Las Khorey, Somalia",Somalia,Africa,green,5.6
"21 km NNE of Hualien City, Taiwan",Taiwan,Asia,green,5.6
"30 km S of Hualien City, Taiwan",Taiwan,Asia,green,5.6
"37 km ESE of Hualien City, Taiwan",Taiwan,Asia,green,5.6
Taiwan,Taiwan,Asia,green,5.6
"85 km E of Hengchun, Taiwan",Taiwan,Asia,green,5.6
"28 km S of Hualien City, Taiwan",Taiwan,Asia,green,5.6
"92 km ESE of Yujing, Taiwan",Taiwan,Asia,green,5.6
"87 km E of Yujing, Taiwan",Taiwan,Asia,green,5.6
"24 km NNE of Hualien City, Taiwan",Taiwan,Asia,green,5.6
"96 km NE of Khorugh, Tajikistan",Tajikistan,Asia,green,5.6
"77 km W of Neiafu, Tonga",Tonga,Oceania,green,5.6
"250 km S of ‘Ohonua, Tonga",Tonga,Oceania,green,5.6
"124 km SSE of Hihifo, Tonga",Tonga,Oceania,green,5.6
"189 km SSW of ‘Ohonua, Tonga",Tonga,Oceania,green,5.6
"112 km ESE of Pangai, Tonga",Tonga,Oceania,green,5.6
"128 km W of Hihifo, Tonga",Tonga,Oceania,green,5.6
"109 km NE of Hihifo, Tonga",Tonga,Oceania,green,5.6
"211 km S of ‘Ohonua, Tonga",Tonga,Oceania,green,5.6
"46 km W of Haveluloto, Tonga",Tonga,Oceania,green,5.6
"81 km WNW of Hihifo, Tonga",Tonga,Oceania,green,5.6
"61 km NNE of Pangai, Tonga",Tonga,Oceania,green,5.6
"55 km WNW of Pangai, Tonga",Tonga,Oceania,green,5.6
"259 km S of ‘Ohonua, Tonga",Tonga,Oceania,green,5.6
"127 km SSE of ‘Ohonua, Tonga",Tonga,Oceania,green,5.6
"249 km SSW of ‘Ohonua, Tonga",Tonga,Oceania,green,5.6
"141 km S of ‘Ohonua, Tonga",Tonga,Oceania,green,5.6
"79 km NNW of Hihifo, Tonga",Tonga,Oceania,green,5.6
"74 km NW of Neiafu, Tonga",Tonga,Oceania,green,5.6
"172 km SW of Vaini, Tonga",Tonga,Oceania,green,5.6
"104 km ENE of ‘Ohonua, Tonga",Tonga,Oceania,green,5.6
"155 km NW of Haveluloto, Tonga",Tonga,Oceania,green,5.6
"129 km ESE of Pangai, Tonga",Tonga,Oceania,green,5.6
"84 km SE of Pangai, Tonga",Tonga,Oceania,green,5.6
"133 km ESE of Neiafu, Tonga",Tonga,Oceania,green,5.6
south of Tonga,Tonga,Oceania,green,5.6
"149 km W of Neiafu, Tonga",Tonga,Oceania,green,5.6
"112 km SE of Pangai, Tonga",Tonga,Oceania,green,5.6
"60 km W of Haveluloto, Tonga",Tonga,Oceania,green,5.6
"24 km SE of Neiafu, Tonga",Tonga,Oceania,green,5.6
"165 km ESE of Neiafu, Tonga",Tonga,Oceania,green,5.6
"127 km WNW of Hihifo, Tonga",Tonga,Oceania,green,5.6
"91 km NW of Hihifo, Tonga",Tonga,Oceania,green,5.6
"62 km SSE of ‘Ohonua, Tonga",Tonga,Oceania,green,5.6
"136 km NW of Neiafu, Tonga",Tonga,Oceania,green,5.6
"48 km WNW of Houma, Tonga",Tonga,Oceania,green,5.6
"98 km NNE of Hihifo, Tonga",Tonga,Oceania,green,5.6
"90 km ENE of Hihifo, Tonga",Tonga,Oceania,green,5.6
"136 km NE of Hihifo, Tonga",Tonga,Oceania,green,5.6
"96 km NNE of Hihifo, Tonga",Tonga,Oceania,green,5.6
Tonga region,Tonga,Oceania,green,5.6
"98 km ENE of Hihifo, Tonga",Tonga,Oceania,green,5.6
"123 km N of Neiafu, Tonga",Tonga,Oceania,green,5.6
south of Tonga,Tonga,Oceania,green,5.6
"88 km W of Hihifo, Tonga",Tonga,Oceania,green,5.6
"18 km NNE of Sincik, Turkey",Turkey,Asia,green,5.6
Turkey-Syria border region,Turkey,Asia,green,5.6
"11 km W of Sulusaray, Turkey",Turkey,Asia,green,5.6
"29 km SW of Hawthorne, Nevada",United States of America,Americas,green,5.6
"50 km ENE of Pedro Bay, Alaska",United States of America,Americas,green,5.6
"7km ENE of Running Springs, CA",United States of America,Americas,green,5.6
"28 km WSW of Hawthorne, Nevada",United States of America,Americas,green,5.6
"182 km SSE of Isangel, Vanuatu",Vanuatu,Oceania,green,5.6
"168 km SSE of Isangel, Vanuatu",Vanuatu,Oceania,green,5.6
"187 km NNW of Sola, Vanuatu",Vanuatu,Oceania,green,5.6
"203 km SSE of Isangel, Vanuatu",Vanuatu,Oceania,green,5.6
"93 km S of Isangel, Vanuatu",Vanuatu,Oceania,green,5.6
"190 km NE of Sola, Vanuatu",Vanuatu,Oceania,green,5.6
"134 km SSE of Isangel, Vanuatu",Vanuatu,Oceania,green,5.6
Vanuatu region,Vanuatu,Oceania,green,5.6
"29 km SW of Port-Vila, Vanuatu",Vanuatu,Oceania,green,5.6
"33 km NE of Port-Olry, Vanuatu",Vanuatu,Oceania,green,5.6
"67 km NNE of Isangel, Vanuatu",Vanuatu,Oceania,green,5.6
"177 km NW of Sola, Vanuatu",Vanuatu,Oceania,green,5.6
Vanuatu region,Vanuatu,Oceania,green,5.6
"108 km S of Lakatoro, Vanuatu",Vanuatu,Oceania,green,5.6
"119 km SSE of Isangel, Vanuatu",Vanuatu,Oceania,green,5.6
"117 km E of Port-Olry, Vanuatu",Vanuatu,Oceania,green,5.6
"78 km WNW of Port-Vila, Vanuatu",Vanuatu,Oceania,green,5.6
"57 km NE of Port-Olry, Vanuatu",Vanuatu,Oceania,green,5.6
"36 km NNE of Port-Olry, Vanuatu",Vanuatu,Oceania,green,5.6
Vanuatu region,Vanuatu,Oceania,green,5.6
"42 km E of Port-Olry, Vanuatu",Vanuatu,Oceania,green,5.6
"21 km WNW of Port-Olry, Vanuatu",Vanuatu,Oceania,green,5.6
"33 km W of Sola, Vanuatu",Vanuatu,Oceania,green,5.6
"127 km W of Port-Vila, Vanuatu",Vanuatu,Oceania,green,5.6
"51 km SSW of Sola, Vanuatu",Vanuatu,Oceania,green,5.6
"65 km NNE of Isangel, Vanuatu",Vanuatu,Oceania,green,5.6
"3 km WNW of Port-Olry, Vanuatu",Vanuatu,Oceania,green,5.6
"96 km NNW of Sola, Vanuatu",Vanuatu,Oceania,green,5.6
"221 km SSE of Isangel, Vanuatu",Vanuatu,Oceania,green,5.6
"152 km NNW of Sola, Vanuatu",Vanuatu,Oceania,green,5.6
"48 km E of Luganville, Vanuatu",Vanuatu,Oceania,green,5.6
"179 km SE of Alo, Wallis and Futuna",Wallis and Futuna,Oceania,green,5.6
"171 km S of Mata-Utu, Wallis and Futuna",Wallis and Futuna,Oceania,green,5.6
"141 km SE of Alo, Wallis and Futuna",Wallis and Futuna,Oceania,green,5.6
"142 km SSE of Alo, Wallis and Futuna",Wallis and Futuna,Oceania,green,5.6
"188 km SSE of Alo, Wallis and Futuna",Wallis and Futuna,Oceania,green,5.6
"283 km S of Alo, Wallis and Futuna",Wallis and Futuna,Oceania,green,5.6
"6km SSW of Petrolia, CA",United States of America,Americas,green,5.58
"13 km SSE of Volcano, Hawaii",United States of America,Americas,green,5.54
"17km S of Searles Valley, CA",United States of America,Americas,green,5.51
"64 km WNW of Nushki, Pakistan",Afghanistan,Asia,green,5.5
"16 km S of Mehtar L?m, Afghanistan",Afghanistan,Asia,green,5.5
"20 km W of Ashk?sham, Afghanistan",Afghanistan,Asia,green,5.5
"47 km SSW of Jurm, Afghanistan",Afghanistan,Asia,green,5.5
"79 km SSW of Sand Point, Alaska",Alaska,Americas,green,5.5
"129 km SSW of Nikolski, Alaska",Alaska,Americas,green,5.5
"73 km S of Nikolski, Alaska",Alaska,Americas,green,5.5
"97 km SSW of Adak, Alaska",Alaska,Americas,green,5.5
"73 km S of Ivanof Bay, Alaska",Alaska,Americas,green,5.5
"123 km NNE of Atka, Alaska",Alaska,Americas,green,5.5
"46 km NNW of Attu Station, Alaska",Alaska,Americas,green,5.5
"152 km ESE of Attu Station, Alaska",Alaska,Americas,green,5.5
"92 km S of Atka, Alaska",Alaska,Americas,green,5.5
"55 km SSW of Nikolski, Alaska",Alaska,Americas,green,5.5
"227 km S of Sand Point, Alaska",Alaska,Americas,green,5.5
"114 km SSE of Sand Point, Alaska",Alaska,Americas,green,5.5
"109 km ESE of Adak, Alaska",Alaska,Americas,green,5.5
"45 km ESE of Nikolski, Alaska",Alaska,Americas,green,5.5
"61 km SSW of Nikolski, Alaska",Alaska,Americas,green,5.5
"289 km WSW of Adak, Alaska",Alaska,Americas,green,5.5
"276 km ESE of Chiniak, Alaska",Alaska,Americas,green,5.5
"196 km WSW of Adak, Alaska",Alaska,Americas,green,5.5
"109 km SW of Atka, Alaska",Alaska,Americas,green,5.5
"96 km SSW of Nikolski, Alaska",Alaska,Americas,green,5.5
"160 km ESE of Akutan, Alaska",Alaska,Americas,green,5.5
"132 km SSW of Adak, Alaska",Alaska,Americas,green,5.5
"92 km E of Nikolski, Alaska",Alaska,Americas,green,5.5
"66 km SSW of Nikolski, Alaska",Alaska,Americas,green,5.5
"46 km SSE of Sand Point, Alaska",Alaska,Americas,green,5.5
"86 km SSE of Nikolski, Alaska",Alaska,Americas,green,5.5
"81 km SSE of Nikolski, Alaska",Alaska,Americas,green,5.5
"140 km SE of Chignik, Alaska",Alaska,Americas,green,5.5
"22 km W of Mamurras, Albania",Albania,Europe,green,5.5
"29 km W of La Quiaca, Argentina",Argentina,Americas,green,5.5
"21 km NNW of Yuto, Argentina",Argentina,Americas,green,5.5
"45 km SSW of Serrezuela, Argentina",Argentina,Americas,green,5.5
"57 km WSW of Calingasta, Argentina",Argentina,Americas,green,5.5
"56 km WNW of Campo Gallo, Argentina",Argentina,Americas,green,5.5
"39 km S of Tinogasta, Argentina",Argentina,Americas,green,5.5
"49 km WNW of San Antonio de los Cobres, Argentina",Argentina,Americas,green,5.5
"256 km SSE of Ushuaia, Argentina",Argentina,Americas,green,5.5
"83 km NNW of San Antonio de los Cobres, Argentina",Argentina,Americas,green,5.5
"37 km SSE of Suncho Corral, Argentina",Argentina,Americas,green,5.5
"12 km WNW of El Hoyo, Argentina",Argentina,Americas,green,5.5
"54 km WNW of Vinchina, Argentina",Argentina,Americas,green,5.5
"68 km WNW of Vinchina, Argentina",Argentina,Americas,green,5.5
"128 km ENE of Rainbow Beach, Australia",Australia,Oceania,green,5.5
"106 km E of Pirallah?, Azerbaijan",Azerbaijan,Asia,green,5.5
"222 km WSW of Port McNeill, Canada",Canada,Americas,green,5.5
"86 km WSW of Vernon, Canada",Canada,Americas,green,5.5
"223 km WSW of Port McNeill, Canada",Canada,Americas,green,5.5
"234 km WNW of Port McNeill, Canada",Canada,Americas,green,5.5
"229 km W of Port McNeill, Canada",Canada,Americas,green,5.5
"79 km NW of Quirihue, Chile",Chile,Americas,green,5.5
"131 km W of Castro, Chile",Chile,Americas,green,5.5
West Chile Rise,Chile,Americas,green,5.5
"122 km SE of Arica, Chile",Chile,Americas,green,5.5
"78 km W of Vallenar, Chile",Chile,Americas,green,5.5
"165 km WSW of Lebu, Chile",Chile,Americas,green,5.5
"63 km W of Coquimbo, Chile",Chile,Americas,green,5.5
"71 km SW of Iquique, Chile",Chile,Americas,green,5.5
"92 km WSW of Illapel, Chile",Chile,Americas,green,5.5
"96 km NE of Diego de Almagro, Chile",Chile,Americas,green,5.5
"49 km WSW of Iquique, Chile",Chile,Americas,green,5.5
"76 km SW of Taltal, Chile",Chile,Americas,green,5.5
"28 km N of La Serena, Chile",Chile,Americas,green,5.5
West Chile Rise,Chile,Americas,green,5.5
"15 km SW of Coquimbo, Chile",Chile,Americas,green,5.5
"110 km WNW of Iquique, Chile",Chile,Americas,green,5.5
West Chile Rise,Chile,Americas,green,5.5
"42 km ENE of Palca, Peru",Chile,Americas,green,5.5
"70 km SW of La Tirana, Chile",Chile,Americas,green,5.5
"86 km WNW of Copiapó, Chile",Chile,Americas,green,5.5
"68 km W of Coquimbo, Chile",Chile,Americas,green,5.5
"21 km WSW of Iquique, Chile",Chile,Americas,green,5.5
"83 km WSW of Coquimbo, Chile",Chile,Americas,green,5.5
"54 km WSW of Illapel, Chile",Chile,Americas,green,5.5
"76 km WSW of Quellón, Chile",Chile,Americas,green,5.5
"42 km ENE of Calama, Chile",Chile,Americas,green,5.5
"88 km W of San Antonio, Chile",Chile,Americas,green,5.5
"11 km SSW of Taltal, Chile",Chile,Americas,green,5.5
"52 km SW of Ovalle, Chile",Chile,Americas,green,5.5
"27 km NNW of Illapel, Chile",Chile,Americas,green,5.5
"42 km SW of Ovalle, Chile",Chile,Americas,green,5.5
"73 km WSW of Iquique, Chile",Chile,Americas,green,5.5
"77 km SW of Ovalle, Chile",Chile,Americas,green,5.5
"34 km W of Rauco, Chile",Chile,Americas,green,5.5
"156 km WSW of San Antonio, Chile",Chile,Americas,green,5.5
"43 km W of Illapel, Chile",Chile,Americas,green,5.5
"122 km NE of Iquique, Chile",Chile,Americas,green,5.5
"80 km WNW of Illapel, Chile",Chile,Americas,green,5.5
West Chile Rise,Chile,Americas,green,5.5
"Near the coast of Coquimbo, Chile",Chile,Americas,green,5.5
"68 km SSW of San Pedro de Atacama, Chile",Chile,Americas,green,5.5
"92 km W of San Antonio, Chile",Chile,Americas,green,5.5
"72 km WNW of Iquique, Chile",Chile,Americas,green,5.5
"77 km SW of Iquique, Chile",Chile,Americas,green,5.5
"52 km W of Coquimbo, Chile",Chile,Americas,green,5.5
West Chile Rise,Chile,Americas,green,5.5
"99 km NNE of Calama, Chile",Chile,Americas,green,5.5
West Chile Rise,Chile,Americas,green,5.5
"69 km NW of Talcahuano, Chile",Chile,Americas,green,5.5
"59 km WSW of Ovalle, Chile",Chile,Americas,green,5.5
"81 km WSW of San Antonio, Chile",Chile,Americas,green,5.5
western Xizang,China,Asia,green,5.5
"128 km WNW of Aykol, China",China,Asia,green,5.5
"northern Qinghai, China",China,Asia,green,5.5
"Southern Qinghai, China",China,Asia,green,5.5
"289 km NNW of Rikaze, China",China,Asia,green,5.5
western Xizang,China,Asia,green,5.5
"12 km S of Planadas, Colombia",Colombia,Americas,green,5.5
"7 km SSW of Caldono, Colombia",Colombia,Americas,green,5.5
"10 km S of Sipí, Colombia",Colombia,Americas,green,5.5
"16 km ENE of Colombia, Colombia",Colombia,Americas,green,5.5
"26 km SW of Santa Rosa del Sur, Colombia",Colombia,Americas,green,5.5
"8 km SE of Quepos, Costa Rica",Costa Rica,Americas,green,5.5
"12 km WSW of Puerto Armuelles, Panama",Costa Rica,Americas,green,5.5
"141 km W of Sardinal, Costa Rica",Costa Rica,Americas,green,5.5
"43 km N of Cyangugu, Rwanda",Democratic Republic of the Congo,Africa,green,5.5
"47 km WNW of Bahía de Caráquez, Ecuador",Ecuador,Americas,green,5.5
"Galapagos Islands, Ecuador region",Ecuador,Americas,green,5.5
"13 km ESE of Baláo, Ecuador",Ecuador,Americas,green,5.5
off the coast of Ecuador,Ecuador,Americas,green,5.5
"35 km NNE of Puerto Villamil, Ecuador",Ecuador,Americas,green,5.5
"32 km W of Archidona, Ecuador",Ecuador,Americas,green,5.5
"50 km NW of Bahía de Caráquez, Ecuador",Ecuador,Americas,green,5.5
"28 km S of Esmeraldas, Ecuador",Ecuador,Americas,green,5.5
"34 km SE of Tena, Ecuador",Ecuador,Americas,green,5.5
near the coast of Ecuador,Ecuador,Americas,green,5.5
"34 km NNE of Santa Elena, Ecuador",Ecuador,Americas,green,5.5
"14 km ESE of Eloy Alfaro, Ecuador",Ecuador,Americas,green,5.5
"0 km SSE of Nuwaybi‘a, Egypt",Egypt,Africa,green,5.5
"123 km SW of Acajutla, El Salvador",El Salvador,Americas,green,5.5
"104 km S of La Libertad, El Salvador",El Salvador,Americas,green,5.5
"81 km SW of Acajutla, El Salvador",El Salvador,Americas,green,5.5
"66 km ENE of ?d?grat, Ethiopia",Eritrea,Africa,green,5.5
"45 km NNE of Āwash, Ethiopia",Ethiopia,Africa,green,5.5
"State of Yap, Federated States of Micronesia",Federated States of Micronesia,Oceania,green,5.5
"230 km E of Levuka, Fiji",Fiji,Oceania,green,5.5
south of the Fiji Islands,Fiji,Oceania,green,5.5
south of the Fiji Islands,Fiji,Oceania,green,5.5
south of the Fiji Islands,Fiji,Oceania,green,5.5
Fiji region,Fiji,Oceania,green,5.5
south of the Fiji Islands,Fiji,Oceania,green,5.5
"228 km E of Levuka, Fiji",Fiji,Oceania,green,5.5
south of the Fiji Islands,Fiji,Oceania,green,5.5
Fiji region,Fiji,Oceania,green,5.5
"148 km E of Levuka, Fiji",Fiji,Oceania,green,5.5
south of the Fiji Islands,Fiji,Oceania,green,5.5
south of the Fiji Islands,Fiji,Oceania,green,5.5
Fiji region,Fiji,Oceania,green,5.5
"84 km SW of Nadi, Fiji",Fiji,Oceania,green,5.5
Fiji region,Fiji,Oceania,green,5.5
south of the Fiji Islands,Fiji,Oceania,green,5.5
Fiji region,Fiji,Oceania,green,5.5
south of the Fiji Islands,Fiji,Oceania,green,5.5
south of the Fiji Islands,Fiji,Oceania,green,5.5
south of the Fiji Islands,Fiji,Oceania,green,5.5
Fiji region,Fiji,Oceania,green,5.5
Fiji region,Fiji,Oceania,green,5.5
Fiji region,Fiji,Oceania,green,5.5
south of the Fiji Islands,Fiji,Oceania,green,5.5
south of the Fiji Islands,Fiji,Oceania,green,5.5
south of the Fiji Islands,Fiji,Oceania,green,5.5
"126 km N of Ba, Fiji",Fiji,Oceania,green,5.5
south of the Fiji Islands,Fiji,Oceania,green,5.5
south of the Fiji Islands,Fiji,Oceania,green,5.5
south of the Fiji Islands,Fiji,Oceania,green,5.5
"297 km E of Levuka, Fiji",Fiji,Oceania,green,5.5
south of the Fiji Islands,Fiji,Oceania,green,5.5
"222 km E of Levuka, Fiji",Fiji,Oceania,green,5.5
"176 km SW of Nadi, Fiji",Fiji,Oceania,green,5.5
Fiji region,Fiji,Oceania,green,5.5
"231 km E of Levuka, Fiji",Fiji,Oceania,green,5.5
"264 km E of Levuka, Fiji",Fiji,Oceania,green,5.5
Fiji region,Fiji,Oceania,green,5.5
"263 km E of Levuka, Fiji",Fiji,Oceania,green,5.5
"93 km W of Labasa, Fiji",Fiji,Oceania,green,5.5
south of the Fiji Islands,Fiji,Oceania,green,5.5
"112 km NNE of Ba, Fiji",Fiji,Oceania,green,5.5
Fiji region,Fiji,Oceania,green,5.5
"225 km E of Levuka, Fiji",Fiji,Oceania,green,5.5
Fiji region,Fiji,Oceania,green,5.5
south of the Fiji Islands,Fiji,Oceania,green,5.5
south of the Fiji Islands,Fiji,Oceania,green,5.5
south of the Fiji Islands,Fiji,Oceania,green,5.5
"127 km E of Levuka, Fiji",Fiji,Oceania,green,5.5
"283 km E of Levuka, Fiji",Fiji,Oceania,green,5.5
south of the Fiji Islands,Fiji,Oceania,green,5.5
"34 km S of Lambaréné, Gabon",Gabon,Africa,green,5.5
South Georgia Island region,Georgia,Asia,green,5.5
Strait of Gibraltar,Gibraltar,Europe,green,5.5
"7 km S of Kraniá Elassónas, Greece",Greece,Europe,green,5.5
"25 km SSE of Karyes, Greece",Greece,Europe,green,5.5
"7 km WSW of Asprángeloi, Greece",Greece,Europe,green,5.5
"37 km WSW of Methóni, Greece",Greece,Europe,green,5.5
"72 km ESE of Karpathos, Greece",Greece,Europe,green,5.5
"Crete, Greece",Greece,Europe,green,5.5
"20 km SSW of Mandráki, Greece",Greece,Europe,green,5.5
"45 km SW of Lixoúri, Greece",Greece,Europe,green,5.5
Greenland Sea,Greenland,Americas,green,5.5
"67 km SE of Saint David’s, Grenada",Grenada,Americas,green,5.5
"209 km SE of Inarajan Village, Guam",Guam,Oceania,green,5.5
"119 km SSW of Merizo Village, Guam",Guam,Oceania,green,5.5
"33 km WNW of Agat Village, Guam",Guam,Oceania,green,5.5
"96 km ESE of Yigo Village, Guam",Guam,Oceania,green,5.5
"52 km WSW of Merizo Village, Guam",Guam,Oceania,green,5.5
"105 km SSW of Merizo Village, Guam",Guam,Oceania,green,5.5
"299 km WSW of Merizo Village, Guam",Guam,Oceania,green,5.5
"109 km SSW of Merizo Village, Guam",Guam,Oceania,green,5.5
"8 km SSW of Pajapita, Guatemala",Guatemala,Americas,green,5.5
"9 km WSW of Mataquescuintla, Guatemala",Guatemala,Americas,green,5.5
"57 km SSW of Puerto San José, Guatemala",Guatemala,Americas,green,5.5
"30 km SSW of Puerto San José, Guatemala",Guatemala,Americas,green,5.5
"78 km SSW of Puerto San José, Guatemala",Guatemala,Americas,green,5.5
"12 km S of Masagua, Guatemala",Guatemala,Americas,green,5.5
"173 km SSW of Kokopo, Papua New Guinea",Guinea,Africa,green,5.5
"92 km SSE of Panguna, Papua New Guinea",Guinea,Africa,green,5.5
"90 km SSE of Panguna, Papua New Guinea",Guinea,Africa,green,5.5
"165 km ENE of Popondetta, Papua New Guinea",Guinea,Africa,green,5.5
"126 km SSW of Lorengau, Papua New Guinea",Guinea,Africa,green,5.5
"155 km SSW of Lorengau, Papua New Guinea",Guinea,Africa,green,5.5
"78 km NNE of Alotau, Papua New Guinea",Guinea,Africa,green,5.5
"130 km ESE of Kimbe, Papua New Guinea",Guinea,Africa,green,5.5
"183 km WNW of Panguna, Papua New Guinea",Guinea,Africa,green,5.5
"97 km WNW of Rabaul, Papua New Guinea",Guinea,Africa,green,5.5
"57 km W of Panguna, Papua New Guinea",Guinea,Africa,green,5.5
"156 km SSW of Kavieng, Papua New Guinea",Guinea,Africa,green,5.5
"182 km NW of Lorengau, Papua New Guinea",Guinea,Africa,green,5.5
"96 km WNW of Rabaul, Papua New Guinea",Guinea,Africa,green,5.5
"117 km WNW of Rabaul, Papua New Guinea",Guinea,Africa,green,5.5
"152 km SE of Kokopo, Papua New Guinea",Guinea,Africa,green,5.5
"192 km ENE of Angoram, Papua New Guinea",Guinea,Africa,green,5.5
"128 km S of Kavieng, Papua New Guinea",Guinea,Africa,green,5.5
"76 km SSE of Panguna, Papua New Guinea",Guinea,Africa,green,5.5
"115 km NW of Alotau, Papua New Guinea",Guinea,Africa,green,5.5
"68 km E of Finschhafen, Papua New Guinea",Guinea,Africa,green,5.5
"248 km SE of Lorengau, Papua New Guinea",Guinea,Africa,green,5.5
"126 km W of Rabaul, Papua New Guinea",Guinea,Africa,green,5.5
"213 km WSW of Kavieng, Papua New Guinea",Guinea,Africa,green,5.5
"117 km NNW of Finschhafen, Papua New Guinea",Guinea,Africa,green,5.5
"81 km SSE of Panguna, Papua New Guinea",Guinea,Africa,green,5.5
"107 km WNW of Rabaul, Papua New Guinea",Guinea,Africa,green,5.5
"187 km ESE of Kimbe, Papua New Guinea",Guinea,Africa,green,5.5
"127 km NNW of Kimbe, Papua New Guinea",Guinea,Africa,green,5.5
"46 km E of Wewak, Papua New Guinea",Guinea,Africa,green,5.5
"193 km ESE of Kimbe, Papua New Guinea",Guinea,Africa,green,5.5
"142 km SSE of Kokopo, Papua New Guinea",Guinea,Africa,green,5.5
"89 km SW of Panguna, Papua New Guinea",Guinea,Africa,green,5.5
"78 km SSE of Panguna, Papua New Guinea",Guinea,Africa,green,5.5
"96 km WNW of Panguna, Papua New Guinea",Guinea,Africa,green,5.5
"247 km W of Panguna, Papua New Guinea",Guinea,Africa,green,5.5
"83 km NW of Rabaul, Papua New Guinea",Guinea,Africa,green,5.5
north of Honduras,Honduras,Americas,green,5.5
"110 km WNW of Höfn, Iceland",Iceland,Europe,green,5.5
"134 km S of Akureyri, Iceland",Iceland,Europe,green,5.5
"111 km WNW of Höfn, Iceland",Iceland,Europe,green,5.5
"115 km SSE of Akureyri, Iceland",Iceland,Europe,green,5.5
"100 km WNW of Höfn, Iceland",Iceland,Europe,green,5.5
"16 km SSE of Shi Yomi, India",India,Asia,green,5.5
"273 km ENE of Port Blair, India",India,Asia,green,5.5
"285 km ENE of Port Blair, India",India,Asia,green,5.5
"64 km NE of Bomdila, India",India,Asia,green,5.5
"Nicobar Islands, India region",India,Asia,green,5.5
"Nicobar Islands, India region",India,Asia,green,5.5
"33 km WNW of Moir?ng, India",India,Asia,green,5.5
"250 km E of Port Blair, India",India,Asia,green,5.5
"168 km SW of Port Blair, India",India,Asia,green,5.5
"160 km NNE of Labuan Bajo, Indonesia",Indonesia,Asia,green,5.5
"104 km ENE of Luwuk, Indonesia",Indonesia,Asia,green,5.5
"147 km N of Tobelo, Indonesia",Indonesia,Asia,green,5.5
"262 km WSW of Abepura, Indonesia",Indonesia,Asia,green,5.5
"274 km WSW of Meulaboh, Indonesia",Indonesia,Asia,green,5.5
"96 km SSW of Trenggalek, Indonesia",Indonesia,Asia,green,5.5
"28 km ENE of Manokwari, Indonesia",Indonesia,Asia,green,5.5
"80 km NW of Sabang, Indonesia",Indonesia,Asia,green,5.5
"133 km W of Ternate, Indonesia",Indonesia,Asia,green,5.5
"134 km ESE of Laikit, Laikit II (Dimembe), Indonesia",Indonesia,Asia,green,5.5
"202 km NNW of Sabang, Indonesia",Indonesia,Asia,green,5.5
"9 km ESE of Jayapura, Indonesia",Indonesia,Asia,green,5.5
"144 km NW of Tobelo, Indonesia",Indonesia,Asia,green,5.5
"261 km W of Tual, Indonesia",Indonesia,Asia,green,5.5
"206 km NNE of Tobelo, Indonesia",Indonesia,Asia,green,5.5
"67 km WNW of Abepura, Indonesia",Indonesia,Asia,green,5.5
"northern Sumatra, Indonesia",Indonesia,Asia,green,5.5
"197 km WSW of Bengkulu, Indonesia",Indonesia,Asia,green,5.5
"162 km NE of Tual, Indonesia",Indonesia,Asia,green,5.5
"Kepulauan Babar, Indonesia",Indonesia,Asia,green,5.5
"210 km W of Abepura, Indonesia",Indonesia,Asia,green,5.5
"143 km NW of Ternate, Indonesia",Indonesia,Asia,green,5.5
"160 km NE of Laikit, Laikit II (Dimembe), Indonesia",Indonesia,Asia,green,5.5
"155 km ENE of Nabire, Indonesia",Indonesia,Asia,green,5.5
"6 km E of Gili Air, Indonesia",Indonesia,Asia,green,5.5
"8 km WSW of Gili Air, Indonesia",Indonesia,Asia,green,5.5
"160 km NW of Tuapejat, Indonesia",Indonesia,Asia,green,5.5
"68 km SE of Amahai, Indonesia",Indonesia,Asia,green,5.5
"152 km WNW of Tobelo, Indonesia",Indonesia,Asia,green,5.5
"109 km S of Bambanglipuro, Indonesia",Indonesia,Asia,green,5.5
"southern Sumatra, Indonesia",Indonesia,Asia,green,5.5
"174 km S of Tondano, Indonesia",Indonesia,Asia,green,5.5
"164 km NW of Tobelo, Indonesia",Indonesia,Asia,green,5.5
"157 km WSW of Fakfak, Indonesia",Indonesia,Asia,green,5.5
"216 km NNW of Sabang, Indonesia",Indonesia,Asia,green,5.5
"117 km SW of Padangsidempuan, Indonesia",Indonesia,Asia,green,5.5
"147 km WNW of Tobelo, Indonesia",Indonesia,Asia,green,5.5
"261 km W of Abepura, Indonesia",Indonesia,Asia,green,5.5
"173 km NE of Bontang, Indonesia",Indonesia,Asia,green,5.5
"48 km ESE of Modisi, Indonesia",Indonesia,Asia,green,5.5
"116 km N of Kendari, Indonesia",Indonesia,Asia,green,5.5
"203 km WNW of Tual, Indonesia",Indonesia,Asia,green,5.5
"56 km W of Rantepao, Indonesia",Indonesia,Asia,green,5.5
"Kepulauan Mentawai region, Indonesia",Indonesia,Asia,green,5.5
"35 km ESE of Ransiki, Indonesia",Indonesia,Asia,green,5.5
"96 km NNW of Ternate, Indonesia",Indonesia,Asia,green,5.5
"152 km WNW of Tobelo, Indonesia",Indonesia,Asia,green,5.5
"17 km NW of Labuan Lombok, Indonesia",Indonesia,Asia,green,5.5
"58 km SSW of Poso, Indonesia",Indonesia,Asia,green,5.5
"146 km NW of Ternate, Indonesia",Indonesia,Asia,green,5.5
"186 km SW of Sungai Penuh, Indonesia",Indonesia,Asia,green,5.5
"118 km WNW of Tobelo, Indonesia",Indonesia,Asia,green,5.5
"97 km WNW of Gorontalo, Indonesia",Indonesia,Asia,green,5.5
"168 km NNE of Tobelo, Indonesia",Indonesia,Asia,green,5.5
"261 km WSW of Tual, Indonesia",Indonesia,Asia,green,5.5
"265 km E of Amahai, Indonesia",Indonesia,Asia,green,5.5
"245 km W of Abepura, Indonesia",Indonesia,Asia,green,5.5
"70 km WSW of Pagar Alam, Indonesia",Indonesia,Asia,green,5.5
"67 km NNE of Ruteng, Indonesia",Indonesia,Asia,green,5.5
"32 km ESE of Bima, Indonesia",Indonesia,Asia,green,5.5
"261 km E of Biak, Indonesia",Indonesia,Asia,green,5.5
"29 km ENE of Labuan Lombok, Indonesia",Indonesia,Asia,green,5.5
"144 km WSW of Bengkulu, Indonesia",Indonesia,Asia,green,5.5
"60 km WSW of Poso, Indonesia",Indonesia,Asia,green,5.5
"160 km S of Tondano, Indonesia",Indonesia,Asia,green,5.5
"99 km W of Tual, Indonesia",Indonesia,Asia,green,5.5
"southwest of Sumatra, Indonesia",Indonesia,Asia,green,5.5
"144 km SW of Tual, Indonesia",Indonesia,Asia,green,5.5
"Papua, Indonesia",Indonesia,Asia,green,5.5
"279 km W of Banda Aceh, Indonesia",Indonesia,Asia,green,5.5
"87 km WNW of Maubara, Timor Leste",Indonesia,Asia,green,5.5
"71 km SW of Pagar Alam, Indonesia",Indonesia,Asia,green,5.5
"south of Bali, Indonesia",Indonesia,Asia,green,5.5
"219 km WSW of Padang, Indonesia",Indonesia,Asia,green,5.5
"215 km NNW of Sabang, Indonesia",Indonesia,Asia,green,5.5
"Minahasa, Sulawesi, Indonesia",Indonesia,Asia,green,5.5
"235 km WNW of Gorontalo, Indonesia",Indonesia,Asia,green,5.5
"50 km NNW of Sabang, Indonesia",Indonesia,Asia,green,5.5
"Kepulauan Babar, Indonesia",Indonesia,Asia,green,5.5
"171 km S of Boyolangu, Indonesia",Indonesia,Asia,green,5.5
"109 km NNE of Bangkalan, Indonesia",Indonesia,Asia,green,5.5
"Flores region, Indonesia",Indonesia,Asia,green,5.5
"197 km SE of Katabu, Indonesia",Indonesia,Asia,green,5.5
"211 km NW of Tobelo, Indonesia",Indonesia,Asia,green,5.5
"64 km S of Poso, Indonesia",Indonesia,Asia,green,5.5
"139 km NNE of Palu, Indonesia",Indonesia,Asia,green,5.5
"247 km W of Abepura, Indonesia",Indonesia,Asia,green,5.5
"157 km SSE of Tondano, Indonesia",Indonesia,Asia,green,5.5
"183 km W of Bengkulu, Indonesia",Indonesia,Asia,green,5.5
"33 km N of Waingapu, Indonesia",Indonesia,Asia,green,5.5
"59 km S of Bireun, Indonesia",Indonesia,Asia,green,5.5
"141 km N of Tobelo, Indonesia",Indonesia,Asia,green,5.5
"180 km NNE of Gili Air, Indonesia",Indonesia,Asia,green,5.5
"235 km NNW of Sabang, Indonesia",Indonesia,Asia,green,5.5
"89 km SSW of Banda Aceh, Indonesia",Indonesia,Asia,green,5.5
"138 km NW of Sabang, Indonesia",Indonesia,Asia,green,5.5
"272 km S of Bengkulu, Indonesia",Indonesia,Asia,green,5.5
"170 km W of Abepura, Indonesia",Indonesia,Asia,green,5.5
"256 km NNE of Tobelo, Indonesia",Indonesia,Asia,green,5.5
"94 km SSW of Pagar Alam, Indonesia",Indonesia,Asia,green,5.5
"16 km ESE of Mandal?, Iraq",Iran,Asia,green,5.5
"91 km SSE of M?n?b, Iran",Iran,Asia,green,5.5
"105 km SE of M?n?b, Iran",Iran,Asia,green,5.5
"75 km N of Bandar-e Lengeh, Iran",Iran,Asia,green,5.5
"61 km NE of Masjed Soleym?n, Iran",Iran,Asia,green,5.5
"81 km SE of M?n?b, Iran",Iran,Asia,green,5.5
"58 km NNW of Bandar Abbas, Iran",Iran,Asia,green,5.5
"90 km SE of M?n?b, Iran",Iran,Asia,green,5.5
"81 km SW of T?yb?d, Iran",Iran,Asia,green,5.5
"37 km E of Kerman, Iran",Iran,Asia,green,5.5
"103 km SE of Bushehr, Iran",Iran,Asia,green,5.5
"12 km WSW of Tortora Marina, Italy",Italy,Europe,green,5.5
"55 km N of Peschici, Italy",Italy,Europe,green,5.5
"12 km S of Asahi, Japan",Japan,Asia,green,5.5
"10 km NE of Aso, Japan",Japan,Asia,green,5.5
"42 km E of Nichinan, Japan",Japan,Asia,green,5.5
"16 km NNW of Yonakuni, Japan",Japan,Asia,green,5.5
"62 km NE of Yonakuni, Japan",Japan,Asia,green,5.5
"13 km N of Shiraoi, Japan",Japan,Asia,green,5.5
"Izu Islands, Japan region",Japan,Asia,green,5.5
"8 km NNE of Aso, Japan",Japan,Asia,green,5.5
"147 km WSW of Kurio, Japan",Japan,Asia,green,5.5
"23 km NE of Iwaki, Japan",Japan,Asia,green,5.5
"56 km NE of Anamizu, Japan",Japan,Asia,green,5.5
"3 km E of Chiba, Japan",Japan,Asia,green,5.5
"104 km E of Nishinoomote, Japan",Japan,Asia,green,5.5
"122 km ENE of Hasaki, Japan",Japan,Asia,green,5.5
"126 km ENE of Naze, Japan",Japan,Asia,green,5.5
"12 km WNW of Hanamaki, Japan",Japan,Asia,green,5.5
"near the east coast of Honshu, Japan",Japan,Asia,green,5.5
"Bonin Islands, Japan region",Japan,Asia,green,5.5
"53 km N of Miyako, Japan",Japan,Asia,green,5.5
"Volcano Islands, Japan region",Japan,Asia,green,5.5
"210 km SE of Kushimoto, Japan",Japan,Asia,green,5.5
"15 km S of Hachinohe, Japan",Japan,Asia,green,5.5
"Izu Islands, Japan region",Japan,Asia,green,5.5
"Volcano Islands, Japan region",Japan,Asia,green,5.5
"160 km N of Ishigaki, Japan",Japan,Asia,green,5.5
"137 km WNW of Naha, Japan",Japan,Asia,green,5.5
"20 km ENE of Onagawa Chō, Japan",Japan,Asia,green,5.5
"81 km E of Mutsu, Japan",Japan,Asia,green,5.5
"83 km SE of Ishinomaki, Japan",Japan,Asia,green,5.5
"161 km SSE of Naze, Japan",Japan,Asia,green,5.5
"Izu Islands, Japan region",Japan,Asia,green,5.5
"34 km W of Nagata, Japan",Japan,Asia,green,5.5
"Izu Islands, Japan region",Japan,Asia,green,5.5
"30 km SE of Akkeshi, Japan",Japan,Asia,green,5.5
"off the east coast of Honshu, Japan",Japan,Asia,green,5.5
"12 km NE of ?funato, Japan",Japan,Asia,green,5.5
"64 km ESE of Hachinohe, Japan",Japan,Asia,green,5.5
"199 km E of Naze, Japan",Japan,Asia,green,5.5
"4 km ESE of Sakai, Japan",Japan,Asia,green,5.5
"Bonin Islands, Japan region",Japan,Asia,green,5.5
"Bonin Islands, Japan region",Japan,Asia,green,5.5
"Izu Islands, Japan region",Japan,Asia,green,5.5
"12 km SSW of Usuki, Japan",Japan,Asia,green,5.5
"37 km ESE of Takahagi, Japan",Japan,Asia,green,5.5
"Izu Islands, Japan region",Japan,Asia,green,5.5
"230 km SSE of Katsuura, Japan",Japan,Asia,green,5.5
"Bonin Islands, Japan region",Japan,Asia,green,5.5
"90 km NE of Miyako, Japan",Japan,Asia,green,5.5
"51 km N of Miyako, Japan",Japan,Asia,green,5.5
"140 km E of Yamada, Japan",Japan,Asia,green,5.5
"75 km SE of Shizunai-furukawach?, Japan",Japan,Asia,green,5.5
"242 km ESE of ?funato, Japan",Japan,Asia,green,5.5
"169 km SE of Katsuura, Japan",Japan,Asia,green,5.5
"162 km ESE of Nago, Japan",Japan,Asia,green,5.5
"38 km E of Nishinoomote, Japan",Japan,Asia,green,5.5
"63 km E of Onagawa Chō, Japan",Japan,Asia,green,5.5
"12 km ENE of Nemuro, Japan",Japan,Asia,green,5.5
"157 km ENE of Hachinohe, Japan",Japan,Asia,green,5.5
"136 km SSE of Shizunai-furukawach?, Japan",Japan,Asia,green,5.5
"6 km S of Asahi, Japan",Japan,Asia,green,5.5
"Izu Islands, Japan region",Japan,Asia,green,5.5
"Izu Islands, Japan region",Japan,Asia,green,5.5
"218 km ESE of Namie, Japan",Japan,Asia,green,5.5
"138 km SSE of Naze, Japan",Japan,Asia,green,5.5
"271 km SE of Shing?, Japan",Japan,Asia,green,5.5
"126 km WNW of Naha, Japan",Japan,Asia,green,5.5
"off the east coast of Honshu, Japan",Japan,Asia,green,5.5
"224 km SSE of Katsuura, Japan",Japan,Asia,green,5.5
"135 km WSW of Kurio, Japan",Japan,Asia,green,5.5
"116 km SSE of Sosnovka, Kyrgyzstan",Kyrgyzstan,Asia,green,5.5
"92 km E of Kyzyl-Eshme, Kyrgyzstan",Kyrgyzstan,Asia,green,5.5
"53 km NW of Sainyabuli, Laos",Laos,Asia,green,5.5
"41 km SSW of Betafo, Madagascar",Madagascar,Africa,green,5.5
"56 km NNW of Kota Kinabalu, Malaysia",Malaysia,Asia,green,5.5
"108 km SE of Birżebbuġa, Malta",Malta,Europe,green,5.5
"3 km S of Zacatal, Mexico",Mexico,Americas,green,5.5
"7 km SSE of Corralero, Mexico",Mexico,Americas,green,5.5
"108 km WSW of Puerto Madero, Mexico",Mexico,Americas,green,5.5
"95 km SW of Barra de Navidad, Mexico",Mexico,Americas,green,5.5
"66 km E of La Rivera, Mexico",Mexico,Americas,green,5.5
"26 km SSE of Crucecita, Mexico",Mexico,Americas,green,5.5
"291 km SSE of Cabo San Lucas, Mexico",Mexico,Americas,green,5.5
"77 km SW of Puerto Madero, Mexico",Mexico,Americas,green,5.5
"103 km SSE of San Felipe, Mexico",Mexico,Americas,green,5.5
"60 km SW of San Carlos, Mexico",Mexico,Americas,green,5.5
"57 km SSW of La Barra de Colotepec, Mexico",Mexico,Americas,green,5.5
"60 km SSE of Santa Gertrudis Miramar, Mexico",Mexico,Americas,green,5.5
"98 km SW of Manuel Ávila Camacho (Ponte Duro), Mexico",Mexico,Americas,green,5.5
"107 km SSW of La Esperanza (El Zapotal), Mexico",Mexico,Americas,green,5.5
"57 km SSE of Salina Cruz, Mexico",Mexico,Americas,green,5.5
"110 km SW of Puerto Madero, Mexico",Mexico,Americas,green,5.5
"95 km SSW of Manuel Ávila Camacho (Ponte Duro), Mexico",Mexico,Americas,green,5.5
"107 km SW of El Palmarcito, Mexico",Mexico,Americas,green,5.5
"12 km WNW of Santa María Zapotitlán, Mexico",Mexico,Americas,green,5.5
"1 km E of San Pedro Huamelula, Mexico",Mexico,Americas,green,5.5
"68 km WSW of José María Morelos, Mexico",Mexico,Americas,green,5.5
"off the coast of Guerrero, Mexico",Mexico,Americas,green,5.5
"12 km E of San Mateo del Mar, Mexico",Mexico,Americas,green,5.5
"65 km WSW of San Carlos, Mexico",Mexico,Americas,green,5.5
"18 km W of El Palmarcito, Mexico",Mexico,Americas,green,5.5
"7 km NE of Cabeza de Toro, Mexico",Mexico,Americas,green,5.5
"4 km NNE of Paso Real de Sarabia, Mexico",Mexico,Americas,green,5.5
"5 km ESE of Santa Cruz Ozolotepec, Mexico",Mexico,Americas,green,5.5
"178 km WSW of Altai, Mongolia",Mongolia,Asia,green,5.5
"24 km NE of Nsanje, Malawi",Mozambique,Africa,green,5.5
"44 km NE of Shwebo, Myanmar",Myanmar,Asia,green,5.5
"44 km WNW of Monywa, Myanmar",Myanmar,Asia,green,5.5
"22 km WSW of Kod?ri??, Nepal",Nepal,Asia,green,5.5
"45 km SSE of Kod?ri??, Nepal",Nepal,Asia,green,5.5
"37 km SE of Kod?ri??, Nepal",Nepal,Asia,green,5.5
"272 km ESE of Tadine, New Caledonia",New Caledonia,Oceania,green,5.5
"257 km ESE of Tadine, New Caledonia",New Caledonia,Oceania,green,5.5
"70 km ENE of Tadine, New Caledonia",New Caledonia,Oceania,green,5.5
"174 km ENE of Tadine, New Caledonia",New Caledonia,Oceania,green,5.5
"239 km ESE of Tadine, New Caledonia",New Caledonia,Oceania,green,5.5
"81 km E of Tadine, New Caledonia",New Caledonia,Oceania,green,5.5
"124 km ESE of Tadine, New Caledonia",New Caledonia,Oceania,green,5.5
"256 km ESE of Tadine, New Caledonia",New Caledonia,Oceania,green,5.5
"100 km ESE of Tadine, New Caledonia",New Caledonia,Oceania,green,5.5
"152 km ESE of Tadine, New Caledonia",New Caledonia,Oceania,green,5.5
"238 km E of Tadine, New Caledonia",New Caledonia,Oceania,green,5.5
"Kermadec Islands, New Zealand",New Zealand,Oceania,green,5.5
"75 km WNW of Te Anau, New Zealand",New Zealand,Oceania,green,5.5
"39 km SE of Blenheim, New Zealand",New Zealand,Oceania,green,5.5
"Kermadec Islands, New Zealand",New Zealand,Oceania,green,5.5
"30 km SSE of Blenheim, New Zealand",New Zealand,Oceania,green,5.5
"Kermadec Islands, New Zealand",New Zealand,Oceania,green,5.5
"147 km ENE of Opotiki, New Zealand",New Zealand,Oceania,green,5.5
"Kermadec Islands, New Zealand",New Zealand,Oceania,green,5.5
"187 km NE of Gisborne, New Zealand",New Zealand,Oceania,green,5.5
"Kermadec Islands, New Zealand",New Zealand,Oceania,green,5.5
"38 km E of Blenheim, New Zealand",New Zealand,Oceania,green,5.5
"33 km NE of Amberley, New Zealand",New Zealand,Oceania,green,5.5
"144 km NE of Opotiki, New Zealand",New Zealand,Oceania,green,5.5
"297 km SW of Bluff, New Zealand",New Zealand,Oceania,green,5.5
east of the North Island of New Zealand,New Zealand,Oceania,green,5.5
"181 km ENE of Opotiki, New Zealand",New Zealand,Oceania,green,5.5
south of New Zealand,New Zealand,Oceania,green,5.5
"Canterbury, New Zealand",New Zealand,Oceania,green,5.5
"Kermadec Islands, New Zealand",New Zealand,Oceania,green,5.5
"187 km NE of Opotiki, New Zealand",New Zealand,Oceania,green,5.5
"Kermadec Islands, New Zealand",New Zealand,Oceania,green,5.5
"Kermadec Islands, New Zealand",New Zealand,Oceania,green,5.5
"42 km SE of Blenheim, New Zealand",New Zealand,Oceania,green,5.5
"Kermadec Islands, New Zealand",New Zealand,Oceania,green,5.5
"Kermadec Islands, New Zealand",New Zealand,Oceania,green,5.5
"88 km SSW of Blenheim, New Zealand",New Zealand,Oceania,green,5.5
"156 km ENE of Tairua, New Zealand",New Zealand,Oceania,green,5.5
near the coast of Nicaragua,Nicaragua,Americas,green,5.5
"20 km ESE of Cárdenas, Nicaragua",Nicaragua,Americas,green,5.5
"7 km W of Santa Teresa, Nicaragua",Nicaragua,Americas,green,5.5
"Pagan region, Northern Mariana Islands",Northern Mariana Islands,Oceania,green,5.5
"147 km E of Saipan, Northern Mariana Islands",Northern Mariana Islands,Oceania,green,5.5
"156 km SE of San Jose Village, Northern Mariana Islands",Northern Mariana Islands,Oceania,green,5.5
"Maug Islands region, Northern Mariana Islands",Northern Mariana Islands,Oceania,green,5.5
"77 km SW of San Jose Village, Northern Mariana Islands",Northern Mariana Islands,Oceania,green,5.5
"Maug Islands region, Northern Mariana Islands",Northern Mariana Islands,Oceania,green,5.5
"261 km N of Saipan, Northern Mariana Islands",Northern Mariana Islands,Oceania,green,5.5
"29 km SSW of Chaman, Pakistan",Pakistan,Asia,green,5.5
"130 km NW of Bela, Pakistan",Pakistan,Asia,green,5.5
"16 km SSW of Alik Ghund, Pakistan",Pakistan,Asia,green,5.5
south of Panama,Panama,Americas,green,5.5
south of Panama,Panama,Americas,green,5.5
"56 km NNE of Narganá, Panama",Panama,Americas,green,5.5
"43 km ESE of Vanimo, Papua New Guinea",Papua New Guinea,Oceania,green,5.5
"24 km NW of Lae, Papua New Guinea",Papua New Guinea,Oceania,green,5.5
"90 km NNW of Lae, Papua New Guinea",Papua New Guinea,Oceania,green,5.5
"86 km ESE of Kokopo, Papua New Guinea",Papua New Guinea,Oceania,green,5.5
"101 km SSE of Popondetta, Papua New Guinea",Papua New Guinea,Oceania,green,5.5
"88 km ESE of Kokopo, Papua New Guinea",Papua New Guinea,Oceania,green,5.5
"69 km S of Kokopo, Papua New Guinea",Papua New Guinea,Oceania,green,5.5
"37 km SE of Madang, Papua New Guinea",Papua New Guinea,Oceania,green,5.5
"113 km WNW of Madang, Papua New Guinea",Papua New Guinea,Oceania,green,5.5
"64 km SSW of Tari, Papua New Guinea",Papua New Guinea,Oceania,green,5.5
"285 km NE of Samarai, Papua New Guinea",Papua New Guinea,Oceania,green,5.5
"17 km NW of Ambunti, Papua New Guinea",Papua New Guinea,Oceania,green,5.5
"46 km SW of Angoram, Papua New Guinea",Papua New Guinea,Oceania,green,5.5
"138 km SSW of Kokopo, Papua New Guinea",Papua New Guinea,Oceania,green,5.5
"130 km SSW of Kokopo, Papua New Guinea",Papua New Guinea,Oceania,green,5.5
"62 km NW of Finschhafen, Papua New Guinea",Papua New Guinea,Oceania,green,5.5
"91 km ESE of Kokopo, Papua New Guinea",Papua New Guinea,Oceania,green,5.5
"75 km ESE of Kimbe, Papua New Guinea",Papua New Guinea,Oceania,green,5.5
"71 km NW of Finschhafen, Papua New Guinea",Papua New Guinea,Oceania,green,5.5
"145 km SSW of Kokopo, Papua New Guinea",Papua New Guinea,Oceania,green,5.5
"1 km SE of Pampa de Tate, Peru",Peru,Americas,green,5.5
"66 km S of San Juan, Peru",Peru,Americas,green,5.5
"10 km SW of Madrigal, Peru",Peru,Americas,green,5.5
"46 km NNE of Pucallpa, Peru",Peru,Americas,green,5.5
"49 km NNE of Paucarbamba, Peru",Peru,Americas,green,5.5
"12 km SE of Omas, Peru",Peru,Americas,green,5.5
"11 km SW of Tapay, Peru",Peru,Americas,green,5.5
"49 km WNW of Minas de Marcona, Peru",Peru,Americas,green,5.5
"78 km SW of Islay (Matarani), Peru",Peru,Americas,green,5.5
"117 km WSW of Puerto Casma, Peru",Peru,Americas,green,5.5
"14 km SE of Santiago, Peru",Peru,Americas,green,5.5
"20 km NNW of Ayo, Peru",Peru,Americas,green,5.5
"51 km NNE of Oxapampa, Peru",Peru,Americas,green,5.5
"27 km WSW of Atiquipa, Peru",Peru,Americas,green,5.5
"53 km SSW of Alianza Cristiana, Peru",Peru,Americas,green,5.5
"9 km WNW of Papayal, Peru",Peru,Americas,green,5.5
"25 km SE of Cahuacho, Peru",Peru,Americas,green,5.5
"12 km SSE of Urasqui, Peru",Peru,Americas,green,5.5
"3 km SW of La Capilla, Peru",Peru,Americas,green,5.5
"105 km E of Barcelona, Philippines",Philippines,Asia,green,5.5
"11 km NW of Binabalian, Philippines",Philippines,Asia,green,5.5
"21 km NNE of Pagudpud, Philippines",Philippines,Asia,green,5.5
"26 km ENE of Bacolod, Philippines",Philippines,Asia,green,5.5
"23 km SSW of Manuk Mangkaw, Philippines",Philippines,Asia,green,5.5
"9 km S of Adtugan, Philippines",Philippines,Asia,green,5.5
"57 km N of Namuac, Philippines",Philippines,Asia,green,5.5
"267 km SSE of Tabiauan, Philippines",Philippines,Asia,green,5.5
"13 km NNW of Linao, Philippines",Philippines,Asia,green,5.5
"7 km E of San Francisco, Philippines",Philippines,Asia,green,5.5
"82 km SSW of Sarangani, Philippines",Philippines,Asia,green,5.5
"9 km E of Kulaman, Philippines",Philippines,Asia,green,5.5
"180 km S of Sarangani, Philippines",Philippines,Asia,green,5.5
"27 km NW of Siocon, Philippines",Philippines,Asia,green,5.5
"6 km SW of Magsaysay, Philippines",Philippines,Asia,green,5.5
"22 km E of Santa Monica, Philippines",Philippines,Asia,green,5.5
"Mindoro, Philippines",Philippines,Asia,green,5.5
"18 km SE of Bangui, Philippines",Philippines,Asia,green,5.5
"20 km SW of Sarangani, Philippines",Philippines,Asia,green,5.5
"61 km N of Namuac, Philippines",Philippines,Asia,green,5.5
"48 km ENE of Hinatuan, Philippines",Philippines,Asia,green,5.5
"52 km NE of Barcelona, Philippines",Philippines,Asia,green,5.5
"55 km ENE of Barcelona, Philippines",Philippines,Asia,green,5.5
"112 km SSW of Malisbeng, Philippines",Philippines,Asia,green,5.5
"69 km N of Namuac, Philippines",Philippines,Asia,green,5.5
"43 km ENE of Bacolod, Philippines",Philippines,Asia,green,5.5
"64 km SE of Pondaguitan, Philippines",Philippines,Asia,green,5.5
"95 km SW of Basco, Philippines",Philippines,Asia,green,5.5
"3 km S of Talaga, Philippines",Philippines,Asia,green,5.5
"1 km NNE of Guiling, Philippines",Philippines,Asia,green,5.5
"70 km N of Namuac, Philippines",Philippines,Asia,green,5.5
"10 km SSE of Calatagan, Philippines",Philippines,Asia,green,5.5
"9 km NNE of Odala, Philippines",Philippines,Asia,green,5.5
"70 km E of Union, Philippines",Philippines,Asia,green,5.5
"142 km ESE of Pondaguitan, Philippines",Philippines,Asia,green,5.5
"69 km ENE of Barcelona, Philippines",Philippines,Asia,green,5.5
"66 km N of Claveria, Philippines",Philippines,Asia,green,5.5
"16 km WNW of Davila, Philippines",Philippines,Asia,green,5.5
"28 km W of Gadung, Philippines",Philippines,Asia,green,5.5
"15 km SE of Comand?u, Romania",Romania,Europe,green,5.5
"7 km E of Tsurib, Russia",Russia,Europe,green,5.5
"139 km SE of Atlasovo, Russia",Russia,Europe,green,5.5
"75 km SSW of Ust’-Kamchatsk Staryy, Russia",Russia,Europe,green,5.5
"71 km SSW of Ust’-Kamchatsk Staryy, Russia",Russia,Europe,green,5.5
"146 km SSE of Vilyuchinsk, Russia",Russia,Europe,green,5.5
"140 km SE of Petropavlovsk-Kamchatsky, Russia",Russia,Europe,green,5.5
"182 km SE of Ust’-Kamchatsk Staryy, Russia",Russia,Europe,green,5.5
"21 km NW of Kultuk, Russia",Russia,Europe,green,5.5
"177 km E of Kuril’sk, Russia",Russia,Europe,green,5.5
"158 km NE of Petropavlovsk-Kamchatsky, Russia",Russia,Europe,green,5.5
"164 km S of Severo-Kuril’sk, Russia",Russia,Europe,green,5.5
"164 km SE of Ust’-Kamchatsk Staryy, Russia",Russia,Europe,green,5.5
"280 km SE of Ust’-Kamchatsk Staryy, Russia",Russia,Europe,green,5.5
"152 km E of Petropavlovsk-Kamchatsky, Russia",Russia,Europe,green,5.5
"189 km SSE of Vilyuchinsk, Russia",Russia,Europe,green,5.5
"123 km W of Kuril’sk, Russia",Russia,Europe,green,5.5
"111 km SSW of Ust’-Kamchatsk Staryy, Russia",Russia,Europe,green,5.5
"99 km ESE of Severo-Kuril’sk, Russia",Russia,Europe,green,5.5
"143 km ESE of Petropavlovsk-Kamchatsky, Russia",Russia,Europe,green,5.5
"Komandorskiye Ostrova, Russia region",Russia,Europe,green,5.5
"165 km E of Dolinsk, Russia",Russia,Europe,green,5.5
"158 km E of Ust-Nera, Russia",Russia,Europe,green,5.5
"66 km E of Severo-Kuril’sk, Russia",Russia,Europe,green,5.5
"81 km ENE of Severo-Kuril’sk, Russia",Russia,Europe,green,5.5
"239 km E of Kuril’sk, Russia",Russia,Europe,green,5.5
"81 km E of Shikotan, Russia",Russia,Europe,green,5.5
"108 km SSE of Ust’-Kamchatsk Staryy, Russia",Russia,Europe,green,5.5
"76 km ENE of Petropavlovsk-Kamchatsky, Russia",Russia,Europe,green,5.5
"92 km E of Shikotan, Russia",Russia,Europe,green,5.5
"14 km E of Mugur-Aksy, Russia",Russia,Europe,green,5.5
"132 km SSE of Vilyuchinsk, Russia",Russia,Europe,green,5.5
"102 km ESE of Petropavlovsk-Kamchatsky, Russia",Russia,Europe,green,5.5
"191 km E of Petropavlovsk-Kamchatsky, Russia",Russia,Europe,green,5.5
"103 km ENE of Georgetown, Saint Helena",Saint Helena,Africa,green,5.5
Samoa Islands region,Samoa,Oceania,green,5.5
"137 km W of Faras?n, Saudi Arabia",Saudi Arabia,Asia,green,5.5
"37 km WSW of Lata, Solomon Islands",Solomon Islands,Oceania,green,5.5
"35 km WSW of Malango, Solomon Islands",Solomon Islands,Oceania,green,5.5
"99 km SE of Lata, Solomon Islands",Solomon Islands,Oceania,green,5.5
"106 km W of Buala, Solomon Islands",Solomon Islands,Oceania,green,5.5
"115 km SE of Lata, Solomon Islands",Solomon Islands,Oceania,green,5.5
"204 km SE of Lata, Solomon Islands",Solomon Islands,Oceania,green,5.5
"160 km W of Lata, Solomon Islands",Solomon Islands,Oceania,green,5.5
"18 km SW of Lata, Solomon Islands",Solomon Islands,Oceania,green,5.5
"150 km WSW of Lata, Solomon Islands",Solomon Islands,Oceania,green,5.5
"68 km SW of Kirakira, Solomon Islands",Solomon Islands,Oceania,green,5.5
"121 km SE of Honiara, Solomon Islands",Solomon Islands,Oceania,green,5.5
"103 km SSE of Lata, Solomon Islands",Solomon Islands,Oceania,green,5.5
"65 km W of Kirakira, Solomon Islands",Solomon Islands,Oceania,green,5.5
"69 km WNW of Kirakira, Solomon Islands",Solomon Islands,Oceania,green,5.5
"169 km W of Lata, Solomon Islands",Solomon Islands,Oceania,green,5.5
"111 km SW of Lata, Solomon Islands",Solomon Islands,Oceania,green,5.5
Solomon Islands,Solomon Islands,Oceania,green,5.5
"95 km SE of Kirakira, Solomon Islands",Solomon Islands,Oceania,green,5.5
"63 km ENE of Lata, Solomon Islands",Solomon Islands,Oceania,green,5.5
"110 km ESE of Lata, Solomon Islands",Solomon Islands,Oceania,green,5.5
"48 km N of Kirakira, Solomon Islands",Solomon Islands,Oceania,green,5.5
"117 km W of Lata, Solomon Islands",Solomon Islands,Oceania,green,5.5
"88 km WSW of Kirakira, Solomon Islands",Solomon Islands,Oceania,green,5.5
"111 km SW of Kirakira, Solomon Islands",Solomon Islands,Oceania,green,5.5
"275 km SW of Gizo, Solomon Islands",Solomon Islands,Oceania,green,5.5
"44 km SW of Kirakira, Solomon Islands",Solomon Islands,Oceania,green,5.5
"25 km SE of Lata, Solomon Islands",Solomon Islands,Oceania,green,5.5
"81 km W of Lata, Solomon Islands",Solomon Islands,Oceania,green,5.5
"57 km NNE of Auki, Solomon Islands",Solomon Islands,Oceania,green,5.5
"212 km SW of Gizo, Solomon Islands",Solomon Islands,Oceania,green,5.5
"62 km S of Lata, Solomon Islands",Solomon Islands,Oceania,green,5.5
"43 km WSW of Lata, Solomon Islands",Solomon Islands,Oceania,green,5.5
"85 km SW of Kirakira, Solomon Islands",Solomon Islands,Oceania,green,5.5
"205 km S of Lata, Solomon Islands",Solomon Islands,Oceania,green,5.5
"112 km SE of Lata, Solomon Islands",Solomon Islands,Oceania,green,5.5
"38 km E of Auki, Solomon Islands",Solomon Islands,Oceania,green,5.5
"131 km SE of Kirakira, Solomon Islands",Solomon Islands,Oceania,green,5.5
"155 km N of Las Khorey, Somalia",Somalia,Africa,green,5.5
"181 km NNW of Bosaso, Somalia",Somalia,Africa,green,5.5
"57 km E of Hengchun, Taiwan",Taiwan,Asia,green,5.5
"125 km NE of Hengchun, Taiwan",Taiwan,Asia,green,5.5
"119 km S of Hualien City, Taiwan",Taiwan,Asia,green,5.5
"69 km E of Hualien City, Taiwan",Taiwan,Asia,green,5.5
"38 km NNW of Hualien City, Taiwan",Taiwan,Asia,green,5.5
"52 km S of Hualien City, Taiwan",Taiwan,Asia,green,5.5
"34 km NE of Hualien City, Taiwan",Taiwan,Asia,green,5.5
Taiwan region,Taiwan,Asia,green,5.5
"68 km SSW of Hualien City, Taiwan",Taiwan,Asia,green,5.5
"35 km S of Hualien City, Taiwan",Taiwan,Asia,green,5.5
"21 km S of Hualien City, Taiwan",Taiwan,Asia,green,5.5
"23 km NE of Hualien City, Taiwan",Taiwan,Asia,green,5.5
"7 km S of Karakenja, Tajikistan",Tajikistan,Asia,green,5.5
"146 km W of Neiafu, Tonga",Tonga,Oceania,green,5.5
south of Tonga,Tonga,Oceania,green,5.5
"118 km SW of Houma, Tonga",Tonga,Oceania,green,5.5
"177 km WNW of Hihifo, Tonga",Tonga,Oceania,green,5.5
"71 km NNW of Hihifo, Tonga",Tonga,Oceania,green,5.5
"151 km ENE of Neiafu, Tonga",Tonga,Oceania,green,5.5
"176 km NW of Hihifo, Tonga",Tonga,Oceania,green,5.5
"172 km SW of Vaini, Tonga",Tonga,Oceania,green,5.5
"199 km SW of Vaini, Tonga",Tonga,Oceania,green,5.5
"118 km WNW of Houma, Tonga",Tonga,Oceania,green,5.5
"173 km SSW of ‘Ohonua, Tonga",Tonga,Oceania,green,5.5
"163 km NNW of Houma, Tonga",Tonga,Oceania,green,5.5
"180 km S of ‘Ohonua, Tonga",Tonga,Oceania,green,5.5
Tonga,Tonga,Oceania,green,5.5
"259 km E of Neiafu, Tonga",Tonga,Oceania,green,5.5
"127 km ESE of Neiafu, Tonga",Tonga,Oceania,green,5.5
"157 km SE of Hihifo, Tonga",Tonga,Oceania,green,5.5
"104 km NE of Hihifo, Tonga",Tonga,Oceania,green,5.5
"109 km NNE of Hihifo, Tonga",Tonga,Oceania,green,5.5
"276 km SSW of ‘Ohonua, Tonga",Tonga,Oceania,green,5.5
"65 km NW of Hihifo, Tonga",Tonga,Oceania,green,5.5
"25 km N of Hihifo, Tonga",Tonga,Oceania,green,5.5
"133 km NW of Hihifo, Tonga",Tonga,Oceania,green,5.5
"76 km WNW of Pangai, Tonga",Tonga,Oceania,green,5.5
"76 km ENE of Pangai, Tonga",Tonga,Oceania,green,5.5
"121 km E of ‘Ohonua, Tonga",Tonga,Oceania,green,5.5
"131 km NE of Neiafu, Tonga",Tonga,Oceania,green,5.5
"181 km W of Neiafu, Tonga",Tonga,Oceania,green,5.5
"161 km NNW of Houma, Tonga",Tonga,Oceania,green,5.5
"66 km S of Hihifo, Tonga",Tonga,Oceania,green,5.5
"112 km NNE of Neiafu, Tonga",Tonga,Oceania,green,5.5
"117 km SSE of Pangai, Tonga",Tonga,Oceania,green,5.5
"103 km E of Hihifo, Tonga",Tonga,Oceania,green,5.5
"100 km SW of ‘Ohonua, Tonga",Tonga,Oceania,green,5.5
"266 km SSW of ?Ohonua, Tonga",Tonga,Oceania,green,5.5
"107 km ESE of Hihifo, Tonga",Tonga,Oceania,green,5.5
"65 km SSE of Hihifo, Tonga",Tonga,Oceania,green,5.5
"294 km SSW of ‘Ohonua, Tonga",Tonga,Oceania,green,5.5
"113 km NE of Hihifo, Tonga",Tonga,Oceania,green,5.5
"159 km NW of Neiafu, Tonga",Tonga,Oceania,green,5.5
south of Tonga,Tonga,Oceania,green,5.5
south of Tonga,Tonga,Oceania,green,5.5
Tonga region,Tonga,Oceania,green,5.5
"277 km WNW of Houma, Tonga",Tonga,Oceania,green,5.5
"88 km NNE of Hihifo, Tonga",Tonga,Oceania,green,5.5
south of Tonga,Tonga,Oceania,green,5.5
"74 km ENE of ‘Ohonua, Tonga",Tonga,Oceania,green,5.5
"96 km NNE of Hihifo, Tonga",Tonga,Oceania,green,5.5
south of Tonga,Tonga,Oceania,green,5.5
"235 km SSW of Vaini, Tonga",Tonga,Oceania,green,5.5
"176 km NE of Neiafu, Tonga",Tonga,Oceania,green,5.5
"127 km SE of Pangai, Tonga",Tonga,Oceania,green,5.5
south of Tonga,Tonga,Oceania,green,5.5
"118 km E of ‘Ohonua, Tonga",Tonga,Oceania,green,5.5
"99 km NE of Hihifo, Tonga",Tonga,Oceania,green,5.5
south of Tonga,Tonga,Oceania,green,5.5
"114 km NNW of Nuku‘alofa, Tonga",Tonga,Oceania,green,5.5
"124 km ENE of Hihifo, Tonga",Tonga,Oceania,green,5.5
"126 km WNW of Houma, Tonga",Tonga,Oceania,green,5.5
"77 km NE of ‘Ohonua, Tonga",Tonga,Oceania,green,5.5
Tonga region,Tonga,Oceania,green,5.5
"226 km S of ‘Ohonua, Tonga",Tonga,Oceania,green,5.5
"8 km ESE of Gölba??, Turkey",Turkey,Asia,green,5.5
"9 km WNW of Uzunba?, Turkey",Turkey,Asia,green,5.5
"18 km E of Yedisu, Turkey",Turkey,Asia,green,5.5
"18 km NE of Kozan, Turkey",Turkey,Asia,green,5.5
"39 km SSE of Ikungi, Tanzania",United Republic of Tanzania,Africa,green,5.5
"54 km E of Sumbawanga, Tanzania",United Republic of Tanzania,Africa,green,5.5
"260 km W of Adak, Alaska",United States of America,Americas,green,5.5
"26 km SSE of King Salmon, Alaska",United States of America,Americas,green,5.5
"28 km SE of Cantwell, Alaska",United States of America,Americas,green,5.5
"260 km W of Adak, Alaska",United States of America,Americas,green,5.5
"28 km SW of Hawthorne, Nevada",United States of America,Americas,green,5.5
"295 km SE of Isangel, Vanuatu",Vanuatu,Oceania,green,5.5
"116 km N of Isangel, Vanuatu",Vanuatu,Oceania,green,5.5
"44 km ESE of Port-Olry, Vanuatu",Vanuatu,Oceania,green,5.5
"33 km ENE of Port-Olry, Vanuatu",Vanuatu,Oceania,green,5.5
"97 km ESE of Port-Vila, Vanuatu",Vanuatu,Oceania,green,5.5
"63 km WNW of Port-Vila, Vanuatu",Vanuatu,Oceania,green,5.5
"186 km NNW of Sola, Vanuatu",Vanuatu,Oceania,green,5.5
Vanuatu region,Vanuatu,Oceania,green,5.5
Vanuatu region,Vanuatu,Oceania,green,5.5
"103 km N of Isangel, Vanuatu",Vanuatu,Oceania,green,5.5
"55 km S of Isangel, Vanuatu",Vanuatu,Oceania,green,5.5
"61 km NNE of Isangel, Vanuatu",Vanuatu,Oceania,green,5.5
"52 km WSW of Port-Vila, Vanuatu",Vanuatu,Oceania,green,5.5
"82 km ESE of Lakatoro, Vanuatu",Vanuatu,Oceania,green,5.5
"96 km NW of Port-Vila, Vanuatu",Vanuatu,Oceania,green,5.5
"74 km WNW of Port-Vila, Vanuatu",Vanuatu,Oceania,green,5.5
Vanuatu region,Vanuatu,Oceania,green,5.5
"80 km WNW of Sola, Vanuatu",Vanuatu,Oceania,green,5.5
"18 km W of Port-Vila, Vanuatu",Vanuatu,Oceania,green,5.5
"64 km N of Isangel, Vanuatu",Vanuatu,Oceania,green,5.5
"94 km S of Isangel, Vanuatu",Vanuatu,Oceania,green,5.5
"74 km N of Isangel, Vanuatu",Vanuatu,Oceania,green,5.5
"76 km NNW of Isangel, Vanuatu",Vanuatu,Oceania,green,5.5
Vanuatu region,Vanuatu,Oceania,green,5.5
"65 km W of Port-Vila, Vanuatu",Vanuatu,Oceania,green,5.5
"22 km NW of Port-Olry, Vanuatu",Vanuatu,Oceania,green,5.5
Vanuatu region,Vanuatu,Oceania,green,5.5
"63 km E of Lakatoro, Vanuatu",Vanuatu,Oceania,green,5.5
"279 km SSE of Isangel, Vanuatu",Vanuatu,Oceania,green,5.5
"153 km S of Isangel, Vanuatu",Vanuatu,Oceania,green,5.5
"50 km SSE of Isangel, Vanuatu",Vanuatu,Oceania,green,5.5
"181 km NNW of Sola, Vanuatu",Vanuatu,Oceania,green,5.5
"62 km ESE of Lakatoro, Vanuatu",Vanuatu,Oceania,green,5.5
"47 km NE of Isangel, Vanuatu",Vanuatu,Oceania,green,5.5
"167 km SSE of Alo, Wallis and Futuna",Wallis and Futuna,Oceania,green,5.5
"82 km SSW of Leava, Wallis and Futuna",Wallis and Futuna,Oceania,green,5.5
"164 km S of Mata-Utu, Wallis and Futuna",Wallis and Futuna,Oceania,green,5.5
"188 km S of Mata-Utu, Wallis and Futuna",Wallis and Futuna,Oceania,green,5.5
"290 km SSE of Alo, Wallis and Futuna",Wallis and Futuna,Oceania,green,5.5
"226 km NNW of Kilmia, Yemen",Yemen,Asia,green,5.5
"182 km NNW of Kilmia, Yemen",Yemen,Asia,green,5.5
Lake Almanor Earthquake,United States of America,Americas,green,5.48
"20km E of Little Lake, CA",United States of America,Americas,green,5.44
"5km S of Chino Hills, CA",United States of America,Americas,green,5.44
"20km NNW of Borrego Springs, CA",United States of America,Americas,green,5.42
"26 km SSW of Ashk?sham, Afghanistan",Afghanistan,Asia,green,5.4
"38 km SW of Balkh, Afghanistan",Afghanistan,Asia,green,5.4
"158 km SE of Chignik, Alaska",Alaska,Americas,green,5.4
"207 km ESE of Atka, Alaska",Alaska,Americas,green,5.4
"140 km SSE of Perryville, Alaska",Alaska,Americas,green,5.4
"99 km SSE of King Cove, Alaska",Alaska,Americas,green,5.4
"237 km WSW of Adak, Alaska",Alaska,Americas,green,5.4
"219 km S of Sand Point, Alaska",Alaska,Americas,green,5.4
"166 km SSW of Adak, Alaska",Alaska,Americas,green,5.4
"88 km SE of Nikolski, Alaska",Alaska,Americas,green,5.4
"282 km ESE of Attu Station, Alaska",Alaska,Americas,green,5.4
"43 km SSE of Old Harbor, Alaska",Alaska,Americas,green,5.4
"19 km SSW of Anchor Point, Alaska",Alaska,Americas,green,5.4
"146 km WSW of Adak, Alaska",Alaska,Americas,green,5.4
"71 km SE of Atka, Alaska",Alaska,Americas,green,5.4
"104 km SSW of Nikolski, Alaska",Alaska,Americas,green,5.4
"142 km WSW of Adak, Alaska",Alaska,Americas,green,5.4
"154 km SE of Chignik, Alaska",Alaska,Americas,green,5.4
"59 km WSW of Akhiok, Alaska",Alaska,Americas,green,5.4
"16 km SSW of Akutan, Alaska",Alaska,Americas,green,5.4
"47 km S of Sand Point, Alaska",Alaska,Americas,green,5.4
"85 km SSW of Unalaska, Alaska",Alaska,Americas,green,5.4
"288 km WSW of Adak, Alaska",Alaska,Americas,green,5.4
"94 km SSE of Adak, Alaska",Alaska,Americas,green,5.4
"186 km WSW of Adak, Alaska",Alaska,Americas,green,5.4
"260 km SE of Perryville, Alaska",Alaska,Americas,green,5.4
"98 km SSW of Adak, Alaska",Alaska,Americas,green,5.4
"93 km SSE of Sand Point, Alaska",Alaska,Americas,green,5.4
"119 km E of Chignik, Alaska",Alaska,Americas,green,5.4
"185 km WSW of Adak, Alaska",Alaska,Americas,green,5.4
"28 km E of Saint George, Alaska",Alaska,Americas,green,5.4
"71 km WNW of Nikolski, Alaska",Alaska,Americas,green,5.4
"2 km NE of El Calafate, Argentina",Argentina,Americas,green,5.4
"17 km WSW of El Hoyo, Argentina",Argentina,Americas,green,5.4
"130 km NNE of Barrancas, Argentina",Argentina,Americas,green,5.4
"74 km W of San Antonio de los Cobres, Argentina",Argentina,Americas,green,5.4
"56 km S of Tinogasta, Argentina",Argentina,Americas,green,5.4
"228 km S of Ushuaia, Argentina",Argentina,Americas,green,5.4
"66 km SSW of San Martín, Argentina",Argentina,Americas,green,5.4
"139 km ENE of Rainbow Beach, Australia",Australia,Oceania,green,5.4
"44 km NNE of Şuraabad, Azerbaijan",Azerbaijan,Asia,green,5.4
"100 km E of Ollagüe, Chile",Bolivia,Americas,green,5.4
"82 km SW of Atocha, Bolivia",Bolivia,Americas,green,5.4
"222 km WSW of Port McNeill, Canada",Canada,Americas,green,5.4
"73 km SSW of George Town, Cayman Islands",Cayman Islands,Americas,green,5.4
"237 km SW of George Town, Cayman Islands",Cayman Islands,Americas,green,5.4
"76 km NNW of Coquimbo, Chile",Chile,Americas,green,5.4
"159 km WNW of Constitución, Chile",Chile,Americas,green,5.4
"Off the coast of Aisen, Chile",Chile,Americas,green,5.4
"21 km SW of Coquimbo, Chile",Chile,Americas,green,5.4
West Chile Rise,Chile,Americas,green,5.4
West Chile Rise,Chile,Americas,green,5.4
"49 km WNW of Santa Cruz, Chile",Chile,Americas,green,5.4
"297 km W of Puerto Chacabuco, Chile",Chile,Americas,green,5.4
"50 km ESE of Vallenar, Chile",Chile,Americas,green,5.4
"161 km N of Calama, Chile",Chile,Americas,green,5.4
"63 km NW of Vallenar, Chile",Chile,Americas,green,5.4
"73 km NNE of Iquique, Chile",Chile,Americas,green,5.4
"50 km NNW of Constitución, Chile",Chile,Americas,green,5.4
"97 km NNE of Taltal, Chile",Chile,Americas,green,5.4
West Chile Rise,Chile,Americas,green,5.4
"21 km NE of San Pedro de Atacama, Chile",Chile,Americas,green,5.4
"Offshore Valparaiso, Chile",Chile,Americas,green,5.4
"83 km NW of Vallenar, Chile",Chile,Americas,green,5.4
"60 km NE of Calama, Chile",Chile,Americas,green,5.4
West Chile Rise,Chile,Americas,green,5.4
"134 km SSE of San Pedro de Atacama, Chile",Chile,Americas,green,5.4
"51 km W of Puerto, Chile",Chile,Americas,green,5.4
"84 km WSW of Vallenar, Chile",Chile,Americas,green,5.4
"84 km WSW of Coquimbo, Chile",Chile,Americas,green,5.4
"64 km NNE of Taltal, Chile",Chile,Americas,green,5.4
"46 km WNW of Cartagena, Chile",Chile,Americas,green,5.4
"68 km WSW of Iquique, Chile",Chile,Americas,green,5.4
"84 km SW of San Antonio, Chile",Chile,Americas,green,5.4
"23 km NNE of La Serena, Chile",Chile,Americas,green,5.4
"29 km W of Constitución, Chile",Chile,Americas,green,5.4
"65 km ENE of Diego de Almagro, Chile",Chile,Americas,green,5.4
West Chile Rise,Chile,Americas,green,5.4
"124 km WNW of Aykol, China",China,Asia,green,5.4
"274 km NE of Qamdo, China",China,Asia,green,5.4
"northern Qinghai, China",China,Asia,green,5.4
"99 km E of Shangri-La, China",China,Asia,green,5.4
"Southern Qinghai, China",China,Asia,green,5.4
"71 km SSW of Laojunmiao, China",China,Asia,green,5.4
western Xizang,China,Asia,green,5.4
"96 km NNE of Lobuche, Nepal",China,Asia,green,5.4
"34 km NW of Kuqa, China",China,Asia,green,5.4
"130 km SSE of Kyzyl-Suu, Kyrgyzstan",China,Asia,green,5.4
"4 km NNW of Aratoca, Colombia",Colombia,Americas,green,5.4
"9 km NNE of Tame, Colombia",Colombia,Americas,green,5.4
"27 km SSE of Obock, Djibouti",Djibouti,Africa,green,5.4
"13 km SW of Suai, Timor Leste",East Timor,Asia,green,5.4
"27 km S of Esmeraldas, Ecuador",Ecuador,Americas,green,5.4
"11 km SSW of Esmeraldas, Ecuador",Ecuador,Americas,green,5.4
off the coast of Ecuador,Ecuador,Americas,green,5.4
off the coast of Ecuador,Ecuador,Americas,green,5.4
"6 km N of Machala, Ecuador",Ecuador,Americas,green,5.4
"22 km S of Puerto El Triunfo, El Salvador",El Salvador,Americas,green,5.4
"10 km S of Intipucá, El Salvador",El Salvador,Americas,green,5.4
"44 km NNW of Āwash, Ethiopia",Ethiopia,Africa,green,5.4
Federated States of Micronesia region,Federated States of Micronesia,Oceania,green,5.4
Fiji region,Fiji,Oceania,green,5.4
"227 km E of Levuka, Fiji",Fiji,Oceania,green,5.4
Fiji region,Fiji,Oceania,green,5.4
south of the Fiji Islands,Fiji,Oceania,green,5.4
Fiji region,Fiji,Oceania,green,5.4
Fiji region,Fiji,Oceania,green,5.4
"262 km WNW of Lautoka, Fiji",Fiji,Oceania,green,5.4
"239 km E of Levuka, Fiji",Fiji,Oceania,green,5.4
"128 km NNE of Ba, Fiji",Fiji,Oceania,green,5.4
south of the Fiji Islands,Fiji,Oceania,green,5.4
south of the Fiji Islands,Fiji,Oceania,green,5.4
south of the Fiji Islands,Fiji,Oceania,green,5.4
Fiji region,Fiji,Oceania,green,5.4
south of the Fiji Islands,Fiji,Oceania,green,5.4
south of the Fiji Islands,Fiji,Oceania,green,5.4
Fiji region,Fiji,Oceania,green,5.4
south of the Fiji Islands,Fiji,Oceania,green,5.4
"192 km E of Levuka, Fiji",Fiji,Oceania,green,5.4
"263 km E of Levuka, Fiji",Fiji,Oceania,green,5.4
south of the Fiji Islands,Fiji,Oceania,green,5.4
Fiji region,Fiji,Oceania,green,5.4
"95 km E of Levuka, Fiji",Fiji,Oceania,green,5.4
south of the Fiji Islands,Fiji,Oceania,green,5.4
Fiji region,Fiji,Oceania,green,5.4
south of the Fiji Islands,Fiji,Oceania,green,5.4
south of the Fiji Islands,Fiji,Oceania,green,5.4
south of the Fiji Islands,Fiji,Oceania,green,5.4
south of the Fiji Islands,Fiji,Oceania,green,5.4
Fiji region,Fiji,Oceania,green,5.4
south of the Fiji Islands,Fiji,Oceania,green,5.4
Fiji region,Fiji,Oceania,green,5.4
Fiji region,Fiji,Oceania,green,5.4
south of the Fiji Islands,Fiji,Oceania,green,5.4
south of the Fiji Islands,Fiji,Oceania,green,5.4
South Georgia Island region,Georgia,Asia,green,5.4
"37 km NNE of Palekastro, Greece",Greece,Europe,green,5.4
"31 km SSE of Karyes, Greece",Greece,Europe,green,5.4
"101 km SW of K?thira, Greece",Greece,Europe,green,5.4
"76 km S of Ierápetra, Greece",Greece,Europe,green,5.4
"16 km SW of Néos Oropós, Greece",Greece,Europe,green,5.4
"89 km SSE of Ierápetra, Greece",Greece,Europe,green,5.4
"6 km WNW of Karyes, Greece",Greece,Europe,green,5.4
near the north coast of Greenland,Greenland,Americas,green,5.4
Greenland Sea,Greenland,Americas,green,5.4
"165 km SSW of Merizo Village, Guam",Guam,Oceania,green,5.4
"80 km ESE of Inarajan Village, Guam",Guam,Oceania,green,5.4
"94 km WSW of Merizo Village, Guam",Guam,Oceania,green,5.4
"196 km SW of Merizo Village, Guam",Guam,Oceania,green,5.4
"158 km SW of Merizo Village, Guam",Guam,Oceania,green,5.4
"83 km ESE of Inarajan Village, Guam",Guam,Oceania,green,5.4
"34 km NNW of Dededo Village, Guam",Guam,Oceania,green,5.4
"71 km SE of Inarajan Village, Guam",Guam,Oceania,green,5.4
"118 km SSW of Merizo Village, Guam",Guam,Oceania,green,5.4
"139 km SSW of Merizo Village, Guam",Guam,Oceania,green,5.4
"9 km SE of Comapa, Guatemala",Guatemala,Americas,green,5.4
"22 km SW of Nueva Concepción, Guatemala",Guatemala,Americas,green,5.4
"35 km SE of Champerico, Guatemala",Guatemala,Americas,green,5.4
"24 km SSW of Nueva Concepción, Guatemala",Guatemala,Americas,green,5.4
"83 km SSW of Puerto San José, Guatemala",Guatemala,Americas,green,5.4
"153 km S of Kokopo, Papua New Guinea",Guinea,Africa,green,5.4
"75 km W of Panguna, Papua New Guinea",Guinea,Africa,green,5.4
"92 km W of Panguna, Papua New Guinea",Guinea,Africa,green,5.4
"20 km E of Wewak, Papua New Guinea",Guinea,Africa,green,5.4
"98 km WNW of Kandrian, Papua New Guinea",Guinea,Africa,green,5.4
"New Britain region, Papua New Guinea",Guinea,Africa,green,5.4
"54 km WSW of Panguna, Papua New Guinea",Guinea,Africa,green,5.4
"201 km ESE of Kokopo, Papua New Guinea",Guinea,Africa,green,5.4
"71 km ENE of Wewak, Papua New Guinea",Guinea,Africa,green,5.4
"163 km WNW of Panguna, Papua New Guinea",Guinea,Africa,green,5.4
"67 km SE of Kokopo, Papua New Guinea",Guinea,Africa,green,5.4
"115 km W of Panguna, Papua New Guinea",Guinea,Africa,green,5.4
"92 km WNW of Panguna, Papua New Guinea",Guinea,Africa,green,5.4
"121 km SSE of Kandrian, Papua New Guinea",Guinea,Africa,green,5.4
"59 km WSW of Panguna, Papua New Guinea",Guinea,Africa,green,5.4
"122 km SSE of Panguna, Papua New Guinea",Guinea,Africa,green,5.4
"44 km NE of Wewak, Papua New Guinea",Guinea,Africa,green,5.4
"117 km WSW of Panguna, Papua New Guinea",Guinea,Africa,green,5.4
"95 km ESE of Madang, Papua New Guinea",Guinea,Africa,green,5.4
"30 km SSE of Madang, Papua New Guinea",Guinea,Africa,green,5.4
"80 km S of Panguna, Papua New Guinea",Guinea,Africa,green,5.4
"176 km ESE of Kimbe, Papua New Guinea",Guinea,Africa,green,5.4
"100 km WNW of Rabaul, Papua New Guinea",Guinea,Africa,green,5.4
"121 km W of Panguna, Papua New Guinea",Guinea,Africa,green,5.4
"134 km ENE of Kokopo, Papua New Guinea",Guinea,Africa,green,5.4
"93 km NW of Rabaul, Papua New Guinea",Guinea,Africa,green,5.4
"72 km NW of Rabaul, Papua New Guinea",Guinea,Africa,green,5.4
"184 km ESE of Kimbe, Papua New Guinea",Guinea,Africa,green,5.4
"95 km NW of Rabaul, Papua New Guinea",Guinea,Africa,green,5.4
"94 km SSE of Lorengau, Papua New Guinea",Guinea,Africa,green,5.4
"102 km NNE of Finschhafen, Papua New Guinea",Guinea,Africa,green,5.4
"121 km ESE of Kokopo, Papua New Guinea",Guinea,Africa,green,5.4
"104 km SSE of Lorengau, Papua New Guinea",Guinea,Africa,green,5.4
"62 km W of Panguna, Papua New Guinea",Guinea,Africa,green,5.4
"51 km SSW of Panguna, Papua New Guinea",Guinea,Africa,green,5.4
"111 km ESE of Kokopo, Papua New Guinea",Guinea,Africa,green,5.4
"146 km SW of Panguna, Papua New Guinea",Guinea,Africa,green,5.4
"115 km SW of Panguna, Papua New Guinea",Guinea,Africa,green,5.4
"132 km E of Kokopo, Papua New Guinea",Guinea,Africa,green,5.4
"82 km WNW of Rabaul, Papua New Guinea",Guinea,Africa,green,5.4
"75 km S of Kokopo, Papua New Guinea",Guinea,Africa,green,5.4
"76 km W of Panguna, Papua New Guinea",Guinea,Africa,green,5.4
"77 km ENE of Kimbe, Papua New Guinea",Guinea,Africa,green,5.4
"138 km E of Madang, Papua New Guinea",Guinea,Africa,green,5.4
"37 km WSW of Bombardopolis, Haiti",Haiti,Americas,green,5.4
"38 km N of Tela, Honduras",Honduras,Americas,green,5.4
"152 km ENE of Savannah Bight, Honduras",Honduras,Americas,green,5.4
"8 km S of San Antonio, Honduras",Honduras,Americas,green,5.4
"15 km NE of Siglufjörður, Iceland",Iceland,Europe,green,5.4
"Andaman Islands, India region",India,Asia,green,5.4
"276 km SSE of Port Blair, India",India,Asia,green,5.4
"103 km SSE of Hayuliang, India",India,Asia,green,5.4
"289 km N of Bamboo Flat, India",India,Asia,green,5.4
"24 km SSW of Num?ligarh, India",India,Asia,green,5.4
"61 km W of Pelabuhanratu, Indonesia",Indonesia,Asia,green,5.4
"92 km E of Maumere, Indonesia",Indonesia,Asia,green,5.4
"Bali region, Indonesia",Indonesia,Asia,green,5.4
"66 km WSW of Pelabuhanratu, Indonesia",Indonesia,Asia,green,5.4
"15 km SE of Sigli, Indonesia",Indonesia,Asia,green,5.4
"144 km NW of Ternate, Indonesia",Indonesia,Asia,green,5.4
"98 km SE of Sinabang, Indonesia",Indonesia,Asia,green,5.4
"31 km S of Sigli, Indonesia",Indonesia,Asia,green,5.4
"121 km WNW of Ternate, Indonesia",Indonesia,Asia,green,5.4
"134 km NW of Ternate, Indonesia",Indonesia,Asia,green,5.4
"72 km SSW of Kawalu, Indonesia",Indonesia,Asia,green,5.4
"Sulawesi, Indonesia",Indonesia,Asia,green,5.4
"115 km N of Maumere, Indonesia",Indonesia,Asia,green,5.4
"296 km N of Palu, Indonesia",Indonesia,Asia,green,5.4
"Kepulauan Babar, Indonesia",Indonesia,Asia,green,5.4
"227 km WNW of Abepura, Indonesia",Indonesia,Asia,green,5.4
"109 km WNW of Ternate, Indonesia",Indonesia,Asia,green,5.4
"112 km SSW of Luwuk, Indonesia",Indonesia,Asia,green,5.4
"257 km SSE of Amahai, Indonesia",Indonesia,Asia,green,5.4
"259 km W of Abepura, Indonesia",Indonesia,Asia,green,5.4
"near the north coast of Papua, Indonesia",Indonesia,Asia,green,5.4
"19 km NE of Naisano Dua, Indonesia",Indonesia,Asia,green,5.4
"243 km S of Nusa Dua, Indonesia",Indonesia,Asia,green,5.4
"55 km W of Tobelo, Indonesia",Indonesia,Asia,green,5.4
"71 km S of Gorontalo, Indonesia",Indonesia,Asia,green,5.4
"69 km SE of Gorontalo, Indonesia",Indonesia,Asia,green,5.4
"75 km NNE of Tobelo, Indonesia",Indonesia,Asia,green,5.4
"137 km NW of Ternate, Indonesia",Indonesia,Asia,green,5.4
"80 km W of Tobelo, Indonesia",Indonesia,Asia,green,5.4
"172 km S of Sofifi, Indonesia",Indonesia,Asia,green,5.4
"100 km SW of Labuan, Indonesia",Indonesia,Asia,green,5.4
"206 km WSW of Bengkulu, Indonesia",Indonesia,Asia,green,5.4
"84 km S of Padang, Indonesia",Indonesia,Asia,green,5.4
"122 km S of Katabu, Indonesia",Indonesia,Asia,green,5.4
"143 km NW of Ternate, Indonesia",Indonesia,Asia,green,5.4
"165 km NW of Tobelo, Indonesia",Indonesia,Asia,green,5.4
"152 km ENE of Masohi, Indonesia",Indonesia,Asia,green,5.4
"69 km W of Sungai Penuh, Indonesia",Indonesia,Asia,green,5.4
"13 km S of Pematangsiantar, Indonesia",Indonesia,Asia,green,5.4
"96 km ESE of Biak, Indonesia",Indonesia,Asia,green,5.4
"south of Java, Indonesia",Indonesia,Asia,green,5.4
"Pulau Pulau Tanimbar, Indonesia",Indonesia,Asia,green,5.4
"89 km S of Bambanglipuro, Indonesia",Indonesia,Asia,green,5.4
"158 km NW of Ternate, Indonesia",Indonesia,Asia,green,5.4
"33 km SSW of Tobelo, Indonesia",Indonesia,Asia,green,5.4
"115 km NW of Bengkulu, Indonesia",Indonesia,Asia,green,5.4
"142 km S of Tual, Indonesia",Indonesia,Asia,green,5.4
"138 km SSW of Abepura, Indonesia",Indonesia,Asia,green,5.4
"142 km N of Tobelo, Indonesia",Indonesia,Asia,green,5.4
"41 km ENE of Sibolga, Indonesia",Indonesia,Asia,green,5.4
"83 km NNE of Sungai Penuh, Indonesia",Indonesia,Asia,green,5.4
"70 km SSW of Kroya, Indonesia",Indonesia,Asia,green,5.4
"213 km W of Gorontalo, Indonesia",Indonesia,Asia,green,5.4
"204 km E of Amahai, Indonesia",Indonesia,Asia,green,5.4
"102 km SSW of Luwuk, Indonesia",Indonesia,Asia,green,5.4
"132 km N of Pototano, Indonesia",Indonesia,Asia,green,5.4
"54 km NNE of Mamuju, Indonesia",Indonesia,Asia,green,5.4
"228 km N of Palu, Indonesia",Indonesia,Asia,green,5.4
"near the north coast of Papua, Indonesia",Indonesia,Asia,green,5.4
"197 km NNW of Sabang, Indonesia",Indonesia,Asia,green,5.4
"236 km E of Amahai, Indonesia",Indonesia,Asia,green,5.4
"54 km WNW of Ternate, Indonesia",Indonesia,Asia,green,5.4
"187 km SSE of Praya, Indonesia",Indonesia,Asia,green,5.4
"131 km NNE of Maumere, Indonesia",Indonesia,Asia,green,5.4
"189 km NNW of Sabang, Indonesia",Indonesia,Asia,green,5.4
"224 km SW of Bengkulu, Indonesia",Indonesia,Asia,green,5.4
"152 km WSW of Fakfak, Indonesia",Indonesia,Asia,green,5.4
"207 km SSE of Praya, Indonesia",Indonesia,Asia,green,5.4
"196 km NNW of Sabang, Indonesia",Indonesia,Asia,green,5.4
"124 km WSW of Pelabuhanratu, Indonesia",Indonesia,Asia,green,5.4
"56 km S of Amahai, Indonesia",Indonesia,Asia,green,5.4
"122 km NW of Ternate, Indonesia",Indonesia,Asia,green,5.4
"113 km NNE of Bangkalan, Indonesia",Indonesia,Asia,green,5.4
"96 km SSW of Banjar, Indonesia",Indonesia,Asia,green,5.4
"122 km WNW of Bengkulu, Indonesia",Indonesia,Asia,green,5.4
"139 km SSW of Abepura, Indonesia",Indonesia,Asia,green,5.4
"208 km W of Gorontalo, Indonesia",Indonesia,Asia,green,5.4
"289 km WSW of Tual, Indonesia",Indonesia,Asia,green,5.4
"115 km N of Maumere, Indonesia",Indonesia,Asia,green,5.4
"south of Java, Indonesia",Indonesia,Asia,green,5.4
"108 km SSW of Bandar Lampung, Indonesia",Indonesia,Asia,green,5.4
"75 km N of Bandar-e Lengeh, Iran",Iran,Asia,green,5.4
"53 km SE of Mohr, Iran",Iran,Asia,green,5.4
"31 km SE of Masjed Soleymān, Iran",Iran,Asia,green,5.4
"94 km WNW of Bandar Abbas, Iran",Iran,Asia,green,5.4
"73 km WNW of Qeshm, Iran",Iran,Asia,green,5.4
"49 km N of Bor?zj?n, Iran",Iran,Asia,green,5.4
"38 km SW of Sarpol-e Z?ah?b, Iran",Iran,Asia,green,5.4
"93 km SE of M?n?b, Iran",Iran,Asia,green,5.4
"25 km N of Dogonbadan, Iran",Iran,Asia,green,5.4
"28 km NW of Yasuj, Iran",Iran,Asia,green,5.4
"57 km WSW of Bojn?rd, Iran",Iran,Asia,green,5.4
"23 km WSW of ?alabja, Iraq",Iraq,Asia,green,5.4
"105 km NNW of Hirara, Japan",Japan,Asia,green,5.4
"Izu Islands, Japan region",Japan,Asia,green,5.4
"64 km ENE of Namie, Japan",Japan,Asia,green,5.4
"33 km SW of Urakawa, Japan",Japan,Asia,green,5.4
"107 km N of Tatsugō, Japan",Japan,Asia,green,5.4
"213 km ESE of Iwaki, Japan",Japan,Asia,green,5.4
"139 km ESE of Naze, Japan",Japan,Asia,green,5.4
"Izu Islands, Japan region",Japan,Asia,green,5.4
"164 km SE of Koshima, Japan",Japan,Asia,green,5.4
"56 km WSW of Yonakuni, Japan",Japan,Asia,green,5.4
"105 km ENE of Hasaki, Japan",Japan,Asia,green,5.4
"149 km SSE of Shimoda, Japan",Japan,Asia,green,5.4
"Izu Islands, Japan region",Japan,Asia,green,5.4
"39 km ENE of Shizunai-furukawach?, Japan",Japan,Asia,green,5.4
"Volcano Islands, Japan region",Japan,Asia,green,5.4
"45 km NW of Yonakuni, Japan",Japan,Asia,green,5.4
"46 km SE of Iwaki, Japan",Japan,Asia,green,5.4
"135 km WNW of Naha, Japan",Japan,Asia,green,5.4
"135 km WNW of Naha, Japan",Japan,Asia,green,5.4
"206 km SSE of Katsuura, Japan",Japan,Asia,green,5.4
"Volcano Islands, Japan region",Japan,Asia,green,5.4
"142 km ENE of Hachinohe, Japan",Japan,Asia,green,5.4
"186 km E of Hachinohe, Japan",Japan,Asia,green,5.4
"Izu Islands, Japan region",Japan,Asia,green,5.4
"98 km NNW of Tatsugō, Japan",Japan,Asia,green,5.4
"111 km E of Miyako, Japan",Japan,Asia,green,5.4
"221 km E of Namie, Japan",Japan,Asia,green,5.4
"156 km E of Nago, Japan",Japan,Asia,green,5.4
"127 km SSE of Shizunai-furukawach?, Japan",Japan,Asia,green,5.4
"61 km ESE of Namie, Japan",Japan,Asia,green,5.4
"Izu Islands, Japan region",Japan,Asia,green,5.4
"20 km S of Makurazaki, Japan",Japan,Asia,green,5.4
"82 km S of Akkeshi, Japan",Japan,Asia,green,5.4
"166 km E of Nago, Japan",Japan,Asia,green,5.4
"Volcano Islands, Japan region",Japan,Asia,green,5.4
"51 km E of ?hara, Japan",Japan,Asia,green,5.4
"8 km WNW of Iwaki, Japan",Japan,Asia,green,5.4
"Bonin Islands, Japan region",Japan,Asia,green,5.4
"126 km ESE of ?hara, Japan",Japan,Asia,green,5.4
"141 km S of Honchō, Japan",Japan,Asia,green,5.4
"96 km SE of Akkeshi, Japan",Japan,Asia,green,5.4
"Volcano Islands, Japan region",Japan,Asia,green,5.4
"107 km NNW of Tatsugō, Japan",Japan,Asia,green,5.4
"30 km ENE of Namie, Japan",Japan,Asia,green,5.4
"163 km SSE of Shimoda, Japan",Japan,Asia,green,5.4
"39 km SE of Kushima, Japan",Japan,Asia,green,5.4
"11 km W of Anamizu, Japan",Japan,Asia,green,5.4
"99 km N of Tatsugō, Japan",Japan,Asia,green,5.4
"116 km SSW of Ishigaki, Japan",Japan,Asia,green,5.4
"109 km ESE of Takahagi, Japan",Japan,Asia,green,5.4
"10 km SW of Hasaki, Japan",Japan,Asia,green,5.4
"25 km ESE of Chitose, Japan",Japan,Asia,green,5.4
"19 km NW of Misawa, Japan",Japan,Asia,green,5.4
"71 km ENE of Namie, Japan",Japan,Asia,green,5.4
"132 km E of Tatsugō, Japan",Japan,Asia,green,5.4
"off the east coast of Honshu, Japan",Japan,Asia,green,5.4
"Bonin Islands, Japan region",Japan,Asia,green,5.4
Mauritius - Reunion region,Mauritius,Africa,green,5.4
Mauritius - Reunion region,Mauritius,Africa,green,5.4
"224 km SW of La Cruz de Loreto, Mexico",Mexico,Americas,green,5.4
"125 km SSW of Manuel Ávila Camacho (Ponte Duro), Mexico",Mexico,Americas,green,5.4
"97 km SW of Altata, Mexico",Mexico,Americas,green,5.4
"17 km NW of Emiliano Zapata, Mexico",Mexico,Americas,green,5.4
"5 km WSW of Mancuernas, Mexico",Mexico,Americas,green,5.4
"53 km E of Mulegé, Mexico",Mexico,Americas,green,5.4
"18 km ESE of El Carrizal, Mexico",Mexico,Americas,green,5.4
"79 km WSW of Puerto Madero, Mexico",Mexico,Americas,green,5.4
"11 km NE of Rizo de Oro, Mexico",Mexico,Americas,green,5.4
"99 km ENE of La Rivera, Mexico",Mexico,Americas,green,5.4
"10 km E of San Gabriel Mixtepec, Mexico",Mexico,Americas,green,5.4
"142 km SSW of Emiliano Zapata, Mexico",Mexico,Americas,green,5.4
"119 km SW of Puerto Madero, Mexico",Mexico,Americas,green,5.4
"3 km SSE of Montecillos, Mexico",Mexico,Americas,green,5.4
"off the coast of Michoacan, Mexico",Mexico,Americas,green,5.4
"3 km SSE of Xicotlán, Mexico",Mexico,Americas,green,5.4
"4 km ESE of San Miguel Figueroa, Mexico",Mexico,Americas,green,5.4
"13 km N of Vallecitos de Zaragoza, Mexico",Mexico,Americas,green,5.4
"10 km WSW of Turt, Mongolia",Mongolia,Asia,green,5.4
"22 km ENE of Bileća, Bosnia and Herzegovina",Montenegro,Europe,green,5.4
"23 km NE of Falam, Myanmar",Myanmar,Asia,green,5.4
"64 km E of Wāngjing, India",Myanmar,Asia,green,5.4
"29 km ESE of Mawlaik, Myanmar",Myanmar,Asia,green,5.4
"48 km ESE of Myaydo, Myanmar",Myanmar,Asia,green,5.4
"68 km NNW of Khorixas, Namibia",Namibia,Africa,green,5.4
"60 km NW of Jumla, Nepal",Nepal,Asia,green,5.4
"81 km E of Tadine, New Caledonia",New Caledonia,Oceania,green,5.4
"148 km E of Tadine, New Caledonia",New Caledonia,Oceania,green,5.4
"202 km ESE of Tadine, New Caledonia",New Caledonia,Oceania,green,5.4
"200 km ESE of Tadine, New Caledonia",New Caledonia,Oceania,green,5.4
"213 km ESE of Tadine, New Caledonia",New Caledonia,Oceania,green,5.4
"121 km ESE of Tadine, New Caledonia",New Caledonia,Oceania,green,5.4
"76 km ENE of Tadine, New Caledonia",New Caledonia,Oceania,green,5.4
"176 km NE of Opotiki, New Zealand",New Zealand,Oceania,green,5.4
"Kermadec Islands, New Zealand",New Zealand,Oceania,green,5.4
"Kermadec Islands, New Zealand",New Zealand,Oceania,green,5.4
"232 km SW of Riverton, New Zealand",New Zealand,Oceania,green,5.4
"Kermadec Islands, New Zealand",New Zealand,Oceania,green,5.4
"Kermadec Islands, New Zealand",New Zealand,Oceania,green,5.4
"Kermadec Islands, New Zealand",New Zealand,Oceania,green,5.4
"Kermadec Islands, New Zealand",New Zealand,Oceania,green,5.4
"80 km NW of Queenstown, New Zealand",New Zealand,Oceania,green,5.4
"177 km W of Riverton, New Zealand",New Zealand,Oceania,green,5.4
"Kermadec Islands, New Zealand",New Zealand,Oceania,green,5.4
"167 km NE of Gisborne, New Zealand",New Zealand,Oceania,green,5.4
"Kermadec Islands, New Zealand",New Zealand,Oceania,green,5.4
"Kermadec Islands, New Zealand",New Zealand,Oceania,green,5.4
"37 km E of Dannevirke, New Zealand",New Zealand,Oceania,green,5.4
"5 km WNW of El Crucero, Nicaragua",Nicaragua,Americas,green,5.4
"61 km WSW of Masachapa, Nicaragua",Nicaragua,Americas,green,5.4
"10 km SW of Masachapa, Nicaragua",Nicaragua,Americas,green,5.4
"Maug Islands region, Northern Mariana Islands",Northern Mariana Islands,Oceania,green,5.4
"Pagan region, Northern Mariana Islands",Northern Mariana Islands,Oceania,green,5.4
"244 km NE of Saipan, Northern Mariana Islands",Northern Mariana Islands,Oceania,green,5.4
"Pagan region, Northern Mariana Islands",Northern Mariana Islands,Oceania,green,5.4
"Maug Islands region, Northern Mariana Islands",Northern Mariana Islands,Oceania,green,5.4
"196 km N of Saipan, Northern Mariana Islands",Northern Mariana Islands,Oceania,green,5.4
"415 km NNE of Saipan, Northern Mariana Islands",Northern Mariana Islands,Oceania,green,5.4
"236 km ENE of Saipan, Northern Mariana Islands",Northern Mariana Islands,Oceania,green,5.4
"270 km NE of Saipan, Northern Mariana Islands",Northern Mariana Islands,Oceania,green,5.4
"132 km W of San Jose Village, Northern Mariana Islands",Northern Mariana Islands,Oceania,green,5.4
"Pagan region, Northern Mariana Islands",Northern Mariana Islands,Oceania,green,5.4
"292 km SE of Sur, Oman",Oman,Asia,green,5.4
"34 km WNW of Warah, Pakistan",Pakistan,Asia,green,5.4
"101 km WSW of Khuzdar, Pakistan",Pakistan,Asia,green,5.4
"23 km E of Battagram, Pakistan",Pakistan,Asia,green,5.4
"3 km NNW of Boca de Cupé, Panama",Panama,Americas,green,5.4
south of Panama,Panama,Americas,green,5.4
"218 km S of Punta de Burica, Panama",Panama,Americas,green,5.4
"77 km SSW of Boca Chica, Panama",Panama,Americas,green,5.4
"58 km WNW of Panguna, Papua New Guinea",Papua New Guinea,Oceania,green,5.4
"33 km SW of Tari, Papua New Guinea",Papua New Guinea,Oceania,green,5.4
"46 km E of Lae, Papua New Guinea",Papua New Guinea,Oceania,green,5.4
"101 km E of Kimbe, Papua New Guinea",Papua New Guinea,Oceania,green,5.4
"39 km E of Kandrian, Papua New Guinea",Papua New Guinea,Oceania,green,5.4
"112 km SW of Kokopo, Papua New Guinea",Papua New Guinea,Oceania,green,5.4
"114 km SE of Angoram, Papua New Guinea",Papua New Guinea,Oceania,green,5.4
"106 km SSW of Kokopo, Papua New Guinea",Papua New Guinea,Oceania,green,5.4
"36 km NNW of Finschhafen, Papua New Guinea",Papua New Guinea,Oceania,green,5.4
"100 km ENE of Kimbe, Papua New Guinea",Papua New Guinea,Oceania,green,5.4
"71 km W of Bulolo, Papua New Guinea",Papua New Guinea,Oceania,green,5.4
"100 km NNW of Lae, Papua New Guinea",Papua New Guinea,Oceania,green,5.4
"36 km ENE of Bulolo, Papua New Guinea",Papua New Guinea,Oceania,green,5.4
"4 km SSW of Ambunti, Papua New Guinea",Papua New Guinea,Oceania,green,5.4
"48 km WNW of Madang, Papua New Guinea",Papua New Guinea,Oceania,green,5.4
"39 km NNE of Ambunti, Papua New Guinea",Papua New Guinea,Oceania,green,5.4
"85 km SW of Alianza Cristiana, Peru",Peru,Americas,green,5.4
"72 km WSW of Alianza Cristiana, Peru",Peru,Americas,green,5.4
"24 km ENE of Atico, Peru",Peru,Americas,green,5.4
"57 km WSW of Huarmey, Peru",Peru,Americas,green,5.4
"59 km WSW of Atiquipa, Peru",Peru,Americas,green,5.4
"27 km NE of Santa Rosa, Peru",Peru,Americas,green,5.4
"47 km SSW of Puerto Casma, Peru",Peru,Americas,green,5.4
"17 km SSE of Acarí, Peru",Peru,Americas,green,5.4
"68 km SW of Chimbote, Peru",Peru,Americas,green,5.4
"78 km S of San Juan, Peru",Peru,Americas,green,5.4
"11 km WSW of Mala, Peru",Peru,Americas,green,5.4
"30 km SW of Atiquipa, Peru",Peru,Americas,green,5.4
"12 km NNW of Cayarani, Peru",Peru,Americas,green,5.4
"3 km SSE of Chivay, Peru",Peru,Americas,green,5.4
"12 km NNW of Cañaveral, Peru",Peru,Americas,green,5.4
"59 km N of Moyobamba, Peru",Peru,Americas,green,5.4
"2 km NW of Chuquitira, Peru",Peru,Americas,green,5.4
"4 km SSE of Looc, Philippines",Philippines,Asia,green,5.4
"49 km SW of Malisbeng, Philippines",Philippines,Asia,green,5.4
"9 km E of Bagontapay, Philippines",Philippines,Asia,green,5.4
"Luzon, Philippines",Philippines,Asia,green,5.4
"55 km E of Cortes, Philippines",Philippines,Asia,green,5.4
"25 km NE of Hinatuan, Philippines",Philippines,Asia,green,5.4
"56 km E of Marihatag, Philippines",Philippines,Asia,green,5.4
"46 km E of Aras-asan, Philippines",Philippines,Asia,green,5.4
"20 km W of Taguisa, Philippines",Philippines,Asia,green,5.4
"2 km SW of Piddig, Philippines",Philippines,Asia,green,5.4
"31 km ESE of Tubajon, Philippines",Philippines,Asia,green,5.4
"242 km SE of Sarangani, Philippines",Philippines,Asia,green,5.4
"41 km W of Basco, Philippines",Philippines,Asia,green,5.4
"Luzon, Philippines",Philippines,Asia,green,5.4
"45 km ENE of Barcelona, Philippines",Philippines,Asia,green,5.4
"44 km ESE of Marihatag, Philippines",Philippines,Asia,green,5.4
"79 km S of Sarangani, Philippines",Philippines,Asia,green,5.4
"123 km N of Basco, Philippines",Philippines,Asia,green,5.4
"177 km ESE of Sarangani, Philippines",Philippines,Asia,green,5.4
"46 km ENE of La Paz, Philippines",Philippines,Asia,green,5.4
"Leyte, Philippines",Philippines,Asia,green,5.4
"1 km NNW of Salvacion, Philippines",Philippines,Asia,green,5.4
"47 km WSW of Fuerte, Philippines",Philippines,Asia,green,5.4
"146 km NNW of Davila, Philippines",Philippines,Asia,green,5.4
"50 km ESE of Pondaguitan, Philippines",Philippines,Asia,green,5.4
"11 km NE of Tuban, Philippines",Philippines,Asia,green,5.4
"37 km NE of Hinatuan, Philippines",Philippines,Asia,green,5.4
"47 km E of Aras-asan, Philippines",Philippines,Asia,green,5.4
"6 km WSW of Talisay, Philippines",Philippines,Asia,green,5.4
"8 km E of Siocon, Philippines",Philippines,Asia,green,5.4
"127 km ENE of Kinablangan, Philippines",Philippines,Asia,green,5.4
"23 km E of Kalbay, Philippines",Philippines,Asia,green,5.4
"67 km ESE of San Ignacio, Philippines",Philippines,Asia,green,5.4
"31 km NE of Barcelona, Philippines",Philippines,Asia,green,5.4
"44 km NE of Hinatuan, Philippines",Philippines,Asia,green,5.4
"9 km NW of Balatero, Philippines",Philippines,Asia,green,5.4
"16 km SW of Claveria, Philippines",Philippines,Asia,green,5.4
"191 km SE of Sarangani, Philippines",Philippines,Asia,green,5.4
"20 km W of Silongin, Philippines",Philippines,Asia,green,5.4
"11 km SE of Sugal, Philippines",Philippines,Asia,green,5.4
"36 km NNE of Biri, Philippines",Philippines,Asia,green,5.4
"20 km SE of Union, Philippines",Philippines,Asia,green,5.4
"89 km N of Claveria, Philippines",Philippines,Asia,green,5.4
"246 km SE of Sarangani, Philippines",Philippines,Asia,green,5.4
"10 km E of Telafas, Philippines",Philippines,Asia,green,5.4
"18 km ENE of Santa Maria, Philippines",Philippines,Asia,green,5.4
"36 km ENE of Barcelona, Philippines",Philippines,Asia,green,5.4
"17 km NW of Balingasay, Philippines",Philippines,Asia,green,5.4
"72 km N of Namuac, Philippines",Philippines,Asia,green,5.4
"57 km E of Aras-asan, Philippines",Philippines,Asia,green,5.4
"49 km ENE of Aras-asan, Philippines",Philippines,Asia,green,5.4
"17 km NNW of Wawa, Philippines",Philippines,Asia,green,5.4
"63 km E of Union, Philippines",Philippines,Asia,green,5.4
"21 km NE of Barcelona, Philippines",Philippines,Asia,green,5.4
"35 km WNW of Callaguip, Philippines",Philippines,Asia,green,5.4
"2 km WSW of Pangian, Philippines",Philippines,Asia,green,5.4
"6 km NNW of Guindapunan, Philippines",Philippines,Asia,green,5.4
"34 km ESE of Santiago, Philippines",Philippines,Asia,green,5.4
"25 km NE of Barcelona, Philippines",Philippines,Asia,green,5.4
"81 km E of Marihatag, Philippines",Philippines,Asia,green,5.4
"69 km NW of Castelo Branco, Portugal",Portugal,Europe,green,5.4
"Komandorskiye Ostrova, Russia region",Russia,Europe,green,5.4
"5 km ESE of Severo-Kuril’sk, Russia",Russia,Europe,green,5.4
"159 km SSW of Severo-Kuril’sk, Russia",Russia,Europe,green,5.4
"49 km E of Shikotan, Russia",Russia,Europe,green,5.4
"169 km SSE of Vilyuchinsk, Russia",Russia,Europe,green,5.4
"187 km E of Petropavlovsk-Kamchatsky, Russia",Russia,Europe,green,5.4
"154 km SE of Petropavlovsk-Kamchatsky, Russia",Russia,Europe,green,5.4
"154 km SE of Petropavlovsk-Kamchatsky, Russia",Russia,Europe,green,5.4
"51 km SW of Ust’-Kamchatsk Staryy, Russia",Russia,Europe,green,5.4
"154 km ESE of Petropavlovsk-Kamchatsky, Russia",Russia,Europe,green,5.4
"166 km SSE of Vilyuchinsk, Russia",Russia,Europe,green,5.4
"166 km SE of Petropavlovsk-Kamchatsky, Russia",Russia,Europe,green,5.4
"35 km SE of Petropavlovsk-Kamchatsky, Russia",Russia,Europe,green,5.4
"103 km E of Shikotan, Russia",Russia,Europe,green,5.4
"41 km N of Kabansk, Russia",Russia,Europe,green,5.4
"148 km E of Petropavlovsk-Kamchatsky, Russia",Russia,Europe,green,5.4
"113 km E of Severo-Kuril’sk, Russia",Russia,Europe,green,5.4
"178 km SE of Petropavlovsk-Kamchatsky, Russia",Russia,Europe,green,5.4
"193 km SSE of Vilyuchinsk, Russia",Russia,Europe,green,5.4
"117 km ESE of Petropavlovsk-Kamchatsky, Russia",Russia,Europe,green,5.4
"161 km ESE of Ozernovskiy, Russia",Russia,Europe,green,5.4
"199 km SSE of Vilyuchinsk, Russia",Russia,Europe,green,5.4
"115 km ESE of Petropavlovsk-Kamchatsky, Russia",Russia,Europe,green,5.4
"132 km SE of Petropavlovsk-Kamchatsky, Russia",Russia,Europe,green,5.4
"139 km SE of Severo-Kuril’sk, Russia",Russia,Europe,green,5.4
"Komandorskiye Ostrova, Russia region",Russia,Europe,green,5.4
"141 km ESE of Petropavlovsk-Kamchatsky, Russia",Russia,Europe,green,5.4
"153 km S of Severo-Kuril’sk, Russia",Russia,Europe,green,5.4
"152 km E of Ozernovskiy, Russia",Russia,Europe,green,5.4
"171 km SSE of Ust’-Kamchatsk Staryy, Russia",Russia,Europe,green,5.4
"24 km SE of Severo-Kuril’sk, Russia",Russia,Europe,green,5.4
"155 km ESE of Petropavlovsk-Kamchatsky, Russia",Russia,Europe,green,5.4
"192 km ENE of Georgetown, Saint Helena",Saint Helena,Africa,green,5.4
Samoa Islands region,Samoa,Oceania,green,5.4
"74 km SE of Honiara, Solomon Islands",Solomon Islands,Oceania,green,5.4
"149 km SSE of Lata, Solomon Islands",Solomon Islands,Oceania,green,5.4
"68 km W of Kirakira, Solomon Islands",Solomon Islands,Oceania,green,5.4
"123 km SSE of Lata, Solomon Islands",Solomon Islands,Oceania,green,5.4
"121 km SSE of Kirakira, Solomon Islands",Solomon Islands,Oceania,green,5.4
"75 km WSW of Buala, Solomon Islands",Solomon Islands,Oceania,green,5.4
"122 km SSE of Lata, Solomon Islands",Solomon Islands,Oceania,green,5.4
Solomon Islands,Solomon Islands,Oceania,green,5.4
"145 km E of Kirakira, Solomon Islands",Solomon Islands,Oceania,green,5.4
"103 km W of Gizo, Solomon Islands",Solomon Islands,Oceania,green,5.4
"173 km SSW of Gizo, Solomon Islands",Solomon Islands,Oceania,green,5.4
"10 km ESE of Lata, Solomon Islands",Solomon Islands,Oceania,green,5.4
"106 km WNW of Kirakira, Solomon Islands",Solomon Islands,Oceania,green,5.4
"184 km SSE of Lata, Solomon Islands",Solomon Islands,Oceania,green,5.4
"58 km NNE of Auki, Solomon Islands",Solomon Islands,Oceania,green,5.4
"137 km SE of Kirakira, Solomon Islands",Solomon Islands,Oceania,green,5.4
Solomon Islands,Solomon Islands,Oceania,green,5.4
"38 km WSW of Gizo, Solomon Islands",Solomon Islands,Oceania,green,5.4
"151 km NNW of Las Khorey, Somalia",Somalia,Africa,green,5.4
"35 km S of Hualien City, Taiwan",Taiwan,Asia,green,5.4
"46 km SSE of Yilan, Taiwan",Taiwan,Asia,green,5.4
"53 km ESE of Yujing, Taiwan",Taiwan,Asia,green,5.4
"89 km NE of Hengchun, Taiwan",Taiwan,Asia,green,5.4
"22 km SSE of Hualien City, Taiwan",Taiwan,Asia,green,5.4
"85 km NW of Murghob, Tajikistan",Tajikistan,Asia,green,5.4
"66 km W of Murghob, Tajikistan",Tajikistan,Asia,green,5.4
"47 km E of Rasht, Tajikistan",Tajikistan,Asia,green,5.4
"125 km NE of Hihifo, Tonga",Tonga,Oceania,green,5.4
"156 km NE of Neiafu, Tonga",Tonga,Oceania,green,5.4
"110 km NNW of Neiafu, Tonga",Tonga,Oceania,green,5.4
"111 km NE of Hihifo, Tonga",Tonga,Oceania,green,5.4
"207 km NE of Neiafu, Tonga",Tonga,Oceania,green,5.4
"125 km E of Neiafu, Tonga",Tonga,Oceania,green,5.4
"85 km SE of Neiafu, Tonga",Tonga,Oceania,green,5.4
"87 km NW of Fangale’ounga, Tonga",Tonga,Oceania,green,5.4
"87 km ENE of Hihifo, Tonga",Tonga,Oceania,green,5.4
"123 km NE of Hihifo, Tonga",Tonga,Oceania,green,5.4
"156 km NE of Neiafu, Tonga",Tonga,Oceania,green,5.4
"123 km NE of Hihifo, Tonga",Tonga,Oceania,green,5.4
"130 km NE of Hihifo, Tonga",Tonga,Oceania,green,5.4
"125 km WNW of Hihifo, Tonga",Tonga,Oceania,green,5.4
"96 km E of ‘Ohonua, Tonga",Tonga,Oceania,green,5.4
"183 km SW of Haveluloto, Tonga",Tonga,Oceania,green,5.4
"27 km SSW of Vaini, Tonga",Tonga,Oceania,green,5.4
"122 km WNW of Pangai, Tonga",Tonga,Oceania,green,5.4
"127 km NE of Hihifo, Tonga",Tonga,Oceania,green,5.4
south of Tonga,Tonga,Oceania,green,5.4
"76 km E of ‘Ohonua, Tonga",Tonga,Oceania,green,5.4
"290 km SSW of ‘Ohonua, Tonga",Tonga,Oceania,green,5.4
south of Tonga,Tonga,Oceania,green,5.4
"124 km SSE of Pangai, Tonga",Tonga,Oceania,green,5.4
"81 km NE of Hihifo, Tonga",Tonga,Oceania,green,5.4
"139 km NNW of Nuku‘alofa, Tonga",Tonga,Oceania,green,5.4
"102 km NNE of Hihifo, Tonga",Tonga,Oceania,green,5.4
"152 km NE of Neiafu, Tonga",Tonga,Oceania,green,5.4
"240 km S of ‘Ohonua, Tonga",Tonga,Oceania,green,5.4
"172 km NW of Fangale’ounga, Tonga",Tonga,Oceania,green,5.4
"65 km SSE of ‘Ohonua, Tonga",Tonga,Oceania,green,5.4
"94 km NNE of Hihifo, Tonga",Tonga,Oceania,green,5.4
"160 km ENE of Neiafu, Tonga",Tonga,Oceania,green,5.4
"79 km SSE of Pangai, Tonga",Tonga,Oceania,green,5.4
"295 km WNW of Haveluloto, Tonga",Tonga,Oceania,green,5.4
"123 km ESE of Hihifo, Tonga",Tonga,Oceania,green,5.4
Tonga region,Tonga,Oceania,green,5.4
south of Tonga,Tonga,Oceania,green,5.4
"95 km SE of Pangai, Tonga",Tonga,Oceania,green,5.4
"266 km W of Houma, Tonga",Tonga,Oceania,green,5.4
"182 km NW of Haveluloto, Tonga",Tonga,Oceania,green,5.4
"162 km SSW of ‘Ohonua, Tonga",Tonga,Oceania,green,5.4
"165 km WNW of Houma, Tonga",Tonga,Oceania,green,5.4
"150 km ENE of ‘Ohonua, Tonga",Tonga,Oceania,green,5.4
"16 km WNW of Neiafu, Tonga",Tonga,Oceania,green,5.4
"90 km NNW of Hihifo, Tonga",Tonga,Oceania,green,5.4
"133 km SE of Neiafu, Tonga",Tonga,Oceania,green,5.4
"17 km ENE of Yayladere, Turkey",Turkey,Asia,green,5.4
eastern Turkey,Turkey,Asia,green,5.4
"5 km SSE of ?çmeler, Turkey",Turkey,Asia,green,5.4
"17 km N of Gölba??, Turkey",Turkey,Asia,green,5.4
eastern Turkey,Turkey,Asia,green,5.4
"7 km NNE of Sincik, Turkey",Turkey,Asia,green,5.4
"14 km SSW of Özalp, Turkey",Turkey,Asia,green,5.4
"12 km ESE of Balkanabat, Turkmenistan",Turkmenistan,Asia,green,5.4
"39 km WSW of Mpanda, Tanzania",United Republic of Tanzania,Africa,green,5.4
"66 km S of Shungnak, Alaska",United States of America,Americas,green,5.4
"59 km S of Whites City, New Mexico",United States of America,Americas,green,5.4
"Coalson Draw, Texas",United States of America,Americas,green,5.4
"6 km SW of Volcano, Hawaii",United States of America,Americas,green,5.4
"7 km SW of Volcano, Hawaii",United States of America,Americas,green,5.4
"106 km WNW of Port-Vila, Vanuatu",Vanuatu,Oceania,green,5.4
"199 km N of Sola, Vanuatu",Vanuatu,Oceania,green,5.4
"23 km WSW of Isangel, Vanuatu",Vanuatu,Oceania,green,5.4
"85 km ESE of Lakatoro, Vanuatu",Vanuatu,Oceania,green,5.4
"71 km NW of Port-Olry, Vanuatu",Vanuatu,Oceania,green,5.4
"44 km W of Isangel, Vanuatu",Vanuatu,Oceania,green,5.4
Vanuatu region,Vanuatu,Oceania,green,5.4
"55 km S of Lakatoro, Vanuatu",Vanuatu,Oceania,green,5.4
"88 km W of Sola, Vanuatu",Vanuatu,Oceania,green,5.4
"38 km ENE of Port-Vila, Vanuatu",Vanuatu,Oceania,green,5.4
"20 km N of Sola, Vanuatu",Vanuatu,Oceania,green,5.4
Vanuatu region,Vanuatu,Oceania,green,5.4
"138 km S of Isangel, Vanuatu",Vanuatu,Oceania,green,5.4
Vanuatu region,Vanuatu,Oceania,green,5.4
"93 km E of Port-Olry, Vanuatu",Vanuatu,Oceania,green,5.4
Vanuatu region,Vanuatu,Oceania,green,5.4
Vanuatu region,Vanuatu,Oceania,green,5.4
"67 km WSW of Norsup, Vanuatu",Vanuatu,Oceania,green,5.4
"62 km ENE of Lakatoro, Vanuatu",Vanuatu,Oceania,green,5.4
Vanuatu region,Vanuatu,Oceania,green,5.4
"105 km ENE of Luganville, Vanuatu",Vanuatu,Oceania,green,5.4
"93 km W of Isangel, Vanuatu",Vanuatu,Oceania,green,5.4
"125 km NW of Sola, Vanuatu",Vanuatu,Oceania,green,5.4
"24 km E of Isangel, Vanuatu",Vanuatu,Oceania,green,5.4
"110 km WNW of Port-Vila, Vanuatu",Vanuatu,Oceania,green,5.4
"83 km SSE of Sola, Vanuatu",Vanuatu,Oceania,green,5.4
"23 km NW of Port-Olry, Vanuatu",Vanuatu,Oceania,green,5.4
"123 km SSE of Isangel, Vanuatu",Vanuatu,Oceania,green,5.4
"19 km NNE of Port-Olry, Vanuatu",Vanuatu,Oceania,green,5.4
"36 km WSW of Port-Vila, Vanuatu",Vanuatu,Oceania,green,5.4
"92 km ESE of Lakatoro, Vanuatu",Vanuatu,Oceania,green,5.4
"88 km NW of Port-Vila, Vanuatu",Vanuatu,Oceania,green,5.4
"206 km NW of Sola, Vanuatu",Vanuatu,Oceania,green,5.4
"25 km SE of Port-Olry, Vanuatu",Vanuatu,Oceania,green,5.4
"26 km WNW of Cumaná, Venezuela",Venezuela,Americas,green,5.4
"6km SSW of Delta, B.C., MX",Mexico,Americas,green,5.37
"32km SSW of Ludlow, California",United States of America,Americas,green,5.37
"16km W of Searles Valley, CA",United States of America,Americas,green,5.37
"20 km E of Kalaoa, Hawaii",United States of America,Americas,green,5.34
"71km E of Maneadero, B.C., MX",Mexico,Americas,green,5.32
"68 km WNW of Nushki, Pakistan",Afghanistan,Asia,green,5.3
"155 km SE of Chignik, Alaska",Alaska,Americas,green,5.3
"Rat Islands, Aleutian Islands, Alaska",Alaska,Americas,green,5.3
"26 km NNW of Dutch Harbor, Alaska",Alaska,Americas,green,5.3
"88 km WSW of Atka, Alaska",Alaska,Americas,green,5.3
"57 km WNW of Akhiok, Alaska",Alaska,Americas,green,5.3
"84 km SSW of Nikolski, Alaska",Alaska,Americas,green,5.3
"53 km SW of Tatitlek, Alaska",Alaska,Americas,green,5.3
"Rat Islands, Aleutian Islands, Alaska",Alaska,Americas,green,5.3
"163 km WSW of Adak, Alaska",Alaska,Americas,green,5.3
"26 km ESE of Tinogasta, Argentina",Argentina,Americas,green,5.3
"288 km SSE of Ushuaia, Argentina",Argentina,Americas,green,5.3
"100 km W of El Aguilar, Argentina",Argentina,Americas,green,5.3
"55 km ENE of Los Andes, Chile",Argentina,Americas,green,5.3
"266 km SSE of Ushuaia, Argentina",Argentina,Americas,green,5.3
"279 km S of Ushuaia, Argentina",Argentina,Americas,green,5.3
"18 km WSW of Metsavan, Armenia",Armenia,Asia,green,5.3
"139 km SE of Yulara, Australia",Australia,Oceania,green,5.3
"27 km NNE of Marble Bar, Australia",Australia,Oceania,green,5.3
"49 km NE of Xaçmaz, Azerbaijan",Azerbaijan,Asia,green,5.3
"16 km NW of Karīmganj, India",Bangladesh,Asia,green,5.3
"44 km NNE of Bermejo, Bolivia",Bolivia,Americas,green,5.3
"45 km ESE of Peace River, Canada",Canada,Americas,green,5.3
"106 km NNE of Calama, Chile",Chile,Americas,green,5.3
"105 km SW of San Pedro de Atacama, Chile",Chile,Americas,green,5.3
"116 km E of Iquique, Chile",Chile,Americas,green,5.3
West Chile Rise,Chile,Americas,green,5.3
"96 km SSE of Iquique, Chile",Chile,Americas,green,5.3
"66 km SSW of Iquique, Chile",Chile,Americas,green,5.3
"41 km NE of Calama, Chile",Chile,Americas,green,5.3
"88 km WNW of Iquique, Chile",Chile,Americas,green,5.3
West Chile Rise,Chile,Americas,green,5.3
"14 km ENE of Iquique, Chile",Chile,Americas,green,5.3
"40 km W of San Pedro de Atacama, Chile",Chile,Americas,green,5.3
"100 km SW of Iquique, Chile",Chile,Americas,green,5.3
"118 km NNE of Calama, Chile",Chile,Americas,green,5.3
"57 km ENE of La Tirana, Chile",Chile,Americas,green,5.3
"Tarapaca, Chile",Chile,Americas,green,5.3
"33 km NE of Calama, Chile",Chile,Americas,green,5.3
"northern Qinghai, China",China,Asia,green,5.3
"216 km WSW of Laojunmiao, China",China,Asia,green,5.3
"119 km WNW of Aykol, China",China,Asia,green,5.3
"Xinjiang Uygur, China",China,Asia,green,5.3
"103 km SSE of San Andrés, Colombia",Colombia,Americas,green,5.3
"132 km WNW of Pizarro, Colombia",Colombia,Americas,green,5.3
"3 km NW of Cepitá, Colombia",Colombia,Americas,green,5.3
"6 km WSW of Kissonerga, Cyprus",Cyprus,Asia,green,5.3
"43 km NW of Valdez, Ecuador",Ecuador,Americas,green,5.3
"246 km N of Puerto Ayora, Ecuador",Ecuador,Americas,green,5.3
"253 km NNW of Puerto Ayora, Ecuador",Ecuador,Americas,green,5.3
"64 km SSW of Acajutla, El Salvador",El Salvador,Americas,green,5.3
"29 km S of Ziway, Ethiopia",Ethiopia,Africa,green,5.3
"209 km SW of Nadi, Fiji",Fiji,Oceania,green,5.3
south of the Fiji Islands,Fiji,Oceania,green,5.3
Fiji region,Fiji,Oceania,green,5.3
"34 km NW of Fougamou, Gabon",Gabon,Africa,green,5.3
South Georgia Island region,Georgia,Asia,green,5.3
"10 km SW of Mandráki, Greece",Greece,Europe,green,5.3
"97 km S of Néa Anatolí, Greece",Greece,Europe,green,5.3
"5 km WSW of Kríkellos, Greece",Greece,Europe,green,5.3
"171 km S of Merizo Village, Guam",Guam,Oceania,green,5.3
"149 km SW of Merizo Village, Guam",Guam,Oceania,green,5.3
"166 km SSW of Merizo Village, Guam",Guam,Oceania,green,5.3
"37 km S of Champerico, Guatemala",Guatemala,Americas,green,5.3
"65 km N of Alotau, Papua New Guinea",Guinea,Africa,green,5.3
"82 km NNE of Finschhafen, Papua New Guinea",Guinea,Africa,green,5.3
"93 km SSE of Kokopo, Papua New Guinea",Guinea,Africa,green,5.3
"78 km SSE of Panguna, Papua New Guinea",Guinea,Africa,green,5.3
"76 km S of Kokopo, Papua New Guinea",Guinea,Africa,green,5.3
"179 km ENE of Angoram, Papua New Guinea",Guinea,Africa,green,5.3
"95 km SSE of Panguna, Papua New Guinea",Guinea,Africa,green,5.3
"eastern New Guinea region, Papua New Guinea",Guinea,Africa,green,5.3
"129 km N of Lae, Papua New Guinea",Guinea,Africa,green,5.3
"55 km E of Madang, Papua New Guinea",Guinea,Africa,green,5.3
"162 km ESE of Kimbe, Papua New Guinea",Guinea,Africa,green,5.3
"31 km WSW of Kandrian, Papua New Guinea",Guinea,Africa,green,5.3
"210 km SE of Lorengau, Papua New Guinea",Guinea,Africa,green,5.3
"111 km SW of Panguna, Papua New Guinea",Guinea,Africa,green,5.3
"9 km SW of Álftanes, Iceland",Iceland,Europe,green,5.3
"119 km WNW of Höfn, Iceland",Iceland,Europe,green,5.3
"119 km W of Höfn, Iceland",Iceland,Europe,green,5.3
"26 km E of North Vanlaiphai, India",India,Asia,green,5.3
"Nicobar Islands, India region",India,Asia,green,5.3
"297 km N of Bamboo Flat, India",India,Asia,green,5.3
"5 km NE of Sapatgr?m, India",India,Asia,green,5.3
"42 km ESE of Palu, Indonesia",Indonesia,Asia,green,5.3
"247 km SSW of Singkil, Indonesia",Indonesia,Asia,green,5.3
"127 km WSW of Ternate, Indonesia",Indonesia,Asia,green,5.3
"145 km NW of Ternate, Indonesia",Indonesia,Asia,green,5.3
"140 km W of Waingapu, Indonesia",Indonesia,Asia,green,5.3
"Seram, Indonesia",Indonesia,Asia,green,5.3
"113 km ESE of Bitung, Indonesia",Indonesia,Asia,green,5.3
"162 km WSW of Abepura, Indonesia",Indonesia,Asia,green,5.3
"161 km WSW of Abepura, Indonesia",Indonesia,Asia,green,5.3
"65 km S of Padang, Indonesia",Indonesia,Asia,green,5.3
"228 km SSW of Bengkulu, Indonesia",Indonesia,Asia,green,5.3
"108 km SW of Abepura, Indonesia",Indonesia,Asia,green,5.3
"southern Sumatra, Indonesia",Indonesia,Asia,green,5.3
"94 km SE of Gorontalo, Indonesia",Indonesia,Asia,green,5.3
"178 km S of Tondano, Indonesia",Indonesia,Asia,green,5.3
"184 km WSW of Bandar Lampung, Indonesia",Indonesia,Asia,green,5.3
"207 km N of Tobelo, Indonesia",Indonesia,Asia,green,5.3
"113 km WNW of Ternate, Indonesia",Indonesia,Asia,green,5.3
"61 km WSW of Padangsidempuan, Indonesia",Indonesia,Asia,green,5.3
"135 km ESE of Sorong, Indonesia",Indonesia,Asia,green,5.3
"220 km W of Ambon, Indonesia",Indonesia,Asia,green,5.3
"104 km SE of Amahai, Indonesia",Indonesia,Asia,green,5.3
"103 km S of Sungai Penuh, Indonesia",Indonesia,Asia,green,5.3
"54 km WSW of Pelabuhanratu, Indonesia",Indonesia,Asia,green,5.3
"114 km NNW of Ambon, Indonesia",Indonesia,Asia,green,5.3
"78 km S of Modisi, Indonesia",Indonesia,Asia,green,5.3
"151 km NW of Ternate, Indonesia",Indonesia,Asia,green,5.3
"193 km NW of Tobelo, Indonesia",Indonesia,Asia,green,5.3
"Pulau-Pulau Talaud, Indonesia",Indonesia,Asia,green,5.3
"136 km N of Gorontalo, Indonesia",Indonesia,Asia,green,5.3
"72 km NNW of Jayapura, Indonesia",Indonesia,Asia,green,5.3
"261 km ESE of Biak, Indonesia",Indonesia,Asia,green,5.3
"249 km S of Pundong, Indonesia",Indonesia,Asia,green,5.3
"209 km SW of Tual, Indonesia",Indonesia,Asia,green,5.3
"southwest of Sumatra, Indonesia",Indonesia,Asia,green,5.3
"73 km SE of Agats, Indonesia",Indonesia,Asia,green,5.3
"53 km WSW of K?sh, Iran",Iran,Asia,green,5.3
"55 km WSW of Bojn?rd, Iran",Iran,Asia,green,5.3
"62 km NNW of Bandar Abbas, Iran",Iran,Asia,green,5.3
"2 km SE of Palata, Italy",Italy,Europe,green,5.3
"86 km E of Miyako, Japan",Japan,Asia,green,5.3
"15 km SW of Miyazaki, Japan",Japan,Asia,green,5.3
"Ryukyu Islands, Japan",Japan,Asia,green,5.3
"71 km SW of Yonakuni, Japan",Japan,Asia,green,5.3
"46 km NNE of Yonakuni, Japan",Japan,Asia,green,5.3
"Bonin Islands, Japan region",Japan,Asia,green,5.3
"Bonin Islands, Japan region",Japan,Asia,green,5.3
"Volcano Islands, Japan region",Japan,Asia,green,5.3
"Bonin Islands, Japan region",Japan,Asia,green,5.3
"69 km S of Nemuro, Japan",Japan,Asia,green,5.3
"39 km ENE of Iwaki, Japan",Japan,Asia,green,5.3
"101 km ENE of Hasaki, Japan",Japan,Asia,green,5.3
"5 km ENE of Uto, Japan",Japan,Asia,green,5.3
"21 km W of Shibetsu, Japan",Japan,Asia,green,5.3
"Bonin Islands, Japan region",Japan,Asia,green,5.3
"Izu Islands, Japan region",Japan,Asia,green,5.3
"Izu Islands, Japan region",Japan,Asia,green,5.3
"191 km SE of Katsuura, Japan",Japan,Asia,green,5.3
"269 km SSE of Katsuura, Japan",Japan,Asia,green,5.3
"43 km ENE of Nichinan, Japan",Japan,Asia,green,5.3
"Izu Islands, Japan region",Japan,Asia,green,5.3
"29 km NE of Shimo-furano, Japan",Japan,Asia,green,5.3
"8 km NW of Anakao, Madagascar",Madagascar,Africa,green,5.3
"171 km WSW of Mazatlán, Mexico",Mexico,Americas,green,5.3
"117 km SW of La Esperanza (El Zapotal), Mexico",Mexico,Americas,green,5.3
"76 km SSW of Bahía de Lobos, Mexico",Mexico,Americas,green,5.3
"180 km SSW of Emiliano Zapata, Mexico",Mexico,Americas,green,5.3
"98 km WSW of Puerto Madero, Mexico",Mexico,Americas,green,5.3
"121 km SW of Puerto Madero, Mexico",Mexico,Americas,green,5.3
"16 km SW of Turt, Mongolia",Mongolia,Asia,green,5.3
"43 km WSW of Chauk, Myanmar",Myanmar,Asia,green,5.3
"27 km WSW of Thayetmyo, Myanmar",Myanmar,Asia,green,5.3
"257 km ESE of Tadine, New Caledonia",New Caledonia,Oceania,green,5.3
"121 km E of Tadine, New Caledonia",New Caledonia,Oceania,green,5.3
"108 km ESE of Tadine, New Caledonia",New Caledonia,Oceania,green,5.3
"Kermadec Islands, New Zealand",New Zealand,Oceania,green,5.3
"222 km ENE of Gisborne, New Zealand",New Zealand,Oceania,green,5.3
"153 km ENE of Gisborne, New Zealand",New Zealand,Oceania,green,5.3
"180 km ENE of Gisborne, New Zealand",New Zealand,Oceania,green,5.3
"196 km ENE of Opotiki, New Zealand",New Zealand,Oceania,green,5.3
"20 km SW of Taupo, New Zealand",New Zealand,Oceania,green,5.3
"8 km WNW of Kawerau, New Zealand",New Zealand,Oceania,green,5.3
North Island of New Zealand,New Zealand,Oceania,green,5.3
"158 km SSE of San Jose Village, Northern Mariana Islands",Northern Mariana Islands,Oceania,green,5.3
"Pagan region, Northern Mariana Islands",Northern Mariana Islands,Oceania,green,5.3
"81 km SW of Khuzdar, Pakistan",Pakistan,Asia,green,5.3
"52 km WSW of Tari, Papua New Guinea",Papua New Guinea,Oceania,green,5.3
"56 km NNW of Lae, Papua New Guinea",Papua New Guinea,Oceania,green,5.3
"108 km S of Ialibu, Papua New Guinea",Papua New Guinea,Oceania,green,5.3
"47 km SSE of Madang, Papua New Guinea",Papua New Guinea,Oceania,green,5.3
"117 km SSE of Popondetta, Papua New Guinea",Papua New Guinea,Oceania,green,5.3
"50 km W of Atiquipa, Peru",Peru,Americas,green,5.3
"14 km NE of El Pedregal, Peru",Peru,Americas,green,5.3
"6 km NNW of Chivay, Peru",Peru,Americas,green,5.3
"6 km ENE of Yauri, Peru",Peru,Americas,green,5.3
"21 km SSW of San Antonio, Peru",Peru,Americas,green,5.3
"25 km WNW of Cañaveral, Peru",Peru,Americas,green,5.3
"49 km E of Aras-asan, Philippines",Philippines,Asia,green,5.3
"52 km ENE of Barcelona, Philippines",Philippines,Asia,green,5.3
"19 km E of Aras-asan, Philippines",Philippines,Asia,green,5.3
"64 km E of Union, Philippines",Philippines,Asia,green,5.3
"3 km SW of Baganga, Philippines",Philippines,Asia,green,5.3
"56 km N of Claveria, Philippines",Philippines,Asia,green,5.3
"39 km E of Aras-asan, Philippines",Philippines,Asia,green,5.3
"Leyte, Philippines",Philippines,Asia,green,5.3
"42 km ENE of Barcelona, Philippines",Philippines,Asia,green,5.3
"139 km ENE of Santa Cruz das Flores, Portugal",Portugal,Europe,green,5.3
"9 km SSE of La Parguera, Puerto Rico",Puerto Rico,Americas,green,5.3
"155 km ESE of Petropavlovsk-Kamchatsky, Russia",Russia,Europe,green,5.3
"29 km S of Shikotan, Russia",Russia,Europe,green,5.3
"55 km SW of Novaya Chara, Russia",Russia,Europe,green,5.3
"209 km SSE of Ust’-Kamchatsk Staryy, Russia",Russia,Europe,green,5.3
"156 km ESE of Petropavlovsk-Kamchatsky, Russia",Russia,Europe,green,5.3
"156 km SSW of Severo-Kuril’sk, Russia",Russia,Europe,green,5.3
"128 km SE of Petropavlovsk-Kamchatsky, Russia",Russia,Europe,green,5.3
"242 km E of Kuril’sk, Russia",Russia,Europe,green,5.3
"75 km WSW of Paratunka, Russia",Russia,Europe,green,5.3
"158 km E of Petropavlovsk-Kamchatsky, Russia",Russia,Europe,green,5.3
"121 km SE of Severo-Kuril’sk, Russia",Russia,Europe,green,5.3
"90 km ESE of Shikotan, Russia",Russia,Europe,green,5.3
"123 km SSE of Kuril’sk, Russia",Russia,Europe,green,5.3
"151 km SSE of Vilyuchinsk, Russia",Russia,Europe,green,5.3
"89 km NE of Otrada, Russia",Russia,Europe,green,5.3
"83 km SE of Mil’kovo, Russia",Russia,Europe,green,5.3
"25 km SW of Malango, Solomon Islands",Solomon Islands,Oceania,green,5.3
"53 km WSW of Kirakira, Solomon Islands",Solomon Islands,Oceania,green,5.3
"105 km WNW of Kirakira, Solomon Islands",Solomon Islands,Oceania,green,5.3
"95 km WNW of Kirakira, Solomon Islands",Solomon Islands,Oceania,green,5.3
"91 km W of Lata, Solomon Islands",Solomon Islands,Oceania,green,5.3
"107 km WNW of Kirakira, Solomon Islands",Solomon Islands,Oceania,green,5.3
"81 km WNW of Kirakira, Solomon Islands",Solomon Islands,Oceania,green,5.3
"64 km SW of Gizo, Solomon Islands",Solomon Islands,Oceania,green,5.3
"106 km NW of Gizo, Solomon Islands",Solomon Islands,Oceania,green,5.3
"262 km SW of Gizo, Solomon Islands",Solomon Islands,Oceania,green,5.3
"122 km W of Lata, Solomon Islands",Solomon Islands,Oceania,green,5.3
"18 km S of Tainan, Taiwan",Taiwan,Asia,green,5.3
"2 km NNW of Hualien City, Taiwan",Taiwan,Asia,green,5.3
"69 km E of Hualien City, Taiwan",Taiwan,Asia,green,5.3
"44 km W of Hengchun, Taiwan",Taiwan,Asia,green,5.3
"15 km S of Hualien City, Taiwan",Taiwan,Asia,green,5.3
"28 km SE of Hualien City, Taiwan",Taiwan,Asia,green,5.3
"91 km S of Pangai, Tonga",Tonga,Oceania,green,5.3
"57 km SE of Pangai, Tonga",Tonga,Oceania,green,5.3
"24 km SSW of Hihifo, Tonga",Tonga,Oceania,green,5.3
"265 km WSW of Haveluloto, Tonga",Tonga,Oceania,green,5.3
"158 km E of ‘Ohonua, Tonga",Tonga,Oceania,green,5.3
"203 km ENE of Neiafu, Tonga",Tonga,Oceania,green,5.3
"107 km NE of Hihifo, Tonga",Tonga,Oceania,green,5.3
"87 km SSE of Hihifo, Tonga",Tonga,Oceania,green,5.3
"117 km NE of Hihifo, Tonga",Tonga,Oceania,green,5.3
"117 km ENE of Hihifo, Tonga",Tonga,Oceania,green,5.3
"191 km NE of Neiafu, Tonga",Tonga,Oceania,green,5.3
"78 km SW of Pangai, Tonga",Tonga,Oceania,green,5.3
"4 km WSW of Sincik, Turkey",Turkey,Asia,green,5.3
Central Turkey,Turkey,Asia,green,5.3
"37 km SSW of Caliente, Nevada",United States of America,Americas,green,5.3
"5 km WSW of Volcano, Hawaii",United States of America,Americas,green,5.3
"5 km WSW of Volcano, Hawaii",United States of America,Americas,green,5.3
"64 km SE of Denali National Park, Alaska",United States of America,Americas,green,5.3
"6 km SW of Volcano, Hawaii",United States of America,Americas,green,5.3
"13 km SW of Franklin, Arizona",United States of America,Americas,green,5.3
"20 km NE of Nabesna, Alaska",United States of America,Americas,green,5.3
"6 km SW of Volcano, Hawaii",United States of America,Americas,green,5.3
"81 km SW of Kaktovik, Alaska",United States of America,Americas,green,5.3
"7 km SW of Volcano, Hawaii",United States of America,Americas,green,5.3
"115 km NNE of Arctic Village, Alaska",United States of America,Americas,green,5.3
"4 km SW of Salcha, Alaska",United States of America,Americas,green,5.3
"6 km WSW of Volcano, Hawaii",United States of America,Americas,green,5.3
"5 km SW of Volcano, Hawaii",United States of America,Americas,green,5.3
"5 km WSW of Volcano, Hawaii",United States of America,Americas,green,5.3
"6 km SW of Volcano, Hawaii",United States of America,Americas,green,5.3
"33 km SE of Mina, Nevada",United States of America,Americas,green,5.3
"6 km SW of Volcano, Hawaii",United States of America,Americas,green,5.3
"24 km SW of Boysun, Uzbekistan",Uzbekistan,Asia,green,5.3
"11 km N of Bo‘ka, Uzbekistan",Uzbekistan,Asia,green,5.3
"61 km WNW of Port-Vila, Vanuatu",Vanuatu,Oceania,green,5.3
"54 km E of Lakatoro, Vanuatu",Vanuatu,Oceania,green,5.3
"98 km NW of Port-Vila, Vanuatu",Vanuatu,Oceania,green,5.3
"43 km ENE of Port-Vila, Vanuatu",Vanuatu,Oceania,green,5.3
Vanuatu region,Vanuatu,Oceania,green,5.3
"49 km WNW of Port-Vila, Vanuatu",Vanuatu,Oceania,green,5.3
"31 km W of Port-Vila, Vanuatu",Vanuatu,Oceania,green,5.3
"103 km SSE of Sola, Vanuatu",Vanuatu,Oceania,green,5.3
"113 km ENE of Luganville, Vanuatu",Vanuatu,Oceania,green,5.3
"70 km WNW of Port-Vila, Vanuatu",Vanuatu,Oceania,green,5.3
"23 km SE of El Tocuyo, Venezuela",Venezuela,Americas,green,5.3
"19 km WSW of Ejido, Venezuela",Venezuela,Americas,green,5.3
"12 km ENE of La Fría, Venezuela",Venezuela,Americas,green,5.3
"37 km WNW of Güiria, Venezuela",Venezuela,Americas,green,5.3
"12km SW of Alberto Oviedo Mota, B.C., MX",Mexico,Americas,green,5.29
"15km SSW of Progreso, B.C., MX",Mexico,Americas,green,5.26
"65 km NE of Samaná, Dominican Republic",Dominican Republic,Americas,green,5.25
"11km W of Calipatria, CA",United States of America,Americas,green,5.25
"30km SE of Bodie, CA",United States of America,Americas,green,5.24
"27km SSW of Estacion Coahuila, B.C., MX",Mexico,Americas,green,5.22
"24 km SW of Lamont, CA",United States of America,Americas,green,5.22
"5 km S of Julian, CA",United States of America,Americas,green,5.21
"31 km SW of Ashkāsham, Afghanistan",Afghanistan,Asia,green,5.2
"41 km S of Jurm, Afghanistan",Afghanistan,Asia,green,5.2
"121 km E of Chignik, Alaska",Alaska,Americas,green,5.2
"134 km SSW of Adak, Alaska",Alaska,Americas,green,5.2
"120 km SSE of Akhiok, Alaska",Alaska,Americas,green,5.2
"226 km SE of Attu Station, Alaska",Alaska,Americas,green,5.2
"87 km SSW of Atka, Alaska",Alaska,Americas,green,5.2
"27 km ESE of Adak, Alaska",Alaska,Americas,green,5.2
"56 km E of Atka, Alaska",Alaska,Americas,green,5.2
"110 km S of Akhiok, Alaska",Alaska,Americas,green,5.2
"267 km SSE of Ushuaia, Argentina",Argentina,Americas,green,5.2
"251 km SSE of Ushuaia, Argentina",Argentina,Americas,green,5.2
"64 km E of Katanning, Australia",Australia,Oceania,green,5.2
"134 km ENE of Bathsheba, Barbados",Barbados,Americas,green,5.2
"190 km W of Tofino, Canada",Canada,Americas,green,5.2
"49 km SSW of Ovalle, Chile",Chile,Americas,green,5.2
"92 km WSW of Iquique, Chile",Chile,Americas,green,5.2
"75 km SW of Ovalle, Chile",Chile,Americas,green,5.2
"92 km SSE of Arica, Chile",Chile,Americas,green,5.2
"151 km NE of Taltal, Chile",Chile,Americas,green,5.2
"64 km WNW of Iquique, Chile",Chile,Americas,green,5.2
"15 km SW of Illapel, Chile",Chile,Americas,green,5.2
"71 km SSW of Changji, China",China,Asia,green,5.2
"227 km WNW of Qamdo, China",China,Asia,green,5.2
"74 km SSW of Laojunmiao, China",China,Asia,green,5.2
"223 km WNW of Qamdo, China",China,Asia,green,5.2
"62 km WSW of Bahía Solano, Colombia",Colombia,Americas,green,5.2
"6 km E of Aratoca, Colombia",Colombia,Americas,green,5.2
"177 km SE of Kabalo, Democratic Republic of the Congo",Democratic Republic of the Congo,Africa,green,5.2
"11 km E of Esmeraldas, Ecuador",Ecuador,Americas,green,5.2
"State of Yap, Federated States of Micronesia",Federated States of Micronesia,Oceania,green,5.2
south of the Fiji Islands,Fiji,Oceania,green,5.2
Fiji region,Fiji,Oceania,green,5.2
south of the Fiji Islands,Fiji,Oceania,green,5.2
Fiji region,Fiji,Oceania,green,5.2
"42 km NW of Fry, Greece",Greece,Europe,green,5.2
"84 km ESE of Inarajan Village, Guam",Guam,Oceania,green,5.2
"214 km SW of Merizo Village, Guam",Guam,Oceania,green,5.2
"85 km ENE of Yigo Village, Guam",Guam,Oceania,green,5.2
"90 km SW of Merizo Village, Guam",Guam,Oceania,green,5.2
"57 km W of Agat Village, Guam",Guam,Oceania,green,5.2
"181 km SW of Merizo Village, Guam",Guam,Oceania,green,5.2
"73 km W of Panguna, Papua New Guinea",Guinea,Africa,green,5.2
"58 km ESE of Kokopo, Papua New Guinea",Guinea,Africa,green,5.2
"144 km NNW of Lorengau, Papua New Guinea",Guinea,Africa,green,5.2
"108 km ENE of Lorengau, Papua New Guinea",Guinea,Africa,green,5.2
"117 km SW of Panguna, Papua New Guinea",Guinea,Africa,green,5.2
"74 km W of Panguna, Papua New Guinea",Guinea,Africa,green,5.2
"153 km SW of Panguna, Papua New Guinea",Guinea,Africa,green,5.2
"81 km WSW of Kokopo, Papua New Guinea",Guinea,Africa,green,5.2
"52 km E of Wewak, Papua New Guinea",Guinea,Africa,green,5.2
"25 km SSW of Kar?mganj, India",India,Asia,green,5.2
"86 km NE of Bamboo Flat, India",India,Asia,green,5.2
"182 km SW of Port Blair, India",India,Asia,green,5.2
"285 km SSE of Port Blair, India",India,Asia,green,5.2
"86 km SW of Banda Aceh, Indonesia",Indonesia,Asia,green,5.2
"204 km WNW of Sorong, Indonesia",Indonesia,Asia,green,5.2
"220 km NNE of Tobelo, Indonesia",Indonesia,Asia,green,5.2
"123 km ESE of Tual, Indonesia",Indonesia,Asia,green,5.2
"19 km SW of Nabire, Indonesia",Indonesia,Asia,green,5.2
"205 km SSW of Padang, Indonesia",Indonesia,Asia,green,5.2
"110 km WSW of Bandar Lampung, Indonesia",Indonesia,Asia,green,5.2
"Papua, Indonesia",Indonesia,Asia,green,5.2
"146 km ENE of Tual, Indonesia",Indonesia,Asia,green,5.2
"62 km SSW of Meulaboh, Indonesia",Indonesia,Asia,green,5.2
"175 km WSW of Sungai Penuh, Indonesia",Indonesia,Asia,green,5.2
"122 km SSW of Banjar, Indonesia",Indonesia,Asia,green,5.2
"120 km NNE of Tobelo, Indonesia",Indonesia,Asia,green,5.2
"37 km N of Waingapu, Indonesia",Indonesia,Asia,green,5.2
"168 km SW of Sungai Penuh, Indonesia",Indonesia,Asia,green,5.2
"257 km SSW of Trenggalek, Indonesia",Indonesia,Asia,green,5.2
"105 km NE of Tobelo, Indonesia",Indonesia,Asia,green,5.2
"81 km W of Banda Aceh, Indonesia",Indonesia,Asia,green,5.2
"37 km E of Laikit, Laikit II (Dimembe), Indonesia",Indonesia,Asia,green,5.2
"293 km WSW of Tual, Indonesia",Indonesia,Asia,green,5.2
"29 km NNE of Kupang, Indonesia",Indonesia,Asia,green,5.2
"11 km E of Tondano, Indonesia",Indonesia,Asia,green,5.2
"119 km S of Bambanglipuro, Indonesia",Indonesia,Asia,green,5.2
"69 km SSE of Palu, Indonesia",Indonesia,Asia,green,5.2
"157 km WNW of Tobelo, Indonesia",Indonesia,Asia,green,5.2
"192 km SW of Sibolga, Indonesia",Indonesia,Asia,green,5.2
"95 km NE of Tobelo, Indonesia",Indonesia,Asia,green,5.2
"224 km S of Bengkulu, Indonesia",Indonesia,Asia,green,5.2
"65 km SSE of Ger?sh, Iran",Iran,Asia,green,5.2
"6 km WSW of Minucciano, Italy",Italy,Europe,green,5.2
"105 km S of Koshima, Japan",Japan,Asia,green,5.2
"58 km E of Shizunai-furukawach?, Japan",Japan,Asia,green,5.2
"Volcano Islands, Japan region",Japan,Asia,green,5.2
"45 km E of Takanabe, Japan",Japan,Asia,green,5.2
"55 km ESE of Namie, Japan",Japan,Asia,green,5.2
"96 km NE of Hasaki, Japan",Japan,Asia,green,5.2
"72 km E of Nago, Japan",Japan,Asia,green,5.2
"66 km SE of Nishinoomote, Japan",Japan,Asia,green,5.2
"Volcano Islands, Japan region",Japan,Asia,green,5.2
"37 km ESE of Ōfunato, Japan",Japan,Asia,green,5.2
"8 km SE of Kadzhi-Say, Kyrgyzstan",Kyrgyzstan,Asia,green,5.2
"17 km W of Bavispe, Mexico",Mexico,Americas,green,5.2
"55 km NNE of Al Hoceïma, Morocco",Morocco,Africa,green,5.2
"36 km NE of Bharatpur, Nepal",Nepal,Asia,green,5.2
"253 km ESE of Tadine, New Caledonia",New Caledonia,Oceania,green,5.2
"80 km NE of Takaka, New Zealand",New Zealand,Oceania,green,5.2
"Kermadec Islands, New Zealand",New Zealand,Oceania,green,5.2
"Kermadec Islands, New Zealand",New Zealand,Oceania,green,5.2
"36 km SW of Blenheim, New Zealand",New Zealand,Oceania,green,5.2
"63 km N of Picton, New Zealand",New Zealand,Oceania,green,5.2
"43 km ENE of Wainui, New Zealand",New Zealand,Oceania,green,5.2
"Kermadec Islands, New Zealand",New Zealand,Oceania,green,5.2
"Kermadec Islands, New Zealand",New Zealand,Oceania,green,5.2
"19 km S of Gisborne, New Zealand",New Zealand,Oceania,green,5.2
"22 km NE of Kopuaranga, New Zealand",New Zealand,Oceania,green,5.2
"Kermadec Islands, New Zealand",New Zealand,Oceania,green,5.2
"Kermadec Islands, New Zealand",New Zealand,Oceania,green,5.2
"Maug Islands region, Northern Mariana Islands",Northern Mariana Islands,Oceania,green,5.2
"139 km ENE of Saipan, Northern Mariana Islands",Northern Mariana Islands,Oceania,green,5.2
"56 km NNE of Barkhan, Pakistan",Pakistan,Asia,green,5.2
"62 km SSW of Vanimo, Papua New Guinea",Papua New Guinea,Oceania,green,5.2
"59 km WSW of Mendi, Papua New Guinea",Papua New Guinea,Oceania,green,5.2
"New Britain region, Papua New Guinea",Papua New Guinea,Oceania,green,5.2
"73 km N of Lae, Papua New Guinea",Papua New Guinea,Oceania,green,5.2
"156 km SSW of Camaná, Peru",Peru,Americas,green,5.2
"27 km ENE of Aras-asan, Philippines",Philippines,Asia,green,5.2
"72 km ENE of Pilar, Philippines",Philippines,Asia,green,5.2
"0 km N of San Antonio, Philippines",Philippines,Asia,green,5.2
"15 km E of Mangili, Philippines",Philippines,Asia,green,5.2
"9 km NE of Guiuan, Philippines",Philippines,Asia,green,5.2
"97 km SE of Caramay, Philippines",Philippines,Asia,green,5.2
"170 km SE of Sarangani, Philippines",Philippines,Asia,green,5.2
"19 km S of Indios, Puerto Rico",Puerto Rico,Americas,green,5.2
"4 km S of Maria Antonia, Puerto Rico",Puerto Rico,Americas,green,5.2
Puerto Rico region,Puerto Rico,Americas,green,5.2
"104 km E of Shikotan, Russia",Russia,Europe,green,5.2
"98 km E of Shikotan, Russia",Russia,Europe,green,5.2
"31 km NE of Shikotan, Russia",Russia,Europe,green,5.2
"108 km S of Severo-Kuril’sk, Russia",Russia,Europe,green,5.2
"72 km WSW of Palana, Russia",Russia,Europe,green,5.2
"156 km E of Ust’-Kamchatsk Staryy, Russia",Russia,Europe,green,5.2
"62 km NW of Kurumkan, Russia",Russia,Europe,green,5.2
"near the east coast of the Kamchatka Peninsula, Russia",Russia,Europe,green,5.2
"83 km SSE of Ust’-Kamchatsk Staryy, Russia",Russia,Europe,green,5.2
"160 km SSW of Gizo, Solomon Islands",Solomon Islands,Oceania,green,5.2
"171 km SSW of Gizo, Solomon Islands",Solomon Islands,Oceania,green,5.2
"22 km E of Malango, Solomon Islands",Solomon Islands,Oceania,green,5.2
"50 km NE of Auki, Solomon Islands",Solomon Islands,Oceania,green,5.2
"80 km SSW of Hualien City, Taiwan",Taiwan,Asia,green,5.2
"27 km S of Hualien City, Taiwan",Taiwan,Asia,green,5.2
"29 km NNE of Hualien City, Taiwan",Taiwan,Asia,green,5.2
"2 km SW of Yujing, Taiwan",Taiwan,Asia,green,5.2
"50 km SE of Yilan, Taiwan",Taiwan,Asia,green,5.2
"32 km SE of Darband, Tajikistan",Tajikistan,Asia,green,5.2
"80 km ENE of Hihifo, Tonga",Tonga,Oceania,green,5.2
"136 km NNE of Neiafu, Tonga",Tonga,Oceania,green,5.2
"5 km SW of Yeşilyurt, Turkey",Turkey,Asia,green,5.2
"5 km WSW of Volcano, Hawaii",United States of America,Americas,green,5.2
"14 km E of Minto, Alaska",United States of America,Americas,green,5.2
"31 km SSE of Pope-Vannoy Landing, Alaska",United States of America,Americas,green,5.2
"32 km WNW of Nikiski, Alaska",United States of America,Americas,green,5.2
"61 km S of Shungnak, Alaska",United States of America,Americas,green,5.2
"72 km S of Cantwell, Alaska",United States of America,Americas,green,5.2
"87 km ESE of King Salmon, Alaska",United States of America,Americas,green,5.2
"28 km NW of Susitna, Alaska",United States of America,Americas,green,5.2
"7 km NNE of Bellmont, Illinois",United States of America,Americas,green,5.2
"12 km SSE of Volcano, Hawaii",United States of America,Americas,green,5.2
"Range Hill, Texas",United States of America,Americas,green,5.2
"2 km ESE of Claremont, Illinois",United States of America,Americas,green,5.2
"63 km SW of Covenant Life, Alaska",United States of America,Americas,green,5.2
"10km ESE of Anza, CA",United States of America,Americas,green,5.2
"64 km S of Shungnak, Alaska",United States of America,Americas,green,5.2
"64 km SE of Denali National Park, Alaska",United States of America,Americas,green,5.2
"45 km WNW of Port-Olry, Vanuatu",Vanuatu,Oceania,green,5.2
"103 km NE of Norsup, Vanuatu",Vanuatu,Oceania,green,5.2
"44 km ENE of Luganville, Vanuatu",Vanuatu,Oceania,green,5.2
"61 km NW of Port-Olry, Vanuatu",Vanuatu,Oceania,green,5.2
"64 km N of Coro, Venezuela",Venezuela,Americas,green,5.2
"20km NNW of Borrego Springs, CA",United States of America,Americas,green,5.19
"18km NE of Olancha, CA",United States of America,Americas,green,5.19
"7km ESE of Coso Junction, CA",United States of America,Americas,green,5.17
"4km NW of Canyondam, CA",United States of America,Americas,green,5.16
Afghanistan-Tajikistan border region,Afghanistan,Asia,green,5.1
"200 km SE of Chignik, Alaska",Alaska,Americas,green,5.1
"25 km NNE of Attu Station, Alaska",Alaska,Americas,green,5.1
"108 km SSE of Akhiok, Alaska",Alaska,Americas,green,5.1
"121 km SE of Chignik, Alaska",Alaska,Americas,green,5.1
"115 km SE of Perryville, Alaska",Alaska,Americas,green,5.1
"177 km WSW of Adak, Alaska",Alaska,Americas,green,5.1
"87 km WNW of Elfin Cove, Alaska",Alaska,Americas,green,5.1
"125 km SE of Perryville, Alaska",Alaska,Americas,green,5.1
"122 km SE of Perryville, Alaska",Alaska,Americas,green,5.1
"263 km W of Adak, Alaska",Alaska,Americas,green,5.1
"33 km WSW of Tennant Creek, Australia",Australia,Oceania,green,5.1
"145 km ESE of McCarthy, Alaska",Canada,Americas,green,5.1
"144 km ESE of McCarthy, Alaska",Canada,Americas,green,5.1
"39 km WSW of Santa Cruz, Chile",Chile,Americas,green,5.1
"79 km W of Coquimbo, Chile",Chile,Americas,green,5.1
"30 km ESE of Paine, Chile",Chile,Americas,green,5.1
"80 km NNW of Vallenar, Chile",Chile,Americas,green,5.1
"57 km W of Iquique, Chile",Chile,Americas,green,5.1
"121 km WNW of Aykol, China",China,Asia,green,5.1
"113 km NE of Kashgar, China",China,Asia,green,5.1
"124 km ENE of Kuqa, China",China,Asia,green,5.1
western Xizang,China,Asia,green,5.1
"44 km SSW of Zhangye, China",China,Asia,green,5.1
"150 km SSW of Laojunmiao, China",China,Asia,green,5.1
"64 km NNE of Jiangyou, China",China,Asia,green,5.1
"156 km NE of Thang, India",China,Asia,green,5.1
"292 km SSW of Laojunmiao, China",China,Asia,green,5.1
Kyrgyzstan-Xinjiang border region,China,Asia,green,5.1
"20 km WSW of Cayambe, Ecuador",Ecuador,Americas,green,5.1
"47 km SW of La Libertad, El Salvador",El Salvador,Americas,green,5.1
"263 km E of Levuka, Fiji",Fiji,Oceania,green,5.1
"33 km WSW of Lithakiá, Greece",Greece,Europe,green,5.1
"New Britain region, Papua New Guinea",Guinea,Africa,green,5.1
"162 km ESE of Kandrian, Papua New Guinea",Guinea,Africa,green,5.1
"128 km SSE of Lorengau, Papua New Guinea",Guinea,Africa,green,5.1
"71 km NW of Rabaul, Papua New Guinea",Guinea,Africa,green,5.1
"36 km NW of P?palkoti, India",India,Asia,green,5.1
"9 km N of Bhach?u, India",India,Asia,green,5.1
"31 km S of Padam, India",India,Asia,green,5.1
"18 km N of B?sugaon, India",India,Asia,green,5.1
"155 km WSW of Teluk Dalam, Indonesia",Indonesia,Asia,green,5.1
"167 km SSW of Padang, Indonesia",Indonesia,Asia,green,5.1
"99 km SSW of Pagar Alam, Indonesia",Indonesia,Asia,green,5.1
"108 km SSW of Pagar Alam, Indonesia",Indonesia,Asia,green,5.1
"86 km ESE of Teluk Dalam, Indonesia",Indonesia,Asia,green,5.1
"236 km W of Abepura, Indonesia",Indonesia,Asia,green,5.1
"169 km N of Sanana, Indonesia",Indonesia,Asia,green,5.1
"86 km W of Banda Aceh, Indonesia",Indonesia,Asia,green,5.1
"135 km S of Abepura, Indonesia",Indonesia,Asia,green,5.1
"125 km W of Waingapu, Indonesia",Indonesia,Asia,green,5.1
"192 km WSW of Bandar Lampung, Indonesia",Indonesia,Asia,green,5.1
"170 km S of Tomohon, Indonesia",Indonesia,Asia,green,5.1
"183 km SE of Sarangani, Philippines",Indonesia,Asia,green,5.1
"208 km SW of Tual, Indonesia",Indonesia,Asia,green,5.1
"86 km ESE of D?r?b, Iran",Iran,Asia,green,5.1
"55 km NNW of Bandar Abbas, Iran",Iran,Asia,green,5.1
"51 km W of Bandar Abbas, Iran",Iran,Asia,green,5.1
"30 km E of Qarnābād, Iran",Iran,Asia,green,5.1
"60 km NNW of Fannūj, Iran",Iran,Asia,green,5.1
"58 km NNE of Nanao, Japan",Japan,Asia,green,5.1
"175 km W of Kamiiso, Japan",Japan,Asia,green,5.1
"51 km N of Wakkanai, Japan",Japan,Asia,green,5.1
"92 km ESE of Kitaibaraki, Japan",Japan,Asia,green,5.1
"42 km ESE of Namie, Japan",Japan,Asia,green,5.1
"50 km E of Namie, Japan",Japan,Asia,green,5.1
"25 km SSE of Zaysan, Kazakhstan",Kazakhstan,Asia,green,5.1
"8km W of Delta, B.C., MX",Mexico,Americas,green,5.1
"7km WSW of Delta, B.C., MX",Mexico,Americas,green,5.1
"57 km ESE of Myaydo, Myanmar",Myanmar,Asia,green,5.1
"42 km WNW of Kirtipur, Nepal",Nepal,Asia,green,5.1
"128 km NE of Maketu, New Zealand",New Zealand,Oceania,green,5.1
"38 km SE of Wairoa, New Zealand",New Zealand,Oceania,green,5.1
"27 km W of Karori, New Zealand",New Zealand,Oceania,green,5.1
"49 km NW of Paraparaumu, New Zealand",New Zealand,Oceania,green,5.1
"16 km E of Rotorua, New Zealand",New Zealand,Oceania,green,5.1
"15 km ENE of Maketu, New Zealand",New Zealand,Oceania,green,5.1
"Kermadec Islands, New Zealand",New Zealand,Oceania,green,5.1
"49 km NNE of Whakatane, New Zealand",New Zealand,Oceania,green,5.1
"29 km N of Opotiki, New Zealand",New Zealand,Oceania,green,5.1
"88 km SSW of Opunake, New Zealand",New Zealand,Oceania,green,5.1
"27 km SE of Blenheim, New Zealand",New Zealand,Oceania,green,5.1
"99 km E of Tairua, New Zealand",New Zealand,Oceania,green,5.1
"25 km ESE of Dannevirke, New Zealand",New Zealand,Oceania,green,5.1
"101 km SSE of San Jose Village, Northern Mariana Islands",Northern Mariana Islands,Oceania,green,5.1
"35 km W of Karor, Pakistan",Pakistan,Asia,green,5.1
"96 km NNW of Lae, Papua New Guinea",Papua New Guinea,Oceania,green,5.1
"56 km E of Aras-asan, Philippines",Philippines,Asia,green,5.1
"3 km W of Aguas Buenas, Puerto Rico",Puerto Rico,Americas,green,5.1
"242 km SE of Ust’-Kamchatsk Staryy, Russia",Russia,Europe,green,5.1
"222 km SE of Severo-Kuril’sk, Russia",Russia,Europe,green,5.1
"120 km SSE of Kuril’sk, Russia",Russia,Europe,green,5.1
"228 km ESE of Mil’kovo, Russia",Russia,Europe,green,5.1
"172 km ESE of Petropavlovsk-Kamchatsky, Russia",Russia,Europe,green,5.1
"111 km SE of Kuril’sk, Russia",Russia,Europe,green,5.1
"58 km SSW of Shikotan, Russia",Russia,Europe,green,5.1
"51 km WNW of Kirakira, Solomon Islands",Solomon Islands,Oceania,green,5.1
"13 km SSE of Hualien City, Taiwan",Taiwan,Asia,green,5.1
"14 km SSE of Hualien City, Taiwan",Taiwan,Asia,green,5.1
"12 km ENE of Yujing, Taiwan",Taiwan,Asia,green,5.1
"136 km SE of Neiafu, Tonga",Tonga,Oceania,green,5.1
"184 km ENE of Neiafu, Tonga",Tonga,Oceania,green,5.1
"161 km SE of Pangai, Tonga",Tonga,Oceania,green,5.1
"10 km N of Ayvac?k, Turkey",Turkey,Asia,green,5.1
"25 km S of Mina, Nevada",United States of America,Americas,green,5.1
"18 km SE of Waynoka, Oklahoma",United States of America,Americas,green,5.1
"2 km E of Big Lake, Alaska",United States of America,Americas,green,5.1
"39 km N of Dyer, Nevada",United States of America,Americas,green,5.1
"66 km SSW of Kaktovik, Alaska",United States of America,Americas,green,5.1
"17 km NNE of Hermleigh, Texas",United States of America,Americas,green,5.1
"29 km NNE of Petersville, Alaska",United States of America,Americas,green,5.1
"77 km SSW of Kaktovik, Alaska",United States of America,Americas,green,5.1
"61 km WNW of Tanana, Alaska",United States of America,Americas,green,5.1
"24 km ENE of Tanana, Alaska",United States of America,Americas,green,5.1
"0 km SW of Point MacKenzie, Alaska",United States of America,Americas,green,5.1
"34 km W of Skwentna, Alaska",United States of America,Americas,green,5.1
"32 km ESE of Mina, Nevada",United States of America,Americas,green,5.1
"54 km NNE of Petersville, Alaska",United States of America,Americas,green,5.1
"2024 North of Tarzan, Texas Earthquake",United States of America,Americas,green,5.1
"31 km SE of Mina, Nevada",United States of America,Americas,green,5.1
"144 km SSW of Lakatoro, Vanuatu",Vanuatu,Oceania,green,5.1
"53 km NNE of Kon Tum, Vietnam",Vietnam,Asia,green,5.1
"17km SSW of Estacion Coahuila, B.C., MX",Mexico,Americas,green,5.09
"20 km NNE of Upper Lake, California",United States of America,Americas,green,5.09
"7km WNW of Delta, B.C., MX",Mexico,Americas,green,5.08
"7 km SE of Ojai, CA",United States of America,Americas,green,5.08
"13km WNW of Calipatria, CA",United States of America,Americas,green,5.08
"20 km NNE of Shawville, Canada",Canada,Americas,green,5.06
"15 km SSE of Fern Forest, Hawaii",United States of America,Americas,green,5.06
"15km ESE of Alum Rock, CA",United States of America,Americas,green,5.06
"13 km SSE of Volcano, Hawaii",United States of America,Americas,green,5.06
"26km WNW of Ludlow, CA",United States of America,Americas,green,5.06
"8 km NW of Prague, Oklahoma",United States of America,Americas,green,5.06
"25km SSW of Bodfish, California",United States of America,Americas,green,5.03
"32km SE of Markleeville, CA",United States of America,Americas,green,5.03
"16km ESE of Anza, CA",United States of America,Americas,green,5.02
"14km NW of Delta, B.C., MX",Mexico,Americas,green,5.01
"10 km W of Cobb, California",United States of America,Americas,green,5.01
"127 km SE of Perryville, Alaska",Alaska,Americas,green,5.0
"57 km E of Atka, Alaska",Alaska,Americas,green,5.0
"134 km SSE of Perryville, Alaska",Alaska,Americas,green,5.0
"96 km SE of Ugashik, Alaska",Alaska,Americas,green,5.0
"142 km SE of Chignik, Alaska",Alaska,Americas,green,5.0
"87 km ENE of Ouzinkie, Alaska",Alaska,Americas,green,5.0
"34 km SSE of Perryville, Alaska",Alaska,Americas,green,5.0
"3 km NNE of Sidi Mérouane, Algeria",Algeria,Africa,green,5.0
"207 km W of Cable Beach, Australia",Australia,Oceania,green,5.0
"64 km WSW of Covenant Life, Alaska",Canada,Americas,green,5.0
"216 km SW of Port McNeill, Canada",Canada,Americas,green,5.0
"92 km NNW of Yakutat, Alaska",Canada,Americas,green,5.0
"45 km WNW of Iquique, Chile",Chile,Americas,green,5.0
"7 km SSW of San Antonio, Chile",Chile,Americas,green,5.0
"Southern Qinghai, China",China,Asia,green,5.0
"northern Qinghai, China",China,Asia,green,5.0
"26 km NNW of Corralillo, Cuba",Cuba,Americas,green,5.0
"237 km E of Levuka, Fiji",Fiji,Oceania,green,5.0
Guam region,Guam,Oceania,green,5.0
"159 km S of Kokopo, Papua New Guinea",Guinea,Africa,green,5.0
"176 km NE of Lorengau, Papua New Guinea",Guinea,Africa,green,5.0
"214 km SE of Port Blair, India",India,Asia,green,5.0
"81 km ESE of Gorontalo, Indonesia",Indonesia,Asia,green,5.0
"155 km WSW of Bengkulu, Indonesia",Indonesia,Asia,green,5.0
"170 km W of Abepura, Indonesia",Indonesia,Asia,green,5.0
"181 km WNW of Tobelo, Indonesia",Indonesia,Asia,green,5.0
"76 km W of Banda Aceh, Indonesia",Indonesia,Asia,green,5.0
"146 km SSW of Padangsidempuan, Indonesia",Indonesia,Asia,green,5.0
"185 km SSW of Padang, Indonesia",Indonesia,Asia,green,5.0
"57 km NNW of Bandar Abbas, Iran",Iran,Asia,green,5.0
"74 km NNE of Mohr, Iran",Iran,Asia,green,5.0
"12 km WSW of Sarpol-e Z?ah?b, Iran",Iran,Asia,green,5.0
"33 km NE of Bandar Abbas, Iran",Iran,Asia,green,5.0
"4 km ESE of Koga, Japan",Japan,Asia,green,5.0
"Bonin Islands, Japan region",Japan,Asia,green,5.0
"100 km ESE of Nago, Japan",Japan,Asia,green,5.0
"Gilbert Islands, Kiribati region",Kiribati,Oceania,green,5.0
"197 km SSW of Altai, Mongolia",Mongolia,Asia,green,5.0
"20 km ENE of Dipayal, Nepal",Nepal,Asia,green,5.0
"11 km SSW of Kodāri̇̄, Nepal",Nepal,Asia,green,5.0
"6 km WSW of Turangi, New Zealand",New Zealand,Oceania,green,5.0
"7 km N of Maketu, New Zealand",New Zealand,Oceania,green,5.0
"110 km ENE of Opotiki, New Zealand",New Zealand,Oceania,green,5.0
off the east coast of the North Island of New Zealand,New Zealand,Oceania,green,5.0
"11 km S of Tokoroa, New Zealand",New Zealand,Oceania,green,5.0
North Island of New Zealand,New Zealand,Oceania,green,5.0
"56 km NNW of Te Anau, New Zealand",New Zealand,Oceania,green,5.0
"Kermadec Islands, New Zealand",New Zealand,Oceania,green,5.0
"44 km E of Opotiki, New Zealand",New Zealand,Oceania,green,5.0
"115 km E of Tairua, New Zealand",New Zealand,Oceania,green,5.0
"72 km NE of Takaka, New Zealand",New Zealand,Oceania,green,5.0
"41 km ENE of Waiouru, New Zealand",New Zealand,Oceania,green,5.0
"13 km NNE of Turangi, New Zealand",New Zealand,Oceania,green,5.0
"111 km SE of Popondetta, Papua New Guinea",Papua New Guinea,Oceania,green,5.0
"10 km SSW of Maca, Peru",Peru,Americas,green,5.0
"2 km WNW of Bacolod, Philippines",Philippines,Asia,green,5.0
"158 km NW of Santa Cruz da Graciosa, Portugal",Portugal,Europe,green,5.0
"56 km W of Sines, Portugal",Portugal,Europe,green,5.0
"10 km SSE of Guánica, Puerto Rico",Puerto Rico,Americas,green,5.0
"15 km SSE of Guánica, Puerto Rico",Puerto Rico,Americas,green,5.0
"7 km SE of Tallaboa, Puerto Rico",Puerto Rico,Americas,green,5.0
"14 km S of Tallaboa, Puerto Rico",Puerto Rico,Americas,green,5.0
"1 km N of Indios, Puerto Rico",Puerto Rico,Americas,green,5.0
"99 km SE of Severo-Kuril’sk, Russia",Russia,Europe,green,5.0
Samoa Islands region,Samoa,Oceania,green,5.0
"83 km SE of Lata, Solomon Islands",Solomon Islands,Oceania,green,5.0
"28 km S of Hualien City, Taiwan",Taiwan,Asia,green,5.0
"100 km NNE of Hihifo, Tonga",Tonga,Oceania,green,5.0
"24 km E of Ula, Turkey",Turkey,Asia,green,5.0
"18km NE of Olancha, CA",United States of America,Americas,green,5.0
"67 km SE of Denali National Park, Alaska",United States of America,Americas,green,5.0
"8 km SW of Point MacKenzie, Alaska",United States of America,Americas,green,5.0
"41 km W of Mentone, Texas",United States of America,Americas,green,5.0
"7 km SSE of Point MacKenzie, Alaska",United States of America,Americas,green,5.0
"23 km ENE of Noatak, Alaska",United States of America,Americas,green,5.0
"54 km N of Petersville, Alaska",United States of America,Americas,green,5.0
"77 km SW of Kaktovik, Alaska",United States of America,Americas,green,5.0
"80 km SSW of Kaktovik, Alaska",United States of America,Americas,green,5.0
"4 km SSE of Big Lake, Alaska",United States of America,Americas,green,5.0
"9 km E of Challis, Idaho",United States of America,Americas,green,5.0
"98 km NE of Ambler, Alaska",United States of America,Americas,green,5.0
"41 km W of Petersville, Alaska",United States of America,Americas,green,5.0
"67 km S of Shungnak, Alaska",United States of America,Americas,green,5.0
"3 km W of Cushing, Oklahoma",United States of America,Americas,green,5.0
Southern Alaska,United States of America,Americas,green,5.0
"27 km NNE of Skwentna, Alaska",United States of America,Americas,green,5.0
"23 km NE of Noatak, Alaska",United States of America,Americas,green,5.0
"14 km E of Minto, Alaska",United States of America,Americas,green,5.0
"15 km S of Lincoln, Montana",United States of America,Americas,green,5.0
northern Alaska,United States of America,Americas,green,5.0
"2 km SW of Sharpsburg, Kentucky",United States of America,Americas,green,5.0
"6 km SW of Volcano, Hawaii",United States of America,Americas,green,5.0
"63 km N of Petersville, Alaska",United States of America,Americas,green,5.0
"Southwest of Blytheville, Arkansas",United States of America,Americas,green,5.0
"9 km NNW of Georgetown, Idaho",United States of America,Americas,green,5.0
"38 km ESE of Mina, Nevada",United States of America,Americas,green,5.0
"29 km SSE of Mina, Nevada",United States of America,Americas,green,5.0
"52 km SSW of Ugashik, Alaska",United States of America,Americas,green,5.0
"26 km NW of Isangel, Vanuatu",Vanuatu,Oceania,green,5.0
"74km SSW of Alberto Oviedo Mota, B.C., MX",Mexico,Americas,green,4.99
"6km N of Big Bear City, CA",United States of America,Americas,green,4.99
"28km NW of Ludlow, California",United States of America,Americas,green,4.99
"12 km NE of Burney, CA",United States of America,Americas,green,4.99
"13km WSW of Delta, B.C., MX",Mexico,Americas,green,4.98
"25km S of Ludlow, CA",United States of America,Americas,green,4.98
"27km NW of Ludlow, California",United States of America,Americas,green,4.98
"13km SSE of Puebla, B.C., MX",Mexico,Americas,green,4.97
"14km WSW of Searles Valley, CA",United States of America,Americas,green,4.97
"20km S of Alberto Oviedo Mota, B.C., MX",Mexico,Americas,green,4.96
"20km ESE of Ocotillo, CA",United States of America,Americas,green,4.96
"50 km WNW of Samoa, California",Samoa,Oceania,green,4.94
"5km NNE of Brawley, CA",United States of America,Americas,green,4.93
"4km NE of Westmorland, CA",United States of America,Americas,green,4.93
"19km ESE of Ocotillo, CA",United States of America,Americas,green,4.93
"7km ESE of Coso Junction, CA",United States of America,Americas,green,4.93
"18 km SW of Laup?hoehoe, Hawaii",United States of America,Americas,green,4.93
"7km WNW of Rio Dell, CA",United States of America,Americas,green,4.92
"69 km SSW of Hooper Bay, Alaska",Alaska,Americas,green,4.9
"33 km NNW of Aleneva, Alaska",Alaska,Americas,green,4.9
"56 km SSW of Nanwalek, Alaska",Alaska,Americas,green,4.9
"68 km SW of Akhiok, Alaska",Alaska,Americas,green,4.9
"130 km SE of Perryville, Alaska",Alaska,Americas,green,4.9
"43 km WNW of Happy Valley, Alaska",Alaska,Americas,green,4.9
"11 km NNE of Larsen Bay, Alaska",Alaska,Americas,green,4.9
"136 km SSE of Cordova, Alaska",Alaska,Americas,green,4.9
"36 km SSW of Cordova, Alaska",Alaska,Americas,green,4.9
"121 km E of Chignik, Alaska",Alaska,Americas,green,4.9
"43 km SSE of Perryville, Alaska",Alaska,Americas,green,4.9
"96 km W of Villa General Roca, Argentina",Argentina,Americas,green,4.9
"286 km NE of Dawson City, Canada",Canada,Americas,green,4.9
"273 km ENE of Dawson City, Canada",Canada,Americas,green,4.9
"76 km ENE of Baiyin, China",China,Asia,green,4.9
"272 km E of Levuka, Fiji",Fiji,Oceania,green,4.9
"100 km SSE of Ierápetra, Greece",Greece,Europe,green,4.9
"28 km S of Goālpāra, India",India,Asia,green,4.9
"64 km NE of Bomdila, India",India,Asia,green,4.9
"53 km SSW of Dampit, Indonesia",Indonesia,Asia,green,4.9
"142 km NNW of Ambon, Indonesia",Indonesia,Asia,green,4.9
"84 km SSE of Bengkulu, Indonesia",Indonesia,Asia,green,4.9
"129 km NW of Kiunga, Papua New Guinea",Indonesia,Asia,green,4.9
"7 km NW of ?hara, Japan",Japan,Asia,green,4.9
"52 km NNE of Nanao, Japan",Japan,Asia,green,4.9
"78 km SSE of Shimoda, Japan",Japan,Asia,green,4.9
"29 km ENE of Karakenja, Tajikistan",Kyrgyzstan,Asia,green,4.9
"9 km SSW of San Miguel Totolapan, Mexico",Mexico,Americas,green,4.9
"17km WNW of Progreso, B.C., MX",Mexico,Americas,green,4.9
"28 km W of Foxton, New Zealand",New Zealand,Oceania,green,4.9
"79 km NNW of Te Anau, New Zealand",New Zealand,Oceania,green,4.9
"106 km SE of Blenheim, New Zealand",New Zealand,Oceania,green,4.9
"163 km ENE of Gisborne, New Zealand",New Zealand,Oceania,green,4.9
"31 km S of Hastings, New Zealand",New Zealand,Oceania,green,4.9
"58 km NE of Wainui, New Zealand",New Zealand,Oceania,green,4.9
"40 km SSW of Hastings, New Zealand",New Zealand,Oceania,green,4.9
"151 km NE of Gisborne, New Zealand",New Zealand,Oceania,green,4.9
"161 km ENE of Gisborne, New Zealand",New Zealand,Oceania,green,4.9
"40 km SSE of Gisborne, New Zealand",New Zealand,Oceania,green,4.9
"10 km E of Tokoroa, New Zealand",New Zealand,Oceania,green,4.9
"32 km NW of Waikawa, New Zealand",New Zealand,Oceania,green,4.9
"27 km NNE of Opotiki, New Zealand",New Zealand,Oceania,green,4.9
"9 km WNW of Kawerau, New Zealand",New Zealand,Oceania,green,4.9
"21 km NNE of Taupo, New Zealand",New Zealand,Oceania,green,4.9
"51 km NNW of Jerusalem, New Zealand",New Zealand,Oceania,green,4.9
"75 km W of Te Anau, New Zealand",New Zealand,Oceania,green,4.9
"6 km N of Ayaviri, Peru",Peru,Americas,green,4.9
"48 km ENE of Hinatuan, Philippines",Philippines,Asia,green,4.9
"2 km S of Maria Antonia, Puerto Rico",Puerto Rico,Americas,green,4.9
"5 km SE of La Parguera, Puerto Rico",Puerto Rico,Americas,green,4.9
Puerto Rico region,Puerto Rico,Americas,green,4.9
"151 km SE of Kuril’sk, Russia",Russia,Europe,green,4.9
"214 km SSE of Ola, Russia",Russia,Europe,green,4.9
"51 km SSE of Shikotan, Russia",Russia,Europe,green,4.9
"92 km ENE of Georgetown, Saint Helena",Saint Helena,Africa,green,4.9
"23 km NE of Hualien City, Taiwan",Taiwan,Asia,green,4.9
"13 km NE of Gölba??, Turkey",Turkey,Asia,green,4.9
"17 km NNE of Hermleigh, Texas",United States of America,Americas,green,4.9
"4 km ENE of Milan, Kansas",United States of America,Americas,green,4.9
"10 km W of Point MacKenzie, Alaska",United States of America,Americas,green,4.9
"26 km S of Mina, Nevada",United States of America,Americas,green,4.9
"6 km SW of Volcano, Hawaii",United States of America,Americas,green,4.9
"55 km E of Pedro Bay, Alaska",United States of America,Americas,green,4.9
"28 km SSE of Mina, Nevada",United States of America,Americas,green,4.9
"6 km SW of Volcano, Hawaii",United States of America,Americas,green,4.9
"24 km S of Mina, Nevada",United States of America,Americas,green,4.9
"72 km SSW of Kaktovik, Alaska",United States of America,Americas,green,4.9
"25 km ENE of Noatak, Alaska",United States of America,Americas,green,4.9
"16 km S of Susitna North, Alaska",United States of America,Americas,green,4.9
"9 km NW of Harding-Birch Lakes, Alaska",United States of America,Americas,green,4.9
"8 km SE of Seldovia Village, Alaska",United States of America,Americas,green,4.9
"10 km N of Smiths Ferry, Idaho",United States of America,Americas,green,4.9
"14 km E of Minto, Alaska",United States of America,Americas,green,4.9
"13 km NW of Ferry, Alaska",United States of America,Americas,green,4.9
"8km ENE of Ridgecrest, CA",United States of America,Americas,green,4.9
"34 km SE of Mina, Nevada",United States of America,Americas,green,4.9
"78 km SW of Kaktovik, Alaska",United States of America,Americas,green,4.9
"79 km E of Ugashik, Alaska",United States of America,Americas,green,4.9
"55 km S of Whites City, New Mexico",United States of America,Americas,green,4.9
"87km ESE of Maneadero, B.C., MX",Mexico,Americas,green,4.89
"21km S of Estacion Coahuila, B.C., MX",Mexico,Americas,green,4.89
"17km ESE of Little Lake, CA",United States of America,Americas,green,4.89
"5km NW of Brawley, CA",United States of America,Americas,green,4.89
"5km SW of Alberto Oviedo Mota, B.C., MX",Mexico,Americas,green,4.87
"17km ESE of Anza, CA",United States of America,Americas,green,4.87
"22 km ENE of Barstow, CA",United States of America,Americas,green,4.87
"1km NNW of Canyondam, CA",United States of America,Americas,green,4.86
"16km ESE of Little Lake, CA",United States of America,Americas,green,4.85
"17km NE of Olancha, CA",United States of America,Americas,green,4.85
"12 km SSW of Volcano, Hawaii",United States of America,Americas,green,4.85
"20km WNW of Searles Valley, CA",United States of America,Americas,green,4.84
"13km NW of Delta, B.C., MX",Mexico,Americas,green,4.83
"22 km S of Mammoth, Wyoming",United States of America,Americas,green,4.83
"20 km E of Petrolia, CA",United States of America,Americas,green,4.83
"8km WSW of Alberto Oviedo Mota, B.C., MX",Mexico,Americas,green,4.82
"19km SSE of Blue Lake, CA",United States of America,Americas,green,4.81
"3 km NNW of El Centro, CA",United States of America,Americas,green,4.81
"6 km SW of Nanwalek, Alaska",Alaska,Americas,green,4.8
"Kenai Peninsula, Alaska",Alaska,Americas,green,4.8
"135 km SE of Perryville, Alaska",Alaska,Americas,green,4.8
"150 km SSE of Chignik, Alaska",Alaska,Americas,green,4.8
"137 km ESE of Chignik, Alaska",Alaska,Americas,green,4.8
"110 km WNW of Yakutat, Alaska",Alaska,Americas,green,4.8
"14 km WNW of Point Possession, Alaska",Alaska,Americas,green,4.8
Southeastern Alaska,Alaska,Americas,green,4.8
"113 km SSE of Chignik, Alaska",Alaska,Americas,green,4.8
"138 km WSW of Adak, Alaska",Alaska,Americas,green,4.8
"25 km N of Larsen Bay, Alaska",Alaska,Americas,green,4.8
"74 km WSW of Nanwalek, Alaska",Alaska,Americas,green,4.8
"28 km W of Squamish, Canada",Canada,Americas,green,4.8
"7 km E of Tona, Colombia",Colombia,Americas,green,4.8
"8 km W of Petrinja, Croatia",Croatia,Europe,green,4.8
"1 km SSE of Aianí, Greece",Greece,Europe,green,4.8
"210 km NNE of Tual, Indonesia",Indonesia,Asia,green,4.8
"40 km SSE of Tarakan, Indonesia",Indonesia,Asia,green,4.8
"47 km SSE of Bor?zj?n, Iran",Iran,Asia,green,4.8
"28 km SE of ?bd?n?n, Iran",Iran,Asia,green,4.8
"10 km WSW of Sagaing, Myanmar",Myanmar,Asia,green,4.8
"Kermadec Islands, New Zealand",New Zealand,Oceania,green,4.8
"Kermadec Islands, New Zealand",New Zealand,Oceania,green,4.8
"247 km NE of Saipan, Northern Mariana Islands",Northern Mariana Islands,Oceania,green,4.8
"5 km SW of Guánica, Puerto Rico",Puerto Rico,Americas,green,4.8
"6 km SE of Maria Antonia, Puerto Rico",Puerto Rico,Americas,green,4.8
"2 km SSE of Magas Arriba, Puerto Rico",Puerto Rico,Americas,green,4.8
"3 km E of Indios, Puerto Rico",Puerto Rico,Americas,green,4.8
"206 km ENE of Neiafu, Tonga",Tonga,Oceania,green,4.8
"44 km NNE of Brevig Mission, Alaska",United States of America,Americas,green,4.8
"1 km NW of Point MacKenzie, Alaska",United States of America,Americas,green,4.8
"11 km NW of Harding-Birch Lakes, Alaska",United States of America,Americas,green,4.8
"93 km E of King Salmon, Alaska",United States of America,Americas,green,4.8
Southern Alaska,United States of America,Americas,green,4.8
"64 km S of Shungnak, Alaska",United States of America,Americas,green,4.8
"2024 Tewksbury, New Jersey Earthquake",United States of America,Americas,green,4.8
"68 km E of Port Alsworth, Alaska",United States of America,Americas,green,4.8
"6 km SW of Volcano, Hawaii",United States of America,Americas,green,4.8
"36 km SE of Mina, Nevada",United States of America,Americas,green,4.8
"55 km NNE of Petersville, Alaska",United States of America,Americas,green,4.8
"34 km SE of Mina, Nevada",United States of America,Americas,green,4.8
"8 km SE of Sparks, Oklahoma",United States of America,Americas,green,4.8
"69 km WNW of Happy Valley, Alaska",United States of America,Americas,green,4.8
"51 km NE of Valmy, Nevada",United States of America,Americas,green,4.8
"34 km S of Ugashik, Alaska",United States of America,Americas,green,4.8
"65 km S of Shungnak, Alaska",United States of America,Americas,green,4.8
"29 km SSE of Mina, Nevada",United States of America,Americas,green,4.8
"21 km WNW of Stanley, Idaho",United States of America,Americas,green,4.8
"11 km E of Ocotillo, CA",United States of America,Americas,green,4.8
"51 km WNW of Beatty, Nevada",United States of America,Americas,green,4.8
"2 km SSE of Point MacKenzie, Alaska",United States of America,Americas,green,4.8
"35 km ENE of Skwentna, Alaska",United States of America,Americas,green,4.8
"4 km SE of Chaffee, Missouri",United States of America,Americas,green,4.8
"108 km SSW of Kaktovik, Alaska",United States of America,Americas,green,4.8
"4 km ENE of Bondurant, Wyoming",United States of America,Americas,green,4.8
"7km SE of Ridgecrest, CA",United States of America,Americas,green,4.8
"26 km SW of Ackerly, Texas",United States of America,Americas,green,4.8
"20 km W of Fort Washakie, Wyoming",United States of America,Americas,green,4.8
"63 km N of Petersville, Alaska",United States of America,Americas,green,4.8
"15 km NNW of Challis, Idaho",United States of America,Americas,green,4.8
"82 km SSW of Kaktovik, Alaska",United States of America,Americas,green,4.8
"9 km SSW of Point MacKenzie, Alaska",United States of America,Americas,green,4.8
"64 km WNW of Tanana, Alaska",United States of America,Americas,green,4.8
"166 km SW of Port-Vila, Vanuatu",Vanuatu,Oceania,green,4.8
"12 km SE of North Saanich, Canada",Canada,Americas,green,4.79
"16km W of Alberto Oviedo Mota, B.C., MX",Mexico,Americas,green,4.79
"11km NW of Delta, B.C., MX",Mexico,Americas,green,4.78
"4km NE of Yorba Linda, CA",United States of America,Americas,green,4.78
"14km ESE of Puebla, B.C., MX",Mexico,Americas,green,4.77
"32km SSW of Ludlow, CA",United States of America,Americas,green,4.77
"4km S of Bombay Beach, CA",United States of America,Americas,green,4.77
"13km NW of Ludlow, CA",United States of America,Americas,green,4.77
"8 km S of Wilkerson, California",United States of America,Americas,green,4.77
"26km NNW of Twentynine Palms, CA",United States of America,Americas,green,4.76
"21km SSW of Estacion Coahuila, B.C., MX",Mexico,Americas,green,4.75
"7km NW of Delta, B.C., MX",Mexico,Americas,green,4.75
"5 km SW of Pāhala, Hawaii",United States of America,Americas,green,4.75
"8km ESE of Deep Springs, CA",United States of America,Americas,green,4.75
"17km W of Ludlow, CA",United States of America,Americas,green,4.74
"18km NE of Olancha, CA",United States of America,Americas,green,4.74
"15 km S of Fern Forest, Hawaii",United States of America,Americas,green,4.74
"11km S of Estacion Coahuila, B.C., MX",Mexico,Americas,green,4.73
"14km SSE of Alberto Oviedo Mota, B.C., MX",Mexico,Americas,green,4.73
"13km NE of Trabuco Canyon, CA",United States of America,Americas,green,4.73
"20km NE of Olancha, CA",United States of America,Americas,green,4.73
"21km ESE of Ocotillo, CA",United States of America,Americas,green,4.73
"36km WSW of Stovepipe Wells, CA",United States of America,Americas,green,4.72
"5 km E of Stovepipe Wells, CA",United States of America,Americas,green,4.72
"11km SW of Alberto Oviedo Mota, B.C., MX",Mexico,Americas,green,4.71
"18km N of Pine Mountain Club, CA",United States of America,Americas,green,4.71
"17km SSE of Tres Pinos, CA",United States of America,Americas,green,4.71
"128 km SSE of Chignik, Alaska",Alaska,Americas,green,4.7
"42 km WNW of Ninilchik, Alaska",Alaska,Americas,green,4.7
"49 km SW of Karluk, Alaska",Alaska,Americas,green,4.7
"51 km SE of Port Graham, Alaska",Alaska,Americas,green,4.7
"45 km ENE of Ouzinkie, Alaska",Alaska,Americas,green,4.7
"110 km SSE of Port Graham, Alaska",Alaska,Americas,green,4.7
"128 km SSE of Perryville, Alaska",Alaska,Americas,green,4.7
"142 km S of Akhiok, Alaska",Alaska,Americas,green,4.7
"48 km SE of Halibut Cove, Alaska",Alaska,Americas,green,4.7
"143 km SW of Akhiok, Alaska",Alaska,Americas,green,4.7
"116 km SE of Old Harbor, Alaska",Alaska,Americas,green,4.7
"11 km SW of El Affroun, Algeria",Algeria,Africa,green,4.7
"73 km WNW of San Antonio de los Cobres, Argentina",Argentina,Americas,green,4.7
"143 km ESE of McCarthy, Alaska",Canada,Americas,green,4.7
"68 km NE of Grande Cache, Canada",Canada,Americas,green,4.7
"279 km WNW of Port McNeill, Canada",Canada,Americas,green,4.7
"9km SW of Alberto Oviedo Mota, B.C., MX",Mexico,Americas,green,4.7
"13km S of Progreso, B.C., MX",Mexico,Americas,green,4.7
"10 km S of Indios, Puerto Rico",Puerto Rico,Americas,green,4.7
"7 km SSW of Indios, Puerto Rico",Puerto Rico,Americas,green,4.7
"8 km S of Tallaboa, Puerto Rico",Puerto Rico,Americas,green,4.7
"9 km SSE of Tallaboa, Puerto Rico",Puerto Rico,Americas,green,4.7
"4 km SSW of Guánica, Puerto Rico",Puerto Rico,Americas,green,4.7
"16 km E of Gisenyi, Rwanda",Rwanda,Africa,green,4.7
"2km E of Lennox, CA",United States of America,Americas,green,4.7
"6 km SSW of Kachina Village, Arizona",United States of America,Americas,green,4.7
"60 km SSE of Ugashik, Alaska",United States of America,Americas,green,4.7
"19 km N of Manley Hot Springs, Alaska",United States of America,Americas,green,4.7
"21km ESE of Anza, CA",United States of America,Americas,green,4.7
"43 km E of Fort Bidwell, California",United States of America,Americas,green,4.7
"16 km SE of Waynoka, Oklahoma",United States of America,Americas,green,4.7
"12 km ESE of Soda Springs, Idaho",United States of America,Americas,green,4.7
"12 km SSW of Clam Gulch, Alaska",United States of America,Americas,green,4.7
"52 km SSW of Whites City, New Mexico",United States of America,Americas,green,4.7
"4 km NE of Greenbrier, Arkansas",United States of America,Americas,green,4.7
"88 km NW of Alatna, Alaska",United States of America,Americas,green,4.7
"34 km WSW of Mentone, Texas",United States of America,Americas,green,4.7
"46 km NE of Pedro Bay, Alaska",United States of America,Americas,green,4.7
"72 km ENE of Pedro Bay, Alaska",United States of America,Americas,green,4.7
"34 km SE of Mina, Nevada",United States of America,Americas,green,4.7
"72 km SE of Kokhanok, Alaska",United States of America,Americas,green,4.7
"29 km ENE of Noatak, Alaska",United States of America,Americas,green,4.7
"4 km SW of Lambert, Oklahoma",United States of America,Americas,green,4.7
"8 km E of Nescatunga, Oklahoma",United States of America,Americas,green,4.7
"9 km NNE of Bellmont, Illinois",United States of America,Americas,green,4.7
"43 km E of Fort Bidwell, California",United States of America,Americas,green,4.7
"7 km SW of Knik, Alaska",United States of America,Americas,green,4.7
"16km SSE of Little Lake, CA",United States of America,Americas,green,4.7
"10 km E of Soda Springs, Idaho",United States of America,Americas,green,4.7
"36 km SE of Mina, Nevada",United States of America,Americas,green,4.7
"26 km S of Mina, Nevada",United States of America,Americas,green,4.7
"15 km ESE of Soda Springs, Idaho",United States of America,Americas,green,4.7
"25 km S of Wells, Nevada",United States of America,Americas,green,4.7
"2 km SW of Kasilof, Alaska",United States of America,Americas,green,4.7
"41 km E of Fort Bidwell, California",United States of America,Americas,green,4.7
"15 km NE of Hermleigh, Texas",United States of America,Americas,green,4.7
"9 km NW of Georgetown, Idaho",United States of America,Americas,green,4.7
Southern Alaska,United States of America,Americas,green,4.7
"35 km SE of Mina, Nevada",United States of America,Americas,green,4.7
Puerto Rico region,Puerto Rico,Americas,green,4.69
"14km NW of Grapevine, CA",United States of America,Americas,green,4.69
"6 km N of Malibu, CA",United States of America,Americas,green,4.69
"18km W of Progreso, B.C., MX",Mexico,Americas,green,4.68
"11km W of Alberto Oviedo Mota, B.C., MX",Mexico,Americas,green,4.68
"12km WNW of Alberto Oviedo Mota, B.C., MX",Mexico,Americas,green,4.68
"16km ESE of Ridgecrest, CA",United States of America,Americas,green,4.68
"40km S of Estacion Coahuila, B.C., MX",Mexico,Americas,green,4.67
"5 km W of Hollis Center, Maine",United States of America,Americas,green,4.67
"3 km NW of H?lualoa, Hawaii",United States of America,Americas,green,4.67
"6 km ESE of Lofall, Washington",United States of America,Americas,green,4.67
"9 km WSW of Volcano, Hawaii",United States of America,Americas,green,4.66
"6km NNW of Big Bear Lake, CA",United States of America,Americas,green,4.66
"18km NE of Olancha, CA",United States of America,Americas,green,4.66
"5km NNW of Chatsworth, CA",United States of America,Americas,green,4.66
"17km SSE of Lone Pine, CA",United States of America,Americas,green,4.65
"3 km SW of Ferndale, CA",United States of America,Americas,green,4.65
"4 km NW of Cobb, CA",United States of America,Americas,green,4.65
"19km NW of Truckee, CA",United States of America,Americas,green,4.65
"16km W of Alberto Oviedo Mota, B.C., MX",Mexico,Americas,green,4.64
"11km SSE of Alberto Oviedo Mota, B.C., MX",Mexico,Americas,green,4.64
"16km E of Little Lake, CA",United States of America,Americas,green,4.64
"15 km S of Fern Forest, Hawaii",United States of America,Americas,green,4.64
"16km ESE of Little Lake, CA",United States of America,Americas,green,4.64
"14 km S of Volcano, Hawaii",United States of America,Americas,green,4.64
"9km NE of Coso Junction, CA",United States of America,Americas,green,4.64
"25km NNW of Twentynine Palms, CA",United States of America,Americas,green,4.64
"4km WSW of Delta, B.C., MX",Mexico,Americas,green,4.63
"14km NE of Yucaipa, California",United States of America,Americas,green,4.63
"19km ESE of Ocotillo, CA",United States of America,Americas,green,4.63
"6km N of Brawley, CA",United States of America,Americas,green,4.63
"15km E of Little Lake, CA",United States of America,Americas,green,4.63
"14km SSW of Ludlow, CA",United States of America,Americas,green,4.63
"12km WNW of Calipatria, CA",United States of America,Americas,green,4.63
"29km ENE of Dardanelle, CA",United States of America,Americas,green,4.63
"9 km E of P?hala, Hawaii",United States of America,Americas,green,4.63
"19km WNW of Ludlow, CA",United States of America,Americas,green,4.63
"8km SW of Ocotillo, CA",United States of America,Americas,green,4.62
"8 km NW of Marked Tree, Arkansas",United States of America,Americas,green,4.62
"23km NNE of Barstow, CA",United States of America,Americas,green,4.62
"23km ESE of Little Lake, CA",United States of America,Americas,green,4.61
"6km N of Big Bear City, CA",United States of America,Americas,green,4.61
"18 km S of Volcano, Hawaii",United States of America,Americas,green,4.61
"27 km SSE of Jurm, Afghanistan",Afghanistan,Asia,green,4.6
"148 km SE of Chignik, Alaska",Alaska,Americas,green,4.6
Southern Alaska,Alaska,Americas,green,4.6
"25 km SW of Akhiok, Alaska",Alaska,Americas,green,4.6
"68 km SSE of Yakutat, Alaska",Alaska,Americas,green,4.6
"74 km S of Akhiok, Alaska",Alaska,Americas,green,4.6
"155 km SSE of Chignik, Alaska",Alaska,Americas,green,4.6
"71 km W of Nanwalek, Alaska",Alaska,Americas,green,4.6
"8 km WSW of Hato Mayor del Rey, Dominican Republic",Dominican Republic,Americas,green,4.6
Fiji region,Fiji,Oceania,green,4.6
"281 km E of Levuka, Fiji",Fiji,Oceania,green,4.6
"18km WNW of Progreso, B.C., MX",Mexico,Americas,green,4.6
"4 km WSW of Tallaboa, Puerto Rico",Puerto Rico,Americas,green,4.6
"6 km SSW of Indios, Puerto Rico",Puerto Rico,Americas,green,4.6
"5 km SSE of Tallaboa, Puerto Rico",Puerto Rico,Americas,green,4.6
"3 km SSW of Jobos, Puerto Rico",Puerto Rico,Americas,green,4.6
"13 km SSE of Guánica, Puerto Rico",Puerto Rico,Americas,green,4.6
"9 km SSW of Tallaboa, Puerto Rico",Puerto Rico,Americas,green,4.6
"3 km SSW of Indios, Puerto Rico",Puerto Rico,Americas,green,4.6
"44 km E of Fort Bidwell, California",United States of America,Americas,green,4.6
"11 km NNW of Georgetown, Idaho",United States of America,Americas,green,4.6
"58 km SE of Kokhanok, Alaska",United States of America,Americas,green,4.6
"65 km SSW of Tanana, Alaska",United States of America,Americas,green,4.6
"18 km SSW of Susitna North, Alaska",United States of America,Americas,green,4.6
"26km SSE of Trona, CA",United States of America,Americas,green,4.6
"64 km S of Arctic Village, Alaska",United States of America,Americas,green,4.6
"32 km SE of Mina, Nevada",United States of America,Americas,green,4.6
"23 km WSW of Petersville, Alaska",United States of America,Americas,green,4.6
"7 km SE of Ferry, Alaska",United States of America,Americas,green,4.6
"8 km NNE of Marshall, Oklahoma",United States of America,Americas,green,4.6
"44 km E of Austin, Nevada",United States of America,Americas,green,4.6
"66 km ENE of Chase, Alaska",United States of America,Americas,green,4.6
"92 km SSE of Kokhanok, Alaska",United States of America,Americas,green,4.6
"26 km ENE of Noatak, Alaska",United States of America,Americas,green,4.6
"24 km NE of Noatak, Alaska",United States of America,Americas,green,4.6
"6 km SSE of Big Lake, Alaska",United States of America,Americas,green,4.6
"9 km NE of Lima, Montana",United States of America,Americas,green,4.6
"67 km S of Shungnak, Alaska",United States of America,Americas,green,4.6
"6 km SW of Parkers Settlement, Indiana",United States of America,Americas,green,4.6
"31 km NNW of Brevig Mission, Alaska",United States of America,Americas,green,4.6
"7 km W of Adak, Alaska",United States of America,Americas,green,4.6
"56 km S of Whites City, New Mexico",United States of America,Americas,green,4.6
"8 km S of Valley Head, Alabama",United States of America,Americas,green,4.6
"4 km WSW of Cohoe, Alaska",United States of America,Americas,green,4.6
"5 km WNW of Lucien, Oklahoma",United States of America,Americas,green,4.6
"2 km SSE of Zurich, Kansas",United States of America,Americas,green,4.6
"17 km N of Stanton, Texas",United States of America,Americas,green,4.6
"42 km E of Fort Bidwell, California",United States of America,Americas,green,4.6
"81 km NW of Eureka Roadhouse, Alaska",United States of America,Americas,green,4.6
"44 km E of Fort Bidwell, California",United States of America,Americas,green,4.6
"31 km SSE of Mina, Nevada",United States of America,Americas,green,4.6
"38 km ESE of Mina, Nevada",United States of America,Americas,green,4.6
"27 km NW of Stanley, Idaho",United States of America,Americas,green,4.6
"1 km N of Point MacKenzie, Alaska",United States of America,Americas,green,4.6
"53 km SSW of Whites City, New Mexico",United States of America,Americas,green,4.6
"59 km SSE of King Salmon, Alaska",United States of America,Americas,green,4.6
"42 km ENE of Port Heiden, Alaska",United States of America,Americas,green,4.6
"115 km NNE of Arctic Village, Alaska",United States of America,Americas,green,4.6
"25 km SW of Lamont, CA",United States of America,Americas,green,4.6
"18 km ENE of Falls City, Texas",United States of America,Americas,green,4.6
"20km ESE of Maricopa, CA",United States of America,Americas,green,4.59
"7km ESE of Ridgecrest, CA",United States of America,Americas,green,4.59
"19km SE of Lone Pine, CA",United States of America,Americas,green,4.59
"12km SSE of Bombay Beach, CA",United States of America,Americas,green,4.59
"13 km SE of Waikoloa, Hawaii",United States of America,Americas,green,4.59
"4km N of Brawley, CA",United States of America,Americas,green,4.59
"26km NNW of Twentynine Palms, CA",United States of America,Americas,green,4.59
"6 km NNE of Magna, Utah",United States of America,Americas,green,4.59
"8km WNW of Delta, B.C., MX",Mexico,Americas,green,4.58
"18 km SSE of Tres Pinos, California",United States of America,Americas,green,4.58
"14km ESE of Ocotillo, CA",United States of America,Americas,green,4.58
"2 km S of Roosevelt, Washington",United States of America,Americas,green,4.58
"15km NE of Ridgecrest, CA",United States of America,Americas,green,4.58
"13km NE of Ridgecrest, CA",United States of America,Americas,green,4.58
"33km N of Joshua Tree, CA",United States of America,Americas,green,4.58
"11km NE of Running Springs, CA",United States of America,Americas,green,4.58
"8 km N of Delta, B.C., MX",Mexico,Americas,green,4.57
"5 km NE of Magna, Utah",United States of America,Americas,green,4.57
"29km SE of Bodie, CA",United States of America,Americas,green,4.57
"10km SW of Niland, CA",United States of America,Americas,green,4.57
"14km N of Ocotillo, CA",United States of America,Americas,green,4.57
"11km W of Alberto Oviedo Mota, B.C., MX",Mexico,Americas,green,4.56
"18km W of Progreso, B.C., MX",Mexico,Americas,green,4.56
"16km SSW of Searles Valley, CA",United States of America,Americas,green,4.56
"15 km SSE of Fern Forest, Hawaii",United States of America,Americas,green,4.56
"2 km NNW of El Centro, CA",United States of America,Americas,green,4.56
"30km SE of Markleeville, CA",United States of America,Americas,green,4.55
"8 km ENE of P?hala, Hawaii",United States of America,Americas,green,4.55
"17km SE of Ocotillo Wells, CA",United States of America,Americas,green,4.54
"20km NE of Arvin, CA",United States of America,Americas,green,4.54
"10 km SE of Stovepipe Wells, CA",United States of America,Americas,green,4.54
"8 km SSE of Deep Springs, CA",United States of America,Americas,green,4.54
"21 km SSE of Waimea, Hawaii",United States of America,Americas,green,4.54
"3km WSW of South El Monte, CA",United States of America,Americas,green,4.54
"8 km W of Cobb, California",United States of America,Americas,green,4.53
"3 km NNE of Port Orford, Oregon",United States of America,Americas,green,4.53
"16km W of Searles Valley, CA",United States of America,Americas,green,4.53
"18km ESE of Ocotillo, CA",United States of America,Americas,green,4.53
"15 km SW of Westley, CA",United States of America,Americas,green,4.53
"11km WSW of Ludlow, CA",United States of America,Americas,green,4.53
"4km ESE of Progreso, B.C., MX",Mexico,Americas,green,4.52
"16km NNE of Coso Junction, CA",United States of America,Americas,green,4.52
"13km SW of Delta, B.C., MX",Mexico,Americas,green,4.51
"7km WNW of Estacion Coahuila, B.C., MX",Mexico,Americas,green,4.51
"27km NW of Ludlow, California",United States of America,Americas,green,4.51
"7km NE of Imperial, CA",United States of America,Americas,green,4.51
"14km WNW of Ludlow, CA",United States of America,Americas,green,4.51
"19km ESE of Ocotillo, CA",United States of America,Americas,green,4.51
"18km ESE of Little Lake, CA",United States of America,Americas,green,4.51
"154 km SE of Perryville, Alaska",Alaska,Americas,green,4.5
"162 km ESE of Chignik, Alaska",Alaska,Americas,green,4.5
"151 km SSW of Akhiok, Alaska",Alaska,Americas,green,4.5
"75 km SSW of Gambell, Alaska",Alaska,Americas,green,4.5
"56 km WNW of Nanwalek, Alaska",Alaska,Americas,green,4.5
"115 km SSE of Ugashik, Alaska",Alaska,Americas,green,4.5
"5 km SE of Point MacKenzie, Alaska",Alaska,Americas,green,4.5
"64 km SE of Perryville, Alaska",Alaska,Americas,green,4.5
Alaska Peninsula,Alaska,Americas,green,4.5
"53 km SE of Port Graham, Alaska",Alaska,Americas,green,4.5
"32 km NW of Karluk, Alaska",Alaska,Americas,green,4.5
"104 km SSE of Akhiok, Alaska",Alaska,Americas,green,4.5
"164 km ESE of Chignik, Alaska",Alaska,Americas,green,4.5
"142 km SE of Perryville, Alaska",Alaska,Americas,green,4.5
"34 km SSE of Grande Prairie, Canada",Canada,Americas,green,4.5
Jamaica region,Jamaica,Americas,green,4.5
"22km SSW of Alberto Oviedo Mota, B.C., MX",Mexico,Americas,green,4.5
"11km SW of Estacion Coahuila, B.C., MX",Mexico,Americas,green,4.5
"8 km SSE of Guánica, Puerto Rico",Puerto Rico,Americas,green,4.5
"3 km S of Indios, Puerto Rico",Puerto Rico,Americas,green,4.5
"3 km SW of Tallaboa, Puerto Rico",Puerto Rico,Americas,green,4.5
"8 km S of Indios, Puerto Rico",Puerto Rico,Americas,green,4.5
"4 km SW of Tallaboa, Puerto Rico",Puerto Rico,Americas,green,4.5
"6 km SSW of Guánica, Puerto Rico",Puerto Rico,Americas,green,4.5
"5 km SW of Guánica, Puerto Rico",Puerto Rico,Americas,green,4.5
Puerto Rico region,Puerto Rico,Americas,green,4.5
Puerto Rico region,Puerto Rico,Americas,green,4.5
"32 km SW of Petersville, Alaska",United States of America,Americas,green,4.5
"30 km ENE of Noatak, Alaska",United States of America,Americas,green,4.5
"31 km SW of Trapper Creek, Alaska",United States of America,Americas,green,4.5
"15 km W of Big Lake, Alaska",United States of America,Americas,green,4.5
"18km E of Little Lake, CA",United States of America,Americas,green,4.5
"10 km NNE of Meadow Lakes, Alaska",United States of America,Americas,green,4.5
"28 km S of Susitna, Alaska",United States of America,Americas,green,4.5
"20 km WNW of Tyonek, Alaska",United States of America,Americas,green,4.5
"68 km S of Shungnak, Alaska",United States of America,Americas,green,4.5
"54 km S of Whites City, New Mexico",United States of America,Americas,green,4.5
"5 km ENE of Columbia, Virginia",United States of America,Americas,green,4.5
"33 km NW of Valdez, Alaska",United States of America,Americas,green,4.5
"13km SSW of Searles Valley, CA",United States of America,Americas,green,4.5
"76 km NW of Yakutat, Alaska",United States of America,Americas,green,4.5
"3 km SSW of Falls City, Texas",United States of America,Americas,green,4.5
"27 km NNE of Packwood, Washington",United States of America,Americas,green,4.5
"76 km SSW of Kaktovik, Alaska",United States of America,Americas,green,4.5
western Texas,United States of America,Americas,green,4.5
"24 km ESE of Glacier View, Alaska",United States of America,Americas,green,4.5
"76 km SSW of Kaktovik, Alaska",United States of America,Americas,green,4.5
"74 km SSW of Kaktovik, Alaska",United States of America,Americas,green,4.5
"36 km SE of Mina, Nevada",United States of America,Americas,green,4.5
"15 km NNW of Glennallen, Alaska",United States of America,Americas,green,4.5
"13 km SW of Larsen Bay, Alaska",United States of America,Americas,green,4.5
"3 km W of Walker Lake, Nevada",United States of America,Americas,green,4.5
"52 km W of Skwentna, Alaska",United States of America,Americas,green,4.5
"80 km SSW of Kaktovik, Alaska",United States of America,Americas,green,4.5
"45 km E of Austin, Nevada",United States of America,Americas,green,4.5
"6 km NW of Willow, Alaska",United States of America,Americas,green,4.5
"2 km NNW of Risco, Missouri",United States of America,Americas,green,4.5
"4 km NNE of Crescent, Oklahoma",United States of America,Americas,green,4.5
"58 km NNE of Petersville, Alaska",United States of America,Americas,green,4.5
"79 km SSW of Kaktovik, Alaska",United States of America,Americas,green,4.5
"71 km SSE of Kokhanok, Alaska",United States of America,Americas,green,4.5
"29 km SE of Mina, Nevada",United States of America,Americas,green,4.5
"5km N of Big Bear City, CA",United States of America,Americas,green,4.5
"49 km SE of Cantwell, Alaska",United States of America,Americas,green,4.5
"53 km E of Pedro Bay, Alaska",United States of America,Americas,green,4.5
"1 km N of Big Lake, Alaska",United States of America,Americas,green,4.5
"6 km NW of Point MacKenzie, Alaska",United States of America,Americas,green,4.5
"66 km S of Shungnak, Alaska",United States of America,Americas,green,4.5
"16km E of Little Lake, CA",United States of America,Americas,green,4.5
"20km WNW of Progreso, B.C., MX",United States of America,Americas,green,4.5
"79 km SW of Kaktovik, Alaska",United States of America,Americas,green,4.5
"13 km NNE of Hermleigh, Texas",United States of America,Americas,green,4.5
"1 km E of Homer, Alaska",United States of America,Americas,green,4.5
"22km SSW of Ludlow, CA",United States of America,Americas,green,4.5
"8 km SW of Arcadia, Oklahoma",United States of America,Americas,green,4.5
"25 km ESE of Clam Gulch, Alaska",United States of America,Americas,green,4.5
"86 km SW of Kaktovik, Alaska",United States of America,Americas,green,4.5
"6 km SSE of Big Lake, Alaska",United States of America,Americas,green,4.5
"15 km NNW of Four Mile Road, Alaska",United States of America,Americas,green,4.5
"5 km NE of Indian Hills, Nevada",United States of America,Americas,green,4.5
"21 km NNW of Moose Pass, Alaska",United States of America,Americas,green,4.5
"78 km SSW of Kaktovik, Alaska",United States of America,Americas,green,4.5
"5 km SW of Point MacKenzie, Alaska",United States of America,Americas,green,4.5
"114 km NNE of Arctic Village, Alaska",United States of America,Americas,green,4.5
"2 km W of South Hutchinson, Kansas",United States of America,Americas,green,4.5
"3 km SSW of Eagle River, Alaska",United States of America,Americas,green,4.5
"43 km E of Fort Bidwell, California",United States of America,Americas,green,4.5
"38 km ENE of Chase, Alaska",United States of America,Americas,green,4.5
"76 km SW of Kaktovik, Alaska",United States of America,Americas,green,4.5
"75 km SSW of Kaktovik, Alaska",United States of America,Americas,green,4.5
"83 km SW of Kaktovik, Alaska",United States of America,Americas,green,4.5
"57 km NW of Beluga, Alaska",United States of America,Americas,green,4.5
"29 km SW of Hope, Alaska",United States of America,Americas,green,4.5
"8 km SW of Mineral, Virginia",United States of America,Americas,green,4.5
"19 km NE of Noatak, Alaska",United States of America,Americas,green,4.5
"43 km E of Fort Bidwell, California",United States of America,Americas,green,4.5
"69 km NW of Skwentna, Alaska",United States of America,Americas,green,4.5
"29 km SSE of Mina, Nevada",United States of America,Americas,green,4.5
"12km WNW of Calipatria, CA",United States of America,Americas,green,4.5
"13 km ESE of Soda Springs, Idaho",United States of America,Americas,green,4.5
"15 km WNW of Sandy Valley, Nevada",United States of America,Americas,green,4.5
"23km N of Ridgecrest, CA",United States of America,Americas,green,4.5
"7 km NW of Medford, Oklahoma",United States of America,Americas,green,4.5
"3km WSW of Delta, B.C., MX",Mexico,Americas,green,4.49
"24km NE of Maneadero, B.C., MX",Mexico,Americas,green,4.49
"11km N of Cabazon, CA",United States of America,Americas,green,4.49
"29 km E of La Sal, Utah",United States of America,Americas,green,4.49
"16km E of Little Lake, CA",United States of America,Americas,green,4.49
"17km W of Ludlow, CA",United States of America,Americas,green,4.49
"18 km SSE of Volcano, Hawaii",United States of America,Americas,green,4.49
"10km ENE of Ridgecrest, CA",United States of America,Americas,green,4.49
"23km S of Trona, CA",United States of America,Americas,green,4.49
"10km SW of Alberto Oviedo Mota, B.C., MX",Mexico,Americas,green,4.48
"12km WNW of Calipatria, CA",United States of America,Americas,green,4.48
"5 km WNW of Patton Village, California",United States of America,Americas,green,4.48
"7 km NW of The Geysers, CA",United States of America,Americas,green,4.48
"18km SSW of Ludlow, CA",United States of America,Americas,green,4.48
"18 km W of Samoa, California",Samoa,Oceania,green,4.47
"24 km S of Brian Head, Utah",United States of America,Americas,green,4.47
"11km SE of Bombay Beach, CA",United States of America,Americas,green,4.47
"12 km NNE of Puako, Hawaii",United States of America,Americas,green,4.47
"19km NNE of Ridgecrest, CA",United States of America,Americas,green,4.47
"20km ESE of Little Lake, CA",United States of America,Americas,green,4.47
"13km W of Alberto Oviedo Mota, B.C., MX",Mexico,Americas,green,4.46
"6 km WSW of La Parguera, Puerto Rico",Puerto Rico,Americas,green,4.46
"3km NE of Yorba Linda, CA",United States of America,Americas,green,4.46
"Island of Hawaii, Hawaii",United States of America,Americas,green,4.46
"8 km ENE of P?hala, Hawaii",United States of America,Americas,green,4.46
"1km SSE of Pleasant Hill, CA",United States of America,Americas,green,4.46
"17km WNW of Ludlow, CA",United States of America,Americas,green,4.46
"10km WNW of Calipatria, CA",United States of America,Americas,green,4.46
"31km E of Primo Tapia, B.C., MX",Mexico,Americas,green,4.45
"12km SSE of Puebla, B.C., MX",Mexico,Americas,green,4.45
Puerto Rico region,Puerto Rico,Americas,green,4.45
"9 km ENE of P?hala, Hawaii",United States of America,Americas,green,4.45
"8km NNE of Walker, CA",United States of America,Americas,green,4.45
"3km SSW of San Bernardino, CA",United States of America,Americas,green,4.45
"4km NE of Westmorland, CA",United States of America,Americas,green,4.45
"18km NE of Olancha, CA",United States of America,Americas,green,4.45
"2km NW of The Geysers, CA",United States of America,Americas,green,4.45
"15km NNW of Borrego Springs, CA",United States of America,Americas,green,4.45
"5 km W of Cobb, California",United States of America,Americas,green,4.44
"22 km NW of Grapevine, CA",United States of America,Americas,green,4.44
"5km N of Alberto Oviedo Mota, B.C., MX",Mexico,Americas,green,4.43
"7km WNW of Cobb, CA",United States of America,Americas,green,4.43
"5km NNE of Fontana, CA",United States of America,Americas,green,4.43
"5 km WSW of Volcano, Hawaii",United States of America,Americas,green,4.43
"15km W of Searles Valley, CA",United States of America,Americas,green,4.43
"40 km SSW of South Dos Palos, California",United States of America,Americas,green,4.43
"17km WNW of Progreso, B.C., MX",Mexico,Americas,green,4.42
"26km SSW of Ludlow, CA",United States of America,Americas,green,4.42
"3km NNE of Fontana, CA",United States of America,Americas,green,4.42
"15 km SW of Circleville, Utah",United States of America,Americas,green,4.42
"6 km NW of Belden, CA",United States of America,Americas,green,4.42
"10km NW of Malibu, CA",United States of America,Americas,green,4.42
"26km WNW of Ludlow, CA",United States of America,Americas,green,4.42
"1km SE of Delta, B.C., MX",Mexico,Americas,green,4.41
"28km E of Maneadero, B.C., MX",Mexico,Americas,green,4.41
"1km NNW of Tres Pinos, CA",United States of America,Americas,green,4.41
"17km NE of Olancha, CA",United States of America,Americas,green,4.41
"18km ESE of Little Lake, CA",United States of America,Americas,green,4.41
"7km NE of Aguanga, CA",United States of America,Americas,green,4.41
"32km ENE of Dardanelle, CA",United States of America,Americas,green,4.41
"13km WNW of Toms Place, CA",United States of America,Americas,green,4.41
"15 km SSE of Eden Roc, Hawaii",United States of America,Americas,green,4.41
"104 km SSE of Perryville, Alaska",Alaska,Americas,green,4.4
"153 km SSE of Chignik, Alaska",Alaska,Americas,green,4.4
"117 km SW of Hydaburg, Alaska",Alaska,Americas,green,4.4
"77 km SSE of Perryville, Alaska",Alaska,Americas,green,4.4
"33 km W of Cohoe, Alaska",Alaska,Americas,green,4.4
"244 km WSW of Adak, Alaska",Alaska,Americas,green,4.4
"82 km WSW of Karluk, Alaska",Alaska,Americas,green,4.4
"158 km ESE of Chignik, Alaska",Alaska,Americas,green,4.4
"134 km SSE of Chignik, Alaska",Alaska,Americas,green,4.4
"53 km WSW of Akhiok, Alaska",Alaska,Americas,green,4.4
"94 km S of Akhiok, Alaska",Alaska,Americas,green,4.4
"166 km SE of Chignik, Alaska",Alaska,Americas,green,4.4
"264 km NE of Dawson City, Canada",Canada,Americas,green,4.4
"192 km W of Port McNeill, Canada",Canada,Americas,green,4.4
"75 km NW of Fort St. John, Canada",Canada,Americas,green,4.4
"155 km E of Tautira, French Polynesia",French Polynesia,Oceania,green,4.4
"36 km SSE of Witherlea, New Zealand",New Zealand,Oceania,green,4.4
"7 km SSE of Tallaboa, Puerto Rico",Puerto Rico,Americas,green,4.4
"1 km ESE of Indios, Puerto Rico",Puerto Rico,Americas,green,4.4
"5 km ESE of Tallaboa, Puerto Rico",Puerto Rico,Americas,green,4.4
"9 km SW of Guánica, Puerto Rico",Puerto Rico,Americas,green,4.4
Oklahoma,United States of America,Americas,green,4.4
"78 km SW of Kaktovik, Alaska",United States of America,Americas,green,4.4
"5 km S of Big Lake, Alaska",United States of America,Americas,green,4.4
"8 km NNE of Camargo, Kentucky",United States of America,Americas,green,4.4
"98 km E of McCarthy, Alaska",United States of America,Americas,green,4.4
"26 km NE of Noatak, Alaska",United States of America,Americas,green,4.4
"2 km ESE of Big Lake, Alaska",United States of America,Americas,green,4.4
"19 km NNW of Eek, Alaska",United States of America,Americas,green,4.4
"98 km E of McCarthy, Alaska",United States of America,Americas,green,4.4
"4km SSW of Devore, CA",United States of America,Americas,green,4.4
"38 km WSW of Mentone, Texas",United States of America,Americas,green,4.4
"13 km NW of Challis, Idaho",United States of America,Americas,green,4.4
"45 km N of Venetie, Alaska",United States of America,Americas,green,4.4
"8 km E of Nescatunga, Oklahoma",United States of America,Americas,green,4.4
"79 km SW of Kaktovik, Alaska",United States of America,Americas,green,4.4
"23 km NW of Stanley, Idaho",United States of America,Americas,green,4.4
"36 km NW of Stevens Village, Alaska",United States of America,Americas,green,4.4
"17 km SE of Waynoka, Oklahoma",United States of America,Americas,green,4.4
"5 km NNW of Georgetown, Idaho",United States of America,Americas,green,4.4
"26 km NW of Stanley, Idaho",United States of America,Americas,green,4.4
"30 km SSW of Covenant Life, Alaska",United States of America,Americas,green,4.4
"7 km N of Maramec, Oklahoma",United States of America,Americas,green,4.4
"7 km N of Akhiok, Alaska",United States of America,Americas,green,4.4
"19 km ENE of Primrose, Alaska",United States of America,Americas,green,4.4
"73 km NNE of Karluk, Alaska",United States of America,Americas,green,4.4
"24 km SE of Skwentna, Alaska",United States of America,Americas,green,4.4
"4 km W of Walker Lake, Nevada",United States of America,Americas,green,4.4
"38 km SE of Mina, Nevada",United States of America,Americas,green,4.4
"60 km SSE of Cantwell, Alaska",United States of America,Americas,green,4.4
"31 km NW of Stanley, Idaho",United States of America,Americas,green,4.4
"8 km NW of Indian Springs, Nevada",United States of America,Americas,green,4.4
northern Alaska,United States of America,Americas,green,4.4
"25 km SW of Skwentna, Alaska",United States of America,Americas,green,4.4
"99 km E of McCarthy, Alaska",United States of America,Americas,green,4.4
"17 km SE of Waynoka, Oklahoma",United States of America,Americas,green,4.4
"24 km S of Mina, Nevada",United States of America,Americas,green,4.4
"77 km SSW of Kaktovik, Alaska",United States of America,Americas,green,4.4
"46 km W of Tyonek, Alaska",United States of America,Americas,green,4.4
"52 km NE of Chase, Alaska",United States of America,Americas,green,4.4
Southern Alaska,United States of America,Americas,green,4.4
"12 km SSW of Guthrie, Oklahoma",United States of America,Americas,green,4.4
"7 km SSE of Byron, Oklahoma",United States of America,Americas,green,4.4
"48 km ENE of Port Heiden, Alaska",United States of America,Americas,green,4.4
"88 km NW of Aleneva, Alaska",United States of America,Americas,green,4.4
"21 km N of Stanton, Texas",United States of America,Americas,green,4.4
"34 km ESE of Susitna North, Alaska",United States of America,Americas,green,4.4
"34 km SSW of Trapper Creek, Alaska",United States of America,Americas,green,4.4
"33 km NE of Noatak, Alaska",United States of America,Americas,green,4.4
"7 km SSE of Byron, Oklahoma",United States of America,Americas,green,4.4
"21 km E of Talkeetna, Alaska",United States of America,Americas,green,4.4
"11 km SSE of Reno, Nevada",United States of America,Americas,green,4.4
"46 km E of Fort Bidwell, California",United States of America,Americas,green,4.4
"39 km ENE of Port Heiden, Alaska",United States of America,Americas,green,4.4
"77 km SSW of Kaktovik, Alaska",United States of America,Americas,green,4.4
"64 km S of Shungnak, Alaska",United States of America,Americas,green,4.4
"45 km ESE of Littlefield, Arizona",United States of America,Americas,green,4.4
"90 km SE of Kokhanok, Alaska",United States of America,Americas,green,4.4
"22 km ESE of Susitna North, Alaska",United States of America,Americas,green,4.4
"14 km SE of Lincoln, Montana",United States of America,Americas,green,4.4
"39 km NNW of Stanley, Idaho",United States of America,Americas,green,4.4
"35 km NW of Toyah, Texas",United States of America,Americas,green,4.4
"50 km N of Chickaloon, Alaska",United States of America,Americas,green,4.4
"6 km E of Brevig Mission, Alaska",United States of America,Americas,green,4.4
"12 km ENE of Nash, Oklahoma",United States of America,Americas,green,4.4
"16 km SE of Waynoka, Oklahoma",United States of America,Americas,green,4.4
"21 km SE of Kasilof, Alaska",United States of America,Americas,green,4.4
"66 km S of Shungnak, Alaska",United States of America,Americas,green,4.4
"32 km W of Ferry, Alaska",United States of America,Americas,green,4.4
"76 km SSW of Kaktovik, Alaska",United States of America,Americas,green,4.4
"55 km E of Port Heiden, Alaska",United States of America,Americas,green,4.4
"28 km SSE of Mina, Nevada",United States of America,Americas,green,4.4
"16 km NNE of Hermleigh, Texas",United States of America,Americas,green,4.4
"49 km W of Port-Olry, Vanuatu",Vanuatu,Oceania,green,4.4
"16 km ESE of Lacomb, Oregon",United States of America,Americas,green,4.39
"6km SE of Ocotillo, CA",United States of America,Americas,green,4.39
"14 km S of Fern Forest, Hawaii",United States of America,Americas,green,4.39
"4 km SSE of Highland Park, CA",United States of America,Americas,green,4.39
"3km N of Santa Rosa, CA",United States of America,Americas,green,4.39
"12km NW of Coso Junction, CA",United States of America,Americas,green,4.39
"25km SSW of Ludlow, CA",United States of America,Americas,green,4.39
"3km SSE of Encino, CA",United States of America,Americas,green,4.39
"4km NNW of Banning, CA",United States of America,Americas,green,4.39
"13km ESE of Blue Lake, CA",United States of America,Americas,green,4.39
"13km W of Lakeport, CA",United States of America,Americas,green,4.39
"20km SSW of Estacion Coahuila, B.C., MX",Mexico,Americas,green,4.38
"51km SSE of Estacion Coahuila, B.C., MX",Mexico,Americas,green,4.38
"5km NNE of Petrolia, CA",United States of America,Americas,green,4.38
"2km SE of Berkeley, CA",United States of America,Americas,green,4.38
"4km N of La Verne, CA",United States of America,Americas,green,4.38
"18 km W of Delta, B.C., MX",Mexico,Americas,green,4.37
"3km SE of Delta, B.C., MX",Mexico,Americas,green,4.37
"4 km SW of Guánica, Puerto Rico",Puerto Rico,Americas,green,4.37
"1 km ESE of Volcano, Hawaii",United States of America,Americas,green,4.37
"25km SSW of Smith Valley, NV",United States of America,Americas,green,4.37
"16 km SW of Thatcher, Utah",United States of America,Americas,green,4.37
"10km NE of Coso Junction, CA",United States of America,Americas,green,4.37
"14km NNE of Coso Junction, CA",United States of America,Americas,green,4.37
"21km NW of Ludlow, CA",United States of America,Americas,green,4.37
"12km WSW of Delta, B.C., MX",Mexico,Americas,green,4.36
"5 km SSW of Petrolia, CA",United States of America,Americas,green,4.36
"12 km E of Hebgen Lake Estates, Montana",United States of America,Americas,green,4.36
"20 km SSE of Waimea, Hawaii",United States of America,Americas,green,4.36
"15km SW of Ludlow, CA",United States of America,Americas,green,4.36
"5 km WSW of Volcano, Hawaii",United States of America,Americas,green,4.36
"24km ENE of Maneadero, B.C., MX",Mexico,Americas,green,4.35
"4km WSW of Delta, B.C., MX",Mexico,Americas,green,4.35
"8km SE of Talmage, CA",United States of America,Americas,green,4.35
"16km ESE of Little Lake, CA",United States of America,Americas,green,4.35
"3km NE of Westmorland, CA",United States of America,Americas,green,4.35
"6km WSW of Ferndale, CA",United States of America,Americas,green,4.35
"18 km SW of Leilani Estates, Hawaii",United States of America,Americas,green,4.35
"11km WNW of Alberto Oviedo Mota, B.C., MX",Mexico,Americas,green,4.34
"4 km SSW of Guánica, Puerto Rico",Puerto Rico,Americas,green,4.34
"28km SE of Markleeville, CA",United States of America,Americas,green,4.34
"12 km WNW of Calipatria, CA",United States of America,Americas,green,4.34
"13km SW of Searles Valley, CA",United States of America,Americas,green,4.34
"22km N of Pine Mountain Club, CA",United States of America,Americas,green,4.34
"5 km WSW of Laytonville, CA",United States of America,Americas,green,4.34
"45 km W of Hebgen Lake Estates, Montana",United States of America,Americas,green,4.34
"6km SSE of Bombay Beach, CA",United States of America,Americas,green,4.33
"19 km E of Lincoln, Montana",United States of America,Americas,green,4.33
"8km WSW of Niland, CA",United States of America,Americas,green,4.33
"8 km ENE of P?hala, Hawaii",United States of America,Americas,green,4.33
"19km SW of Ludlow, CA",United States of America,Americas,green,4.33
"12 km NE of Burney, CA",United States of America,Americas,green,4.33
"2 km NNW of Delta, B.C., MX",Mexico,Americas,green,4.32
"10km NW of Pinnacles, CA",United States of America,Americas,green,4.32
"11 km S of Bodfish, CA",United States of America,Americas,green,4.32
"9km NNW of Redwood Valley, CA",United States of America,Americas,green,4.32
"21km N of Searles Valley, CA",United States of America,Americas,green,4.32
"36km NE of Redway, CA",United States of America,Americas,green,4.32
"9 km ENE of P?hala, Hawaii",United States of America,Americas,green,4.32
"12km WSW of Niland, CA",United States of America,Americas,green,4.32
"6km SSE of Bombay Beach, CA",United States of America,Americas,green,4.32
"28 km E of La Sal, Utah",United States of America,Americas,green,4.32
"1 km WSW of Pāhala, Hawaii",United States of America,Americas,green,4.32
"24km SSW of Ludlow, CA",United States of America,Americas,green,4.31
"36km ENE of Lucerne Valley, CA",United States of America,Americas,green,4.31
"23km ESE of Little Lake, CA",United States of America,Americas,green,4.31
"30 km SW of Scotia, California",United States of America,Americas,green,4.31
"32km SE of Markleeville, CA",United States of America,Americas,green,4.31
"8 km S of Wilkerson, California",United States of America,Americas,green,4.31
"12km WSW of Byron, CA",United States of America,Americas,green,4.31
"94 km SSW of Port Alexander, Alaska",Alaska,Americas,green,4.3
"206 km SSW of Akhiok, Alaska",Alaska,Americas,green,4.3
"172 km ESE of Chignik, Alaska",Alaska,Americas,green,4.3
"87 km NNW of Aleneva, Alaska",Alaska,Americas,green,4.3
"164 km SE of Chignik, Alaska",Alaska,Americas,green,4.3
"145 km SSE of Perryville, Alaska",Alaska,Americas,green,4.3
"167 km W of Yakutat, Alaska",Alaska,Americas,green,4.3
"130 km SW of Akhiok, Alaska",Alaska,Americas,green,4.3
"54 km NE of Chenega, Alaska",Alaska,Americas,green,4.3
"50 km SE of Old Harbor, Alaska",Alaska,Americas,green,4.3
"157 km SE of Chignik, Alaska",Alaska,Americas,green,4.3
"33 km N of Aleneva, Alaska",Alaska,Americas,green,4.3
"159 km SSE of Chignik, Alaska",Alaska,Americas,green,4.3
"21 km NNW of Ninilchik, Alaska",Alaska,Americas,green,4.3
"60 km S of Akhiok, Alaska",Alaska,Americas,green,4.3
"25 km W of Salamatof, Alaska",Alaska,Americas,green,4.3
"72 km SSW of Nanwalek, Alaska",Alaska,Americas,green,4.3
"88 km WNW of Elfin Cove, Alaska",Alaska,Americas,green,4.3
Alaska Peninsula,Alaska,Americas,green,4.3
"164 km SE of Chignik, Alaska",Alaska,Americas,green,4.3
"88 km SSE of Akhiok, Alaska",Alaska,Americas,green,4.3
"130 km SSE of Ugashik, Alaska",Alaska,Americas,green,4.3
"134 km SE of Chignik, Alaska",Alaska,Americas,green,4.3
"29 km SE of Seldovia Village, Alaska",Alaska,Americas,green,4.3
"27 km SSE of Fort St. John, Canada",Canada,Americas,green,4.3
"62 km WSW of Coquimbo, Chile",Chile,Americas,green,4.3
"5 km SSW of Bulnes, Chile",Chile,Americas,green,4.3
"9 km SE of Pole Ojea, Puerto Rico",Puerto Rico,Americas,green,4.3
"4 km S of Tallaboa, Puerto Rico",Puerto Rico,Americas,green,4.3
"8 km SSE of Indios, Puerto Rico",Puerto Rico,Americas,green,4.3
"8 km S of Ponce, Puerto Rico",Puerto Rico,Americas,green,4.3
"2 km SW of Tallaboa Alta, Puerto Rico",Puerto Rico,Americas,green,4.3
"7 km SSW of Ponce, Puerto Rico",Puerto Rico,Americas,green,4.3
"2 km ESE of Pierron, Illinois",United States of America,Americas,green,4.3
"6 km SSE of Cairo, Illinois",United States of America,Americas,green,4.3
"3 km WNW of Timpson, Texas",United States of America,Americas,green,4.3
"7 km NNE of Lake Aluma, Oklahoma",United States of America,Americas,green,4.3
"30 km NW of Willow, Alaska",United States of America,Americas,green,4.3
"98 km S of McCarthy, Alaska",United States of America,Americas,green,4.3
"75 km SSW of Kaktovik, Alaska",United States of America,Americas,green,4.3
"57 km W of Salamatof, Alaska",United States of America,Americas,green,4.3
"29 km SSE of Mina, Nevada",United States of America,Americas,green,4.3
northern Alaska,United States of America,Americas,green,4.3
"31 km SW of Skwentna, Alaska",United States of America,Americas,green,4.3
"6 km WNW of Marston, Missouri",United States of America,Americas,green,4.3
"35 km NE of Pedro Bay, Alaska",United States of America,Americas,green,4.3
"41 km W of Clear, Alaska, Alaska",United States of America,Americas,green,4.3
"52 km SSW of Whites City, New Mexico",United States of America,Americas,green,4.3
"31 km S of Morton, Washington",United States of America,Americas,green,4.3
"27 km SE of Egegik, Alaska",United States of America,Americas,green,4.3
"61 km ENE of Susitna North, Alaska",United States of America,Americas,green,4.3
"11 km N of Meadow Lakes, Alaska",United States of America,Americas,green,4.3
"6 km NNE of Segundo, Colorado",United States of America,Americas,green,4.3
"19 km SE of Susitna North, Alaska",United States of America,Americas,green,4.3
"12 km NNW of Georgetown, Idaho",United States of America,Americas,green,4.3
"17 km ESE of Chickaloon, Alaska",United States of America,Americas,green,4.3
"84 km SW of Kaktovik, Alaska",United States of America,Americas,green,4.3
"45 km N of Valdez, Alaska",United States of America,Americas,green,4.3
"6 km ESE of Covington, Oklahoma",United States of America,Americas,green,4.3
"3 km W of Walker Lake, Nevada",United States of America,Americas,green,4.3
"35 km SE of Mina, Nevada",United States of America,Americas,green,4.3
"55 km E of Pedro Bay, Alaska",United States of America,Americas,green,4.3
"23 km ESE of Hawthorne, Nevada",United States of America,Americas,green,4.3
"34 km SE of Mina, Nevada",United States of America,Americas,green,4.3
"36 km SE of Mina, Nevada",United States of America,Americas,green,4.3
"111 km SSW of Kaktovik, Alaska",United States of America,Americas,green,4.3
"15km NW of Coso Junction, CA",United States of America,Americas,green,4.3
"9 km E of Nescatunga, Oklahoma",United States of America,Americas,green,4.3
"77 km SSW of Kaktovik, Alaska",United States of America,Americas,green,4.3
"83 km SW of Kaktovik, Alaska",United States of America,Americas,green,4.3
"9km E of Coso Junction, CA",United States of America,Americas,green,4.3
"6 km SSW of Volcano, Hawaii",United States of America,Americas,green,4.3
"4 km E of Steele, Missouri",United States of America,Americas,green,4.3
"16 km ESE of Central, Alaska",United States of America,Americas,green,4.3
"73 km SE of Kokhanok, Alaska",United States of America,Americas,green,4.3
"69 km S of Cantwell, Alaska",United States of America,Americas,green,4.3
"3 km W of Cushing, Oklahoma",United States of America,Americas,green,4.3
"36 km E of Port Heiden, Alaska",United States of America,Americas,green,4.3
"24 km S of Mina, Nevada",United States of America,Americas,green,4.3
"6 km SSW of Gypsum, Kansas",United States of America,Americas,green,4.3
"12 km WNW of Petersville, Alaska",United States of America,Americas,green,4.3
"63 km SSW of Pilot Point, Alaska",United States of America,Americas,green,4.3
"27 km SSE of Mina, Nevada",United States of America,Americas,green,4.3
"24 km S of Mina, Nevada",United States of America,Americas,green,4.3
"21 km SSE of Port Graham, Alaska",United States of America,Americas,green,4.3
"25 km SW of Mina, Nevada",United States of America,Americas,green,4.3
western Texas,United States of America,Americas,green,4.3
"16 km ENE of Walker Lake, Nevada",United States of America,Americas,green,4.3
"7 km SW of Danville, Kansas",United States of America,Americas,green,4.3
"78 km SSW of Kaktovik, Alaska",United States of America,Americas,green,4.3
"35 km SE of Mina, Nevada",United States of America,Americas,green,4.3
"83 km ESE of Yakutat, Alaska",United States of America,Americas,green,4.3
"31 km SE of Mina, Nevada",United States of America,Americas,green,4.3
"8 km NNW of Holland, Arkansas",United States of America,Americas,green,4.3
"26 km ENE of Noatak, Alaska",United States of America,Americas,green,4.3
"12 km NNW of Georgetown, Idaho",United States of America,Americas,green,4.3
"9 km ESE of Jefferson, Oklahoma",United States of America,Americas,green,4.3
"9 km NNW of Georgetown, Idaho",United States of America,Americas,green,4.3
"25 km S of Mina, Nevada",United States of America,Americas,green,4.3
"5 km WSW of Knik, Alaska",United States of America,Americas,green,4.3
"26 km ENE of Noatak, Alaska",United States of America,Americas,green,4.3
"17 km NE of Noatak, Alaska",United States of America,Americas,green,4.3
"56 km SSE of Ugashik, Alaska",United States of America,Americas,green,4.3
"6 km ENE of Edmond, Oklahoma",United States of America,Americas,green,4.3
"6 km S of Big Lake, Alaska",United States of America,Americas,green,4.3
"13 km NNW of Georgetown, Idaho",United States of America,Americas,green,4.3
"27 km SSE of Mina, Nevada",United States of America,Americas,green,4.3
"32 km ENE of Noatak, Alaska",United States of America,Americas,green,4.3
"27 km NNW of Susitna, Alaska",United States of America,Americas,green,4.3
"45 km SSE of Denali National Park, Alaska",United States of America,Americas,green,4.3
"46 km NE of Lake Minchumina, Alaska",United States of America,Americas,green,4.3
"85 km S of McCarthy, Alaska",United States of America,Americas,green,4.3
"3 km S of Falls City, Texas",United States of America,Americas,green,4.3
"24 km E of Clayton, Idaho",United States of America,Americas,green,4.3
"53 km E of Pedro Bay, Alaska",United States of America,Americas,green,4.3
"9 km NE of Noatak, Alaska",United States of America,Americas,green,4.3
"33 km SE of Mina, Nevada",United States of America,Americas,green,4.3
"40 km SSW of Tanana, Alaska",United States of America,Americas,green,4.3
"16 km SE of Waynoka, Oklahoma",United States of America,Americas,green,4.3
"57 km S of Whites City, New Mexico",United States of America,Americas,green,4.3
northern Alaska,United States of America,Americas,green,4.3
"37 km SE of Mina, Nevada",United States of America,Americas,green,4.3
"9km WSW of Alberto Oviedo Mota, B.C., MX",Mexico,Americas,green,4.29
"11km NNW of Cholame, CA",United States of America,Americas,green,4.29
"9 km SW of Niland, CA",United States of America,Americas,green,4.29
"14km S of Searles Valley, CA",United States of America,Americas,green,4.29
"10km WNW of Calipatria, CA",United States of America,Americas,green,4.29
"4km N of Santa Rosa, CA",United States of America,Americas,green,4.29
"24km N of Ridgecrest, CA",United States of America,Americas,green,4.29
"22km ESE of Bodfish, CA",United States of America,Americas,green,4.29
"53km ESE of Maneadero, B.C., MX",Mexico,Americas,green,4.28
"2km E of Carson, CA",United States of America,Americas,green,4.28
"18km S of Trona, CA",United States of America,Americas,green,4.28
"6 km NW of Parkfield, CA",United States of America,Americas,green,4.28
"12km W of Ludlow, CA",United States of America,Americas,green,4.28
"6 km SW of Volcano, Hawaii",United States of America,Americas,green,4.28
"1 km ESE of The Geysers, CA",United States of America,Americas,green,4.28
"13 km S of Fern Forest, Hawaii",United States of America,Americas,green,4.28
"3km NNW of Delta, B.C., MX",Mexico,Americas,green,4.27
"25 km N of Leavenworth, Washington",United States of America,Americas,green,4.27
"20km S of Trona, CA",United States of America,Americas,green,4.27
"5 km NW of P?hala, Hawaii",United States of America,Americas,green,4.27
"9 km WNW of Cobb, CA",United States of America,Americas,green,4.27
"5 km WSW of La Parguera, Puerto Rico",Puerto Rico,Americas,green,4.26
"17km WSW of Laytonville, CA",United States of America,Americas,green,4.26
"64km ENE of Big Pine, CA",United States of America,Americas,green,4.26
"7km WSW of Niland, CA",United States of America,Americas,green,4.26
"16km WSW of Weitchpec, CA",United States of America,Americas,green,4.26
"6 km W of Arcadia, Oklahoma",United States of America,Americas,green,4.26
"14km NW of Delta, B.C., MX",Mexico,Americas,green,4.25
"14km N of Castaic, CA",United States of America,Americas,green,4.25
"37km ESE of Johannesburg, CA",United States of America,Americas,green,4.25
"20km SW of Little Lake, CA",United States of America,Americas,green,4.25
"13 km SW of Volcano, Hawaii",United States of America,Americas,green,4.25
"10 km NNW of Avenal, CA",United States of America,Americas,green,4.25
"8 km E of P?hala, Hawaii",United States of America,Americas,green,4.25
"5km S of Oroville East, CA",United States of America,Americas,green,4.24
"2km SE of Beverly Hills, CA",United States of America,Americas,green,4.24
"5 km NNW of Walker, CA",United States of America,Americas,green,4.24
"7km ESE of Coso Junction, CA",United States of America,Americas,green,4.24
"14km S of Bodfish, CA",United States of America,Americas,green,4.24
"15 km SSE of Fern Forest, Hawaii",United States of America,Americas,green,4.24
"14km SSW of Searles Valley, CA",United States of America,Americas,green,4.24
"3 km SW of San Bernardino, CA",United States of America,Americas,green,4.24
"19 km WSW of Enterprise, Utah",United States of America,Americas,green,4.24
"29km SE of Markleeville, CA",United States of America,Americas,green,4.24
"5 km SW of Isleton, CA",United States of America,Americas,green,4.24
"27 km E of Honaunau-Napoopoo, Hawaii",United States of America,Americas,green,4.24
"7 km SSE of Trumann, Arkansas",United States of America,Americas,green,4.23
"20km NW of Progreso, B.C., MX",United States of America,Americas,green,4.23
"17 km NNE of P?hala, Hawaii",United States of America,Americas,green,4.23
"14 km SW of Leilani Estates, Hawaii",United States of America,Americas,green,4.23
"4 km S of San Juan Bautista, California",United States of America,Americas,green,4.23
"14km W of Searles Valley, CA",United States of America,Americas,green,4.23
"7km WSW of Delta, B.C., MX",Mexico,Americas,green,4.22
"4 km W of Santo Domingo, Puerto Rico",Puerto Rico,Americas,green,4.22
"6km NNW of Big Bear Lake, CA",United States of America,Americas,green,4.22
"12 km SSE of Volcano, Hawaii",United States of America,Americas,green,4.22
"10 km S of Tres Pinos, California",United States of America,Americas,green,4.22
"18km SSE of Lone Pine, CA",United States of America,Americas,green,4.22
"11km ESE of Willits, CA",United States of America,Americas,green,4.22
"1km NE of The Geysers, CA",United States of America,Americas,green,4.22
"36 km S of Silver Gate, Montana",United States of America,Americas,green,4.22
"2km NNW of Delta, B.C., MX",Mexico,Americas,green,4.21
"6 km SW of Volcano, Hawaii",United States of America,Americas,green,4.21
"19km ESE of Ocotillo, CA",United States of America,Americas,green,4.21
"8 km ENE of P?hala, Hawaii",United States of America,Americas,green,4.21
"15km NNW of Borrego Springs, CA",United States of America,Americas,green,4.21
"1 km NNE of Canyondam, California",United States of America,Americas,green,4.21
"9km E of Coso Junction, CA",United States of America,Americas,green,4.21
"18 km NW of Kaktovik, Alaska",Alaska,Americas,green,4.2
"149 km SE of Chignik, Alaska",Alaska,Americas,green,4.2
"131 km SSE of Chignik, Alaska",Alaska,Americas,green,4.2
"128 km SSE of Chignik, Alaska",Alaska,Americas,green,4.2
"142 km SE of Chignik, Alaska",Alaska,Americas,green,4.2
"3 km WSW of Ninilchik, Alaska",Alaska,Americas,green,4.2
"19 km SSW of Anchor Point, Alaska",Alaska,Americas,green,4.2
"72 km WSW of Karluk, Alaska",Alaska,Americas,green,4.2
"55 km SW of Sitka, Alaska",Alaska,Americas,green,4.2
"5 km NNW of Anchorage, Alaska",Alaska,Americas,green,4.2
Gulf of Alaska,Alaska,Americas,green,4.2
"151 km SSE of Sand Point, Alaska",Alaska,Americas,green,4.2
"166 km SSW of Akhiok, Alaska",Alaska,Americas,green,4.2
"7 km SE of Girdwood, Alaska",Alaska,Americas,green,4.2
"197 km ESE of Chignik, Alaska",Alaska,Americas,green,4.2
"49 km ENE of Ouzinkie, Alaska",Alaska,Americas,green,4.2
"75 km SE of Perryville, Alaska",Alaska,Americas,green,4.2
"143 km SE of Chignik, Alaska",Alaska,Americas,green,4.2
"55 km SW of Karluk, Alaska",Alaska,Americas,green,4.2
"109 km WNW of Yakutat, Alaska",Alaska,Americas,green,4.2
"130 km ESE of Chignik, Alaska",Alaska,Americas,green,4.2
"25 km NNE of Karluk, Alaska",Alaska,Americas,green,4.2
"137 km SE of Perryville, Alaska",Alaska,Americas,green,4.2
"32 km WNW of Fox Creek, Canada",Canada,Americas,green,4.2
"268 km WNW of Port McNeill, Canada",Canada,Americas,green,4.2
"80 km NW of Fort St. John, Canada",Canada,Americas,green,4.2
"180 km SSW of Inuvik, Canada",Canada,Americas,green,4.2
"268 km ENE of Dawson City, Canada",Canada,Americas,green,4.2
"286 km WNW of Port McNeill, Canada",Canada,Americas,green,4.2
"80 km NW of Iquique, Chile",Chile,Americas,green,4.2
"11km WSW of Alberto Oviedo Mota, B.C., MX",Mexico,Americas,green,4.2
"69 km ENE of San Vicente, Mexico",Mexico,Americas,green,4.2
"15km SW of Alberto Oviedo Mota, B.C., MX",Mexico,Americas,green,4.2
"3 km SW of Tallaboa, Puerto Rico",Puerto Rico,Americas,green,4.2
"7 km SE of Tallaboa, Puerto Rico",Puerto Rico,Americas,green,4.2
"3 km W of Guánica, Puerto Rico",Puerto Rico,Americas,green,4.2
"12 km S of Guánica, Puerto Rico",Puerto Rico,Americas,green,4.2
"6 km SW of Guánica, Puerto Rico",Puerto Rico,Americas,green,4.2
"9 km SSW of Tallaboa, Puerto Rico",Puerto Rico,Americas,green,4.2
"2 km E of Magas Arriba, Puerto Rico",Puerto Rico,Americas,green,4.2
"8 km SSE of Maria Antonia, Puerto Rico",Puerto Rico,Americas,green,4.2
"67 km W of Petersville, Alaska",United States of America,Americas,green,4.2
"50 km SSW of Ugashik, Alaska",United States of America,Americas,green,4.2
"25 km SW of Susitna, Alaska",United States of America,Americas,green,4.2
"29 km S of Mina, Nevada",United States of America,Americas,green,4.2
"11 km ENE of LaFayette, Georgia",United States of America,Americas,green,4.2
"8 km NE of Cherokee, Oklahoma",United States of America,Americas,green,4.2
"5 km S of Galesburg, Michigan",United States of America,Americas,green,4.2
"52 km W of Happy Valley, Alaska",United States of America,Americas,green,4.2
"11 km ESE of Soda Springs, Idaho",United States of America,Americas,green,4.2
"6 km SW of Volcano, Hawaii",United States of America,Americas,green,4.2
"89 km SW of Kaktovik, Alaska",United States of America,Americas,green,4.2
"34 km SSW of Cantwell, Alaska",United States of America,Americas,green,4.2
"4 km S of Cushing, Oklahoma",United States of America,Americas,green,4.2
"6 km W of Langston, Oklahoma",United States of America,Americas,green,4.2
"44 km E of Fort Bidwell, California",United States of America,Americas,green,4.2
"33 km WNW of Petersville, Alaska",United States of America,Americas,green,4.2
western Texas,United States of America,Americas,green,4.2
"114 km SSW of Kaktovik, Alaska",United States of America,Americas,green,4.2
"34 km NW of Manley Hot Springs, Alaska",United States of America,Americas,green,4.2
"17 km SE of Waynoka, OK",United States of America,Americas,green,4.2
"50 km E of Port Heiden, Alaska",United States of America,Americas,green,4.2
"89 km SW of Kaktovik, Alaska",United States of America,Americas,green,4.2
"28 km SSE of Mina, Nevada",United States of America,Americas,green,4.2
"5 km E of Capulin, New Mexico",United States of America,Americas,green,4.2
"55 km S of Whites City, New Mexico",United States of America,Americas,green,4.2
"24 km NW of Susitna, Alaska",United States of America,Americas,green,4.2
"49 km NNE of Chickaloon, Alaska",United States of America,Americas,green,4.2
"3 km NE of Spanish Springs, Nevada",United States of America,Americas,green,4.2
"44 km E of Fort Bidwell, California",United States of America,Americas,green,4.2
"4 km NNE of Crescent, Oklahoma",United States of America,Americas,green,4.2
"13 km NNW of Georgetown, Idaho",United States of America,Americas,green,4.2
"6 km SSE of Point MacKenzie, Alaska",United States of America,Americas,green,4.2
"74 km SSW of Kaktovik, Alaska",United States of America,Americas,green,4.2
"32 km SE of Mina, Nevada",United States of America,Americas,green,4.2
"13 km WSW of Stanley, Idaho",United States of America,Americas,green,4.2
"3 km S of Lima, Montana",United States of America,Americas,green,4.2
"31 km WSW of Ackerly, Texas",United States of America,Americas,green,4.2
"6 km ESE of Susitna North, Alaska",United States of America,Americas,green,4.2
"14 km WNW of Timpson, Texas",United States of America,Americas,green,4.2
"111 km SSW of Kaktovik, Alaska",United States of America,Americas,green,4.2
"6 km NNW of Meridian, Oklahoma",United States of America,Americas,green,4.2
"30 km ENE of Noatak, Alaska",United States of America,Americas,green,4.2
"3 km SE of Perry, Oklahoma",United States of America,Americas,green,4.2
"8 km S of Ambler, Alaska",United States of America,Americas,green,4.2
"10 km NW of Stanley, Idaho",United States of America,Americas,green,4.2
"35 km SSE of Mina, Nevada",United States of America,Americas,green,4.2
"4km SE of Aromas, CA",United States of America,Americas,green,4.2
"23 km NNE of Yerington, Nevada",United States of America,Americas,green,4.2
"26 km NW of Clayton, Idaho",United States of America,Americas,green,4.2
"2 km ENE of Holland, Arkansas",United States of America,Americas,green,4.2
"12 km NW of Dayton, Illinois",United States of America,Americas,green,4.2
"11 km ESE of Maupin, Oregon",United States of America,Americas,green,4.2
"6 km ENE of Edmond, Oklahoma",United States of America,Americas,green,4.2
"8 km NNE of Noatak, Alaska",United States of America,Americas,green,4.2
"26 km E of Skwentna, Alaska",United States of America,Americas,green,4.2
"10 km WSW of Shamrock, Oklahoma",United States of America,Americas,green,4.2
"8 km ESE of Susitna North, Alaska",United States of America,Americas,green,4.2
"124 km NNW of Arctic Village, Alaska",United States of America,Americas,green,4.2
"34 km SE of Mina, Nevada",United States of America,Americas,green,4.2
"18 km SSW of Tanacross, Alaska",United States of America,Americas,green,4.2
"56 km S of Whites City, New Mexico",United States of America,Americas,green,4.2
"2km NNE of Canyondam, CA",United States of America,Americas,green,4.2
"5 km W of Lucien, Oklahoma",United States of America,Americas,green,4.2
"50 km N of Chase, Alaska",United States of America,Americas,green,4.2
"75 km SSW of Kaktovik, Alaska",United States of America,Americas,green,4.2
"14 km ESE of Susitna, Alaska",United States of America,Americas,green,4.2
"115 km NNE of Arctic Village, Alaska",United States of America,Americas,green,4.2
"50 km NNE of Chase, Alaska",United States of America,Americas,green,4.2
"37 km SE of Mina, Nevada",United States of America,Americas,green,4.2
"11 km NW of Stanley, Idaho",United States of America,Americas,green,4.2
"92 km NNE of Lime Village, Alaska",United States of America,Americas,green,4.2
"10 km NNW of Georgetown, Idaho",United States of America,Americas,green,4.2
"4 km SSW of Point MacKenzie, Alaska",United States of America,Americas,green,4.2
"43 km E of Fort Bidwell, California",United States of America,Americas,green,4.2
"15 km ENE of Cle Elum, Washington",United States of America,Americas,green,4.2
"17 km SE of Waynoka, Oklahoma",United States of America,Americas,green,4.2
"20 km ESE of Kasilof, Alaska",United States of America,Americas,green,4.2
"36 km SE of Mina, Nevada",United States of America,Americas,green,4.2
"24 km SSE of Chickaloon, Alaska",United States of America,Americas,green,4.2
"3 km SE of Vonore, Tennessee",United States of America,Americas,green,4.2
"2 km WNW of Dongola, Illinois",United States of America,Americas,green,4.2
"60 km E of Egegik, Alaska",United States of America,Americas,green,4.2
"24 km ENE of Noatak, Alaska",United States of America,Americas,green,4.2
"20 km W of Hope, Alaska",United States of America,Americas,green,4.2
"41 km SSW of Ugashik, Alaska",United States of America,Americas,green,4.2
"27 km N of Cimarron, New Mexico",United States of America,Americas,green,4.2
"89 km SSW of Kaktovik, Alaska",United States of America,Americas,green,4.2
"3 km WSW of Wellston, Oklahoma",United States of America,Americas,green,4.2
"17 km SE of Waynoka, Oklahoma",United States of America,Americas,green,4.2
"43 km NNE of Brevig Mission, Alaska",United States of America,Americas,green,4.2
"6 km ENE of Edmond, Oklahoma",United States of America,Americas,green,4.2
"16km S of Twentynine Palms, CA",United States of America,Americas,green,4.2
"83 km E of Yakutat, Alaska",United States of America,Americas,green,4.2
"55 km S of Whites City, New Mexico",United States of America,Americas,green,4.2
"2 km S of Marshall, Oklahoma",United States of America,Americas,green,4.2
"43 km E of Fort Bidwell, California",United States of America,Americas,green,4.2
"33 km SSE of Denali National Park, Alaska",United States of America,Americas,green,4.2
"1 km E of Luther, Oklahoma",United States of America,Americas,green,4.2
"5 km NNW of Breckinridge, Oklahoma",United States of America,Americas,green,4.2
"35 km SE of Mina, Nevada",United States of America,Americas,green,4.2
"51 km S of Whites City, New Mexico",United States of America,Americas,green,4.2
"5 km NNE of Medford, Oklahoma",United States of America,Americas,green,4.2
"13 km ESE of Soda Springs, Idaho",United States of America,Americas,green,4.2
"4 km N of Breckinridge, Oklahoma",United States of America,Americas,green,4.2
"4 km NW of Manhattan, Montana",United States of America,Americas,green,4.2
"35 km SE of Mina, Nevada",United States of America,Americas,green,4.2
"164 km NE of Chalkyitsik, Alaska",United States of America,Americas,green,4.2
"33 km SW of Alatna, Alaska",United States of America,Americas,green,4.2
"28km E of Trona, CA",United States of America,Americas,green,4.2
"28 km SSE of Mina, Nevada",United States of America,Americas,green,4.2
"5 km SSE of Manila, Arkansas",United States of America,Americas,green,4.2
"6 km W of Blackey, Kentucky",United States of America,Americas,green,4.2
"28 km NE of Noatak, Alaska",United States of America,Americas,green,4.2
"21 km ENE of Cantwell, Alaska",United States of America,Americas,green,4.2
"34 km ENE of Skwentna, Alaska",United States of America,Americas,green,4.2
"44 km E of Fort Bidwell, California",United States of America,Americas,green,4.2
"42 km E of Fort Bidwell, California",United States of America,Americas,green,4.2
"14 km NNW of Georgetown, Idaho",United States of America,Americas,green,4.2
"78 km SW of Kaktovik, Alaska",United States of America,Americas,green,4.2
"6 km E of Panaca, Nevada",United States of America,Americas,green,4.2
"3 km W of South Hutchinson, Kansas",United States of America,Americas,green,4.2
"49 km ENE of Yakutat, Alaska",United States of America,Americas,green,4.2
"55 km S of Whites City, New Mexico",United States of America,Americas,green,4.2
"26km NNW of Twentynine Palms, CA",United States of America,Americas,green,4.2
"6 km SW of Volcano, Hawaii",United States of America,Americas,green,4.2
"77 km SSW of Kaktovik, Alaska",United States of America,Americas,green,4.2
"29 km NNW of Brevig Mission, Alaska",United States of America,Americas,green,4.2
"63 km NE of Tonopah, Nevada",United States of America,Americas,green,4.2
"55 km S of Whites City, New Mexico",United States of America,Americas,green,4.2
"1 km W of Indios, Puerto Rico",Puerto Rico,Americas,green,4.19
"17km ESE of Little Lake, CA",United States of America,Americas,green,4.19
"4 km NE of Magna, Utah",United States of America,Americas,green,4.19
"17km ESE of Little Lake, CA",United States of America,Americas,green,4.19
"2km WNW of Cobb, CA",United States of America,Americas,green,4.19
"5km NW of The Geysers, CA",United States of America,Americas,green,4.19
"22km ESE of Bodfish, CA",United States of America,Americas,green,4.19
"10km SW of Niland, CA",United States of America,Americas,green,4.19
"86km ESE of Maneadero, B.C., MX",Mexico,Americas,green,4.18
"8km SSE of Alberto Oviedo Mota, B.C., MX",Mexico,Americas,green,4.18
"10 km NNW of Delta, B.C., MX",Mexico,Americas,green,4.18
Puerto Rico region,Puerto Rico,Americas,green,4.18
"15 km N of Isabela, Puerto Rico",Puerto Rico,Americas,green,4.18
"5 km WSW of Volcano, Hawaii",United States of America,Americas,green,4.18
"9 km NNE of Lake Pillsbury, CA",United States of America,Americas,green,4.18
"4km NNE of Westmorland, CA",United States of America,Americas,green,4.18
"13km NE of Simi Valley, CA",United States of America,Americas,green,4.18
"2 km N of The Geysers, CA",United States of America,Americas,green,4.18
"1 km NNW of Magna, Utah",United States of America,Americas,green,4.17
"4 km NE of Magna, Utah",United States of America,Americas,green,4.17
"1km SE of Sylmar, CA",United States of America,Americas,green,4.17
"3 km SSW of Cobb, California",United States of America,Americas,green,4.16
"18km WNW of Searles Valley, CA",United States of America,Americas,green,4.16
"9 km ENE of P?hala, Hawaii",United States of America,Americas,green,4.16
"7km NW of Westwood, CA",United States of America,Americas,green,4.16
"8km E of Hydesville, CA",United States of America,Americas,green,4.16
"12km NNW of Coso Junction, CA",United States of America,Americas,green,4.16
"4 km E of Stovepipe Wells, CA",United States of America,Americas,green,4.16
"14km ENE of Ridgecrest, CA",United States of America,Americas,green,4.16
"16km S of Searles Valley, CA",United States of America,Americas,green,4.15
"19km E of Little Lake, CA",United States of America,Americas,green,4.15
"10km SE of Dollar Point, CA",United States of America,Americas,green,4.15
"5km NW of Palomar Observatory, CA",United States of America,Americas,green,4.15
"5 km SW of Volcano, Hawaii",United States of America,Americas,green,4.15
"1 km W of Lytle Creek, CA",United States of America,Americas,green,4.15
"6 km SE of Spring City, Utah",United States of America,Americas,green,4.15
"15 km N of Nespelem Community, Washington",United States of America,Americas,green,4.15
"3 km  of Aromas, CA",United States of America,Americas,green,4.15
"1km WSW of The Geysers, CA",United States of America,Americas,green,4.15
"14km ESE of Ocotillo, CA",United States of America,Americas,green,4.15
"6 km SW of Volcano, Hawaii",United States of America,Americas,green,4.14
"2km SE of Rowland Heights, CA",United States of America,Americas,green,4.14
"18km E of Little Lake, CA",United States of America,Americas,green,4.14
"50km WSW of Shoshone, CA",United States of America,Americas,green,4.14
"15km ESE of Ridgecrest, CA",United States of America,Americas,green,4.14
"16 km ENE of Springfield, Oregon",United States of America,Americas,green,4.14
"16 km N of Borrego Springs, CA",United States of America,Americas,green,4.14
"15 km S of Fern Forest, Hawaii",United States of America,Americas,green,4.14
"14km WSW of Delta, B.C., MX",Mexico,Americas,green,4.13
"17km ENE of Ojai, CA",United States of America,Americas,green,4.13
"6km SSE of Bombay Beach, CA",United States of America,Americas,green,4.13
"12km SW of Searles Valley, CA",United States of America,Americas,green,4.13
"2km NNE of Prattville, CA",United States of America,Americas,green,4.13
"16km ESE of Little Lake, CA",United States of America,Americas,green,4.12
"3km NE of Yorba Linda, CA",United States of America,Americas,green,4.12
"7km NW of Pinnacles, CA",United States of America,Americas,green,4.12
"9 km S of Volcano, Hawaii",United States of America,Americas,green,4.12
"8 km SW of Niland, CA",United States of America,Americas,green,4.12
"6 km WSW of Volcano, Hawaii",United States of America,Americas,green,4.12
"10 km SW of Corona, CA",United States of America,Americas,green,4.12
"44km ENE of Trona, CA",United States of America,Americas,green,4.12
"3km ENE of Westmorland, CA",United States of America,Americas,green,4.12
"4 km SE of La Parguera, Puerto Rico",Puerto Rico,Americas,green,4.11
"5 km WSW of Volcano, Hawaii",United States of America,Americas,green,4.11
"16km SW of Ludlow, CA",United States of America,Americas,green,4.11
"37 km W of Veyo, Utah",United States of America,Americas,green,4.11
"5 km SW of Volcano, Hawaii",United States of America,Americas,green,4.11
"12km S of Tres Pinos, CA",United States of America,Americas,green,4.11
"7 km SW of Volcano, Hawaii",United States of America,Americas,green,4.11
"9 km N of Coalinga, California",United States of America,Americas,green,4.11
"110 km E of Chignik, Alaska",Alaska,Americas,green,4.1
"86 km S of Akhiok, Alaska",Alaska,Americas,green,4.1
"135 km SE of Chignik, Alaska",Alaska,Americas,green,4.1
"204 km SE of Perryville, Alaska",Alaska,Americas,green,4.1
"200 km SE of Perryville, Alaska",Alaska,Americas,green,4.1
"56 km W of Anchor Point, Alaska",Alaska,Americas,green,4.1
"41 km S of Chiniak, Alaska",Alaska,Americas,green,4.1
"149 km SE of Perryville, Alaska",Alaska,Americas,green,4.1
south of Alaska,Alaska,Americas,green,4.1
"114 km E of Chignik, Alaska",Alaska,Americas,green,4.1
"111 km SSE of Ugashik, Alaska",Alaska,Americas,green,4.1
"76 km S of Akhiok, Alaska",Alaska,Americas,green,4.1
"169 km NNW of Diomede, Alaska",Alaska,Americas,green,4.1
"137 km ESE of Chignik, Alaska",Alaska,Americas,green,4.1
"68 km NNW of Aleneva, Alaska",Alaska,Americas,green,4.1
"149 km SSE of Chignik, Alaska",Alaska,Americas,green,4.1
Alaska Peninsula,Alaska,Americas,green,4.1
"131 km SE of Chignik, Alaska",Alaska,Americas,green,4.1
"146 km SE of Perryville, Alaska",Alaska,Americas,green,4.1
"109 km WSW of Inuvik, Canada",Canada,Americas,green,4.1
"157 km N of Yakutat, Alaska",Canada,Americas,green,4.1
"17 km S of Golfo de Santa Clara, Mexico",Mexico,Americas,green,4.1
"15 km SSE of Guánica, Puerto Rico",Puerto Rico,Americas,green,4.1
"6 km SE of Maria Antonia, Puerto Rico",Puerto Rico,Americas,green,4.1
"12 km SSE of Guánica, Puerto Rico",Puerto Rico,Americas,green,4.1
"17 km SSE of Guánica, Puerto Rico",Puerto Rico,Americas,green,4.1
"5 km S of Magas Arriba, Puerto Rico",Puerto Rico,Americas,green,4.1
"5 km SSE of El Negro, Puerto Rico",Puerto Rico,Americas,green,4.1
"5 km SSW of Indios, Puerto Rico",Puerto Rico,Americas,green,4.1
"5 km SSW of La Parguera, Puerto Rico",Puerto Rico,Americas,green,4.1
"20km SW of Little Lake, CA",United States of America,Americas,green,4.1
"25 km W of Red Dog Mine, Alaska",United States of America,Americas,green,4.1
"7 km NE of Lake Aluma, Oklahoma",United States of America,Americas,green,4.1
"6 km WNW of Medford, Oklahoma",United States of America,Americas,green,4.1
"12 km ESE of Soda Springs, Idaho",United States of America,Americas,green,4.1
"82 km SSW of Kaktovik, Alaska",United States of America,Americas,green,4.1
"4 km SSE of Point MacKenzie, Alaska",United States of America,Americas,green,4.1
"36 km SE of Mina, Nevada",United States of America,Americas,green,4.1
"6 km SE of Marshall, Oklahoma",United States of America,Americas,green,4.1
"61 km S of Cantwell, Alaska",United States of America,Americas,green,4.1
"3 km WNW of Cushing, Oklahoma",United States of America,Americas,green,4.1
"27 km NW of Indian Springs, Nevada",United States of America,Americas,green,4.1
"36 km NE of Larsen Bay, Alaska",United States of America,Americas,green,4.1
"26 km NW of Stanley, Idaho",United States of America,Americas,green,4.1
"51 km NNW of Yakutat, Alaska",United States of America,Americas,green,4.1
"44 km ENE of Susitna North, Alaska",United States of America,Americas,green,4.1
"4 km SW of Catron, Missouri",United States of America,Americas,green,4.1
"44 km E of Fort Bidwell, California",United States of America,Americas,green,4.1
"15 km SE of Fern Forest, Hawaii",United States of America,Americas,green,4.1
"2 km WNW of Walker Lake, Nevada",United States of America,Americas,green,4.1
"13 km NE of Susitna, Alaska",United States of America,Americas,green,4.1
"73 km SSW of Kaktovik, Alaska",United States of America,Americas,green,4.1
"70 km NNW of Huslia, Alaska",United States of America,Americas,green,4.1
"3 km NW of Manhattan, Montana",United States of America,Americas,green,4.1
"16 km ENE of Falls City, Texas",United States of America,Americas,green,4.1
"55 km NW of Toyah, Texas",United States of America,Americas,green,4.1
"14 km E of Minto, Alaska",United States of America,Americas,green,4.1
"4 km NNE of Crescent, Oklahoma",United States of America,Americas,green,4.1
"10 km SSE of Red Rock, Oklahoma",United States of America,Americas,green,4.1
"79 km SSW of Kaktovik, Alaska",United States of America,Americas,green,4.1
"43 km NW of Parachute, Colorado",United States of America,Americas,green,4.1
"6 km ENE of Edmond, Oklahoma",United States of America,Americas,green,4.1
"11 km E of Dillon, Montana",United States of America,Americas,green,4.1
"8km WSW of Ludlow, CA",United States of America,Americas,green,4.1
"1 km SW of Point MacKenzie, Alaska",United States of America,Americas,green,4.1
"43 km E of Fort Bidwell, California",United States of America,Americas,green,4.1
"3 km SW of Danville, Kansas",United States of America,Americas,green,4.1
"1 km NNE of Big Lake, Alaska",United States of America,Americas,green,4.1
"52 km NNE of Kobuk, Alaska",United States of America,Americas,green,4.1
"15 km SSE of Susitna, Alaska",United States of America,Americas,green,4.1
"20 km NW of Stanley, Idaho",United States of America,Americas,green,4.1
"29 km NW of Stanley, Idaho",United States of America,Americas,green,4.1
"3km SSE of Fortuna, CA",United States of America,Americas,green,4.1
"6 km SE of Condon, Oregon",United States of America,Americas,green,4.1
"2 km SE of Guy, Arkansas",United States of America,Americas,green,4.1
"1 km E of Susitna, Alaska",United States of America,Americas,green,4.1
"5 km ESE of Maunaloa, Hawaii",United States of America,Americas,green,4.1
"7 km WSW of Langston, Oklahoma",United States of America,Americas,green,4.1
"105 km NW of Yakutat, Alaska",United States of America,Americas,green,4.1
"10 km ESE of Soda Springs, Idaho",United States of America,Americas,green,4.1
"4 km ESE of Nikiski, Alaska",United States of America,Americas,green,4.1
"9 km NW of Georgetown, Idaho",United States of America,Americas,green,4.1
"81 km SSW of Kaktovik, Alaska",United States of America,Americas,green,4.1
"81 km SW of Kaktovik, Alaska",United States of America,Americas,green,4.1
"58 km SSW of Whites City, New Mexico",United States of America,Americas,green,4.1
"61 km SSE of King Salmon, Alaska",United States of America,Americas,green,4.1
"3 km SSW of Marshall, Oklahoma",United States of America,Americas,green,4.1
"7 km SSE of Byron, Oklahoma",United States of America,Americas,green,4.1
Oklahoma,United States of America,Americas,green,4.1
"67 km S of Cantwell, Alaska",United States of America,Americas,green,4.1
"80 km SSW of Kaktovik, Alaska",United States of America,Americas,green,4.1
"72 km SSW of Kaktovik, Alaska",United States of America,Americas,green,4.1
"7 km S of Big Lake, Alaska",United States of America,Americas,green,4.1
"6 km NNW of Point MacKenzie, Alaska",United States of America,Americas,green,4.1
"41 km N of Valdez, Alaska",United States of America,Americas,green,4.1
"37 km NNW of Toyah, Texas",United States of America,Americas,green,4.1
Colorado,United States of America,Americas,green,4.1
"26 km ENE of Noatak, Alaska",United States of America,Americas,green,4.1
"45 km E of Fort Bidwell, California",United States of America,Americas,green,4.1
"23 km SW of Womens Bay, Alaska",United States of America,Americas,green,4.1
"75 km SSW of Kaktovik, Alaska",United States of America,Americas,green,4.1
"28 km S of Mina, Nevada",United States of America,Americas,green,4.1
"43 km NNE of Chenega, Alaska",United States of America,Americas,green,4.1
"47 km N of Petersville, Alaska",United States of America,Americas,green,4.1
"25 km SSW of Susitna, Alaska",United States of America,Americas,green,4.1
"36 km ENE of Noatak, Alaska",United States of America,Americas,green,4.1
"31 km ENE of Port Heiden, Alaska",United States of America,Americas,green,4.1
"31 km WNW of Susitna, Alaska",United States of America,Americas,green,4.1
"6 km SSW of Langston, Oklahoma",United States of America,Americas,green,4.1
"62 km ENE of Pedro Bay, Alaska",United States of America,Americas,green,4.1
"63 km SSW of Denio, Nevada",United States of America,Americas,green,4.1
"27 km ESE of Susitna North, Alaska",United States of America,Americas,green,4.1
"27 km SSW of Manley Hot Springs, Alaska",United States of America,Americas,green,4.1
"19 km WSW of Healy, Alaska",United States of America,Americas,green,4.1
"36 km SE of Mina, Nevada",United States of America,Americas,green,4.1
"16 km NNW of Stanley, Idaho",United States of America,Americas,green,4.1
"7 km SSW of Volcano, Hawaii",United States of America,Americas,green,4.1
"45 km E of Fort Bidwell, California",United States of America,Americas,green,4.1
"41 km E of Fort Bidwell, California",United States of America,Americas,green,4.1
"5 km SSE of Soldotna, Alaska",United States of America,Americas,green,4.1
"13km WNW of Calipatria, CA",United States of America,Americas,green,4.1
"14 km ESE of Chickaloon, Alaska",United States of America,Americas,green,4.1
"9 km NNW of Georgetown, Idaho",United States of America,Americas,green,4.1
"3 km NNE of Big Lake, Alaska",United States of America,Americas,green,4.1
"5 km SE of Arnold, Nebraska",United States of America,Americas,green,4.1
"80 km SW of Kaktovik, Alaska",United States of America,Americas,green,4.1
"82 km SW of Kaktovik, Alaska",United States of America,Americas,green,4.1
"18 km ESE of Elmendorf Air Force Base, Alaska",United States of America,Americas,green,4.1
"35 km ESE of Austin, Nevada",United States of America,Americas,green,4.1
"3 km NNW of Etowah, Arkansas",United States of America,Americas,green,4.1
"11 km SE of Timpson, Texas",United States of America,Americas,green,4.1
"114 km SSW of Kaktovik, Alaska",United States of America,Americas,green,4.1
"29 km WNW of Valdez, Alaska",United States of America,Americas,green,4.1
"10 km ESE of Soda Springs, Idaho",United States of America,Americas,green,4.1
"11 km NW of Georgetown, Idaho",United States of America,Americas,green,4.1
"40 km NNW of Glacier View, Alaska",United States of America,Americas,green,4.1
northern Alaska,United States of America,Americas,green,4.1
"21 km SE of Stites, Idaho",United States of America,Americas,green,4.1
"117 km SSW of Kaktovik, Alaska",United States of America,Americas,green,4.1
"62 km S of Shungnak, Alaska",United States of America,Americas,green,4.1
"29 km SSE of Mina, Nevada",United States of America,Americas,green,4.1
"20 km N of Stanton, Texas",United States of America,Americas,green,4.1
"4 km NNE of Greenbrier, Arkansas",United States of America,Americas,green,4.1
"11 km NE of Wakita, Oklahoma",United States of America,Americas,green,4.1
"9 km E of Soda Springs, Idaho",United States of America,Americas,green,4.1
"83 km SW of Kaktovik, Alaska",United States of America,Americas,green,4.1
"31 km SW of Salcha, Alaska",United States of America,Americas,green,4.1
"2 km SSE of Volcano, Hawaii",United States of America,Americas,green,4.1
"20 km N of Stanton, Texas",United States of America,Americas,green,4.1
"21 km SE of Greenback, Tennessee",United States of America,Americas,green,4.1
"81 km SE of Prudhoe Bay, Alaska",United States of America,Americas,green,4.1
"43 km E of Fort Bidwell, California",United States of America,Americas,green,4.1
"52 km SSW of Cantwell, Alaska",United States of America,Americas,green,4.1
"9 km NE of Wakita, Oklahoma",United States of America,Americas,green,4.1
"12 km NNW of Georgetown, Idaho",United States of America,Americas,green,4.1
"10 km NW of Georgetown, Idaho",United States of America,Americas,green,4.1
"77 km SSW of Kaktovik, Alaska",United States of America,Americas,green,4.1
"54 km ESE of Goldfield, Nevada",United States of America,Americas,green,4.1
"49 km S of Shishmaref, Alaska",United States of America,Americas,green,4.1
"86 km E of McCarthy, Alaska",United States of America,Americas,green,4.1
"12 km ENE of Parksville, South Carolina",United States of America,Americas,green,4.1
"8 km W of Deer Creek, Oklahoma",United States of America,Americas,green,4.1
"9 km NNW of Georgetown, Idaho",United States of America,Americas,green,4.1
"8 km NNW of Georgetown, Idaho",United States of America,Americas,green,4.1
"3 km NNE of Little Creek, Delaware",United States of America,Americas,green,4.1
"4 km E of Big Lake, Alaska",United States of America,Americas,green,4.1
"83 km SSW of Kaktovik, Alaska",United States of America,Americas,green,4.1
"18 km SW of Stanley, Idaho",United States of America,Americas,green,4.1
"3 km SSE of Mount Vernon, Arkansas",United States of America,Americas,green,4.1
"31 km NE of Noatak, Alaska",United States of America,Americas,green,4.1
"55 km NE of Chase, Alaska",United States of America,Americas,green,4.1
"43 km E of Fort Bidwell, California",United States of America,Americas,green,4.1
"46 km SSW of Ugashik, Alaska",United States of America,Americas,green,4.1
"17 km SE of Waynoka, Oklahoma",United States of America,Americas,green,4.1
"14 km NW of Stanley, Idaho",United States of America,Americas,green,4.1
"9 km ESE of Mentasta Lake, Alaska",United States of America,Americas,green,4.1
"57 km S of Denali National Park, Alaska",United States of America,Americas,green,4.1
"36 km NNW of Toyah, Texas",United States of America,Americas,green,4.093029702
"30km SE of Campo, CA",Mexico,Americas,green,4.09
"5 km WSW of Moskowite Corner, California",United States of America,Americas,green,4.09
"11 km NE of Hoodsport, Washington",United States of America,Americas,green,4.09
"6 km SW of Volcano, Hawaii",United States of America,Americas,green,4.09
"4km NE of Westmorland, CA",United States of America,Americas,green,4.09
"6 km SW of Volcano, Hawaii",United States of America,Americas,green,4.09
"3 km SSW of Heber, CA",United States of America,Americas,green,4.09
Utah,United States of America,Americas,green,4.09
"15km W of Searles Valley, CA",United States of America,Americas,green,4.09
"14 km ESE of East Foothills, California",United States of America,Americas,green,4.09
"16km E of Little Lake, CA",United States of America,Americas,green,4.09
"3 km S of Petrolia, CA",United States of America,Americas,green,4.09
"10km WNW of Calipatria, CA",United States of America,Americas,green,4.09
"24 km SW of Lamont, CA",United States of America,Americas,green,4.09
"7km NNW of Delta, B.C., MX",Mexico,Americas,green,4.08
"10km W of Alberto Oviedo Mota, B.C., MX",Mexico,Americas,green,4.08
"13 km S of Guánica, Puerto Rico",Puerto Rico,Americas,green,4.08
"9 km SSE of Maria Antonia, Puerto Rico",Puerto Rico,Americas,green,4.08
"19km SW of Ludlow, CA",United States of America,Americas,green,4.08
"19km NW of Covelo, CA",United States of America,Americas,green,4.08
"11km N of Westmorland, CA",United States of America,Americas,green,4.08
"6 km WNW of Belden, CA",United States of America,Americas,green,4.08
"23 km NNW of Lost Hills, California",United States of America,Americas,green,4.08
"38 km NE of Amanda Park, Washington",United States of America,Americas,green,4.08
"13km WNW of Calipatria, CA",United States of America,Americas,green,4.08
"12 km S of Fern Forest, Hawaii",United States of America,Americas,green,4.07
"9km W of Rio Dell, CA",United States of America,Americas,green,4.07
"4 km E of Petrolia, CA",United States of America,Americas,green,4.07
"7km NW of The Geysers, CA",United States of America,Americas,green,4.07
"12 km SSE of Volcano, Hawaii",United States of America,Americas,green,4.07
"5 km WSW of Volcano, Hawaii",United States of America,Americas,green,4.07
"7km ESE of Ridgecrest, CA",United States of America,Americas,green,4.07
"7 km NW of Delta, B.C., MX",Mexico,Americas,green,4.06
"1 km S of Indios, Puerto Rico",Puerto Rico,Americas,green,4.06
"20km E of Little Lake, CA",United States of America,Americas,green,4.06
"2km NNW of The Geysers, CA",United States of America,Americas,green,4.06
"22 km ENE of Honaunau-Napoopoo, Hawaii",United States of America,Americas,green,4.06
"22 km SW of Lamont, CA",United States of America,Americas,green,4.06
"5 km SW of Volcano, Hawaii",United States of America,Americas,green,4.06
"13km WSW of Niland, CA",United States of America,Americas,green,4.06
"13 km WSW of Laytonville, California",United States of America,Americas,green,4.06
"10 km NW of Malibu, CA",United States of America,Americas,green,4.06
"9 km E of P?hala, Hawaii",United States of America,Americas,green,4.06
"28 km W of Kanosh, Utah",United States of America,Americas,green,4.06
"30km SE of Markleeville, CA",United States of America,Americas,green,4.06
"19km W of Delta, B.C., MX",Mexico,Americas,green,4.05
"38km ENE of Ensenada, B.C., MX",Mexico,Americas,green,4.05
"6 km WSW of Fuig, Puerto Rico",Puerto Rico,Americas,green,4.05
"13 km WNW of Rincón, Puerto Rico",Puerto Rico,Americas,green,4.05
"6 km SSE of Guánica, Puerto Rico",Puerto Rico,Americas,green,4.05
"13 km SW of Volcano, Hawaii",United States of America,Americas,green,4.05
"16km WSW of Toms Place, CA",United States of America,Americas,green,4.05
"18km N of Ridgecrest, CA",United States of America,Americas,green,4.05
"13 km SSE of Fern Forest, Hawaii",United States of America,Americas,green,4.05
"20 km NE of Redway, CA",United States of America,Americas,green,4.05
"4 km SSW of Imperial, CA",United States of America,Americas,green,4.05
"17km ESE of Little Lake, CA",United States of America,Americas,green,4.05
"6km NW of Pinnacles, CA",United States of America,Americas,green,4.05
"17 km SE of Ocotillo Wells, CA",United States of America,Americas,green,4.05
"6 km NW of The Geysers, CA",United States of America,Americas,green,4.05
"84km ESE of Maneadero, B.C., MX",Mexico,Americas,green,4.04
"5 km SSW of Guánica, Puerto Rico",Puerto Rico,Americas,green,4.04
"17km WSW of Ludlow, CA",United States of America,Americas,green,4.04
"18km NNE of Ridgecrest, CA",United States of America,Americas,green,4.04
"6 km W of Quilcene, Washington",United States of America,Americas,green,4.04
"10 km N of Westmorland, CA",United States of America,Americas,green,4.04
"12km NW of Ludlow, CA",United States of America,Americas,green,4.04
"8 km SW of Kanosh, Utah",United States of America,Americas,green,4.04
"21km S of Trona, CA",United States of America,Americas,green,4.04
"6km ESE of Ridgecrest, CA",United States of America,Americas,green,4.04
"12km N of Westmorland, CA",United States of America,Americas,green,4.04
"8km NW of Delta, B.C., MX",Mexico,Americas,green,4.03
"6km NNW of Delta, B.C., MX",Mexico,Americas,green,4.03
"18km SSE of Progreso, B.C., MX",Mexico,Americas,green,4.03
"8 km SSE of Maria Antonia, Puerto Rico",Puerto Rico,Americas,green,4.03
"29km SE of Bodie, CA",United States of America,Americas,green,4.03
"15 km NNE of Tabiona, Utah",United States of America,Americas,green,4.03
"5 km WSW of Volcano, Hawaii",United States of America,Americas,green,4.03
"10km SE of Olancha, CA",United States of America,Americas,green,4.03
"20km ENE of Redway, CA",United States of America,Americas,green,4.03
"16km SW of Westmorland, CA",United States of America,Americas,green,4.03
"16 km S of Whitehall, Montana",United States of America,Americas,green,4.03
"9 km E of P?hala, Hawaii",United States of America,Americas,green,4.03
"10km SSE of Bombay Beach, CA",United States of America,Americas,green,4.03
near the coast of Northern California,United States of America,Americas,green,4.03
"7 km SSW of Volcano, Hawaii",United States of America,Americas,green,4.03
"71km ENE of Maneadero, B.C., MX",Mexico,Americas,green,4.02
"37 km W of Veyo, Utah",United States of America,Americas,green,4.02
"6 km SW of Volcano, Hawaii",United States of America,Americas,green,4.02
"9 km SE of Blue Lake, CA",United States of America,Americas,green,4.02
"5km ENE of Westmorland, CA",United States of America,Americas,green,4.02
"17 km WNW of Volcano, Hawaii",United States of America,Americas,green,4.02
"15 km SE of Walker, California",United States of America,Americas,green,4.02
"16km SE of Olancha, CA",United States of America,Americas,green,4.02
"11 km NNW of Avenal, CA",United States of America,Americas,green,4.02
"7 km ESE of Ojai, CA",United States of America,Americas,green,4.02
"10km SW of Searles Valley, CA",United States of America,Americas,green,4.02
"13km SW of Olancha, CA",United States of America,Americas,green,4.02
Puerto Rico region,Puerto Rico,Americas,green,4.01
"12 km ENE of P?hala, Hawaii",United States of America,Americas,green,4.01
"1 km N of Piedmont, California",United States of America,Americas,green,4.01
"29km SE of Bodie, CA",United States of America,Americas,green,4.01
"16 km ENE of Packwood, Washington",United States of America,Americas,green,4.01
"13 km NNE of Hawaiian Ocean View, Hawaii",United States of America,Americas,green,4.01
"4 km NNE of Magna, Utah",United States of America,Americas,green,4.01
"8 km ENE of P?hala, Hawaii",United States of America,Americas,green,4.01
"88 km SSW of Akhiok, Alaska",Alaska,Americas,green,4.0
"90 km WSW of Akhiok, Alaska",Alaska,Americas,green,4.0
"24 km SW of Akhiok, Alaska",Alaska,Americas,green,4.0
"47 km SE of Point Hope, Alaska",Alaska,Americas,green,4.0
"83 km WSW of Elfin Cove, Alaska",Alaska,Americas,green,4.0
"17 km NNW of Ninilchik, Alaska",Alaska,Americas,green,4.0
"57 km ESE of Pedro Bay, Alaska",Alaska,Americas,green,4.0
"132 km SE of Perryville, Alaska",Alaska,Americas,green,4.0
"136 km SSE of Chignik, Alaska",Alaska,Americas,green,4.0
"135 km SSE of Chignik, Alaska",Alaska,Americas,green,4.0
"25 km W of Salamatof, Alaska",Alaska,Americas,green,4.0
"26 km W of Happy Valley, Alaska",Alaska,Americas,green,4.0
"153 km SSE of Chignik, Alaska",Alaska,Americas,green,4.0
"81 km ENE of Chignik, Alaska",Alaska,Americas,green,4.0
"149 km SSE of Perryville, Alaska",Alaska,Americas,green,4.0
"140 km SSE of Chignik, Alaska",Alaska,Americas,green,4.0
"202 km S of Hydaburg, Alaska",Alaska,Americas,green,4.0
"75 km SE of Perryville, Alaska",Alaska,Americas,green,4.0
"130 km WSW of Adak, Alaska",Alaska,Americas,green,4.0
"45 km SSE of Old Harbor, Alaska",Alaska,Americas,green,4.0
"160 km SE of Chignik, Alaska",Alaska,Americas,green,4.0
"65 km S of Nikolski, Alaska",Alaska,Americas,green,4.0
Alaska Peninsula,Alaska,Americas,green,4.0
"139 km SE of Chignik, Alaska",Alaska,Americas,green,4.0
"21 km NW of Kaktovik, Alaska",Alaska,Americas,green,4.0
"82 km W of Akhiok, Alaska",Alaska,Americas,green,4.0
"270 km WNW of Port McNeill, Canada",Canada,Americas,green,4.0
"114 km WSW of Norman Wells, Canada",Canada,Americas,green,4.0
"52 km WNW of Fort St. John, Canada",Canada,Americas,green,4.0
"110 km NW of Fort St. John, Canada",Canada,Americas,green,4.0
"281 km WNW of Port McNeill, Canada",Canada,Americas,green,4.0
"285 km NE of Dawson City, Canada",Canada,Americas,green,4.0
"63 km ENE of San Vicente, Mexico",Mexico,Americas,green,4.0
"84 km S of Sanderson, Texas",Mexico,Americas,green,4.0
"7 km SE of Maria Antonia, Puerto Rico",Puerto Rico,Americas,green,4.0
"5 km SSW of Indios, Puerto Rico",Puerto Rico,Americas,green,4.0
"26 km S of Indios, Puerto Rico",Puerto Rico,Americas,green,4.0
"39 km N of Dyer, Nevada",United States of America,Americas,green,4.0
"7 km WNW of Meridian, Oklahoma",United States of America,Americas,green,4.0
"6 km NE of Hunter, Oklahoma",United States of America,Americas,green,4.0
"16 km SE of Waynoka, Oklahoma",United States of America,Americas,green,4.0
"7 km SSE of Big Lake, Alaska",United States of America,Americas,green,4.0
"31 km ESE of Point Possession, Alaska",United States of America,Americas,green,4.0
"18 km NE of Valdez, Alaska",United States of America,Americas,green,4.0
"70 km SSW of Kaktovik, Alaska",United States of America,Americas,green,4.0
"18 km NW of Stanley, Idaho",United States of America,Americas,green,4.0
"30 km SSE of Mina, Nevada",United States of America,Americas,green,4.0
"39 km NNW of Stanley, Idaho",United States of America,Americas,green,4.0
"25 km N of Cimarron, New Mexico",United States of America,Americas,green,4.0
"38 km WSW of Mentone, Texas",United States of America,Americas,green,4.0
"11 km NW of Challis, Idaho",United States of America,Americas,green,4.0
"8 km NNW of Hunter, Oklahoma",United States of America,Americas,green,4.0
"50 km E of Port Heiden, Alaska",United States of America,Americas,green,4.0
"14 km SSE of Lincoln, Montana",United States of America,Americas,green,4.0
"56 km SSE of Glacier View, Alaska",United States of America,Americas,green,4.0
"74 km SSW of Kaktovik, Alaska",United States of America,Americas,green,4.0
"35 km SE of Mina, Nevada",United States of America,Americas,green,4.0
"7 km S of Big Lake, Alaska",United States of America,Americas,green,4.0
"11 km NNE of Cantwell, Alaska",United States of America,Americas,green,4.0
"2 km SW of Susitna, Alaska",United States of America,Americas,green,4.0
"63 km S of Whites City, New Mexico",United States of America,Americas,green,4.0
"40 km SSW of Caliente, Nevada",United States of America,Americas,green,4.0
"44 km E of Fort Bidwell, California",United States of America,Americas,green,4.0
"6 km S of Guthrie, Oklahoma",United States of America,Americas,green,4.0
"44 km NNW of Valdez, Alaska",United States of America,Americas,green,4.0
"9 km NW of Arcadia, Oklahoma",United States of America,Americas,green,4.0
"12 km ESE of Lincoln, Montana",United States of America,Americas,green,4.0
"76 km SSW of Kaktovik, Alaska",United States of America,Americas,green,4.0
"8 km W of Knik, Alaska",United States of America,Americas,green,4.0
"3 km S of Point MacKenzie, AK",United States of America,Americas,green,4.0
"36 km SE of Mina, Nevada",United States of America,Americas,green,4.0
"12 km NW of Stanley, Idaho",United States of America,Americas,green,4.0
"7 km S of Williamsville, Missouri",United States of America,Americas,green,4.0
"20 km NNE of Skwentna, Alaska",United States of America,Americas,green,4.0
"36 km WSW of Mentone, Texas",United States of America,Americas,green,4.0
"39 km WSW of Mentone, Texas",United States of America,Americas,green,4.0
"9 km SW of Yorkville, Tennessee",United States of America,Americas,green,4.0
"6 km SE of Middlebury, Indiana",United States of America,Americas,green,4.0
"24 km SE of Susitna North, Alaska",United States of America,Americas,green,4.0
"4 km ENE of South Haven, Kansas",United States of America,Americas,green,4.0
"5km WSW of Palomar Observatory, CA",United States of America,Americas,green,4.0
"23 km SE of Kelly, Wyoming",United States of America,Americas,green,4.0
"50 km SSW of Covenant Life, Alaska",United States of America,Americas,green,4.0
"10 km SSE of Marshall, Oklahoma",United States of America,Americas,green,4.0
"2km E of Lennox, CA",United States of America,Americas,green,4.0
"57 km NE of Valmy, Nevada",United States of America,Americas,green,4.0
"13 km E of Ninilchik, Alaska",United States of America,Americas,green,4.0
"12 km S of Franklin, Arizona",United States of America,Americas,green,4.0
"4 km S of Cushing, Oklahoma",United States of America,Americas,green,4.0
"4 km ESE of Pawnee, Oklahoma",United States of America,Americas,green,4.0
"5 km N of Venus, Texas",United States of America,Americas,green,4.0
"7 km NNE of Black Canyon City, Arizona",United States of America,Americas,green,4.0
"71 km SSW of Kaktovik, Alaska",United States of America,Americas,green,4.0
"28 km SE of Mina, Nevada",United States of America,Americas,green,4.0
"37 km WSW of Mentone, Texas",United States of America,Americas,green,4.0
"57 km S of Whites City, New Mexico",United States of America,Americas,green,4.0
"4 km NW of Bennington, Kansas",United States of America,Americas,green,4.0
"15 km NNW of Stanley, Idaho",United States of America,Americas,green,4.0
"9 km N of Cantwell, Alaska",United States of America,Americas,green,4.0
"9km NW of Avenal, CA",United States of America,Americas,green,4.0
"4 km NNW of Point MacKenzie, Alaska",United States of America,Americas,green,4.0
"7 km SSE of Point MacKenzie, Alaska",United States of America,Americas,green,4.0
"70 km SE of Cantwell, Alaska",United States of America,Americas,green,4.0
"36 km SE of Mina, Nevada",United States of America,Americas,green,4.0
"33 km SE of Mina, Nevada",United States of America,Americas,green,4.0
"13km SE of Bodfish, CA",United States of America,Americas,green,4.0
"46 km N of Petersville, Alaska",United States of America,Americas,green,4.0
"3 km NNE of Point Possession, Alaska",United States of America,Americas,green,4.0
"15 km S of Atoka, New Mexico",United States of America,Americas,green,4.0
"1 km N of Blytheville, Arkansas",United States of America,Americas,green,4.0
"1 km NE of Bardwell, Kentucky",United States of America,Americas,green,4.0
"16 km SE of Waynoka, Oklahoma",United States of America,Americas,green,4.0
"43 km WSW of Clear, Alaska, Alaska",United States of America,Americas,green,4.0
"6 km NNW of Meadow Lakes, Alaska",United States of America,Americas,green,4.0
"49 km SSE of Denali National Park, Alaska",United States of America,Americas,green,4.0
"4 km WSW of Point MacKenzie, Alaska",United States of America,Americas,green,4.0
"11 km NNE of Manhattan, Montana",United States of America,Americas,green,4.0
"8 km WNW of Prague, Oklahoma",United States of America,Americas,green,4.0
"31 km ENE of Noatak, Alaska",United States of America,Americas,green,4.0
"121 km N of Ambler, Alaska",United States of America,Americas,green,4.0
"41 km ENE of Port Heiden, Alaska",United States of America,Americas,green,4.0
"11 km NNW of Georgetown, Idaho",United States of America,Americas,green,4.0
Oklahoma,United States of America,Americas,green,4.0
"82 km SSW of Kaktovik, Alaska",United States of America,Americas,green,4.0
"23 km NNE of Snyder, Texas",United States of America,Americas,green,4.0
"32 km SE of Mina, Nevada",United States of America,Americas,green,4.0
"17 km NNW of Stanley, Idaho",United States of America,Americas,green,4.0
"6km N of Big Bear City, CA",United States of America,Americas,green,4.0
"113 km SSW of Kaktovik, Alaska",United States of America,Americas,green,4.0
"44 km E of Fort Bidwell, California",United States of America,Americas,green,4.0
"56 km S of Denali National Park, Alaska",United States of America,Americas,green,4.0
"102 km NNW of Arctic Village, Alaska",United States of America,Americas,green,4.0
"17 km W of Chignik Lake, Alaska",United States of America,Americas,green,4.0
"28 km SSE of Mina, Nevada",United States of America,Americas,green,4.0
"4 km ESE of Big Lake, Alaska",United States of America,Americas,green,4.0
"5 km SSW of Petrolia, CA",United States of America,Americas,green,4.0
"60 km S of Cantwell, Alaska",United States of America,Americas,green,4.0
"112 km ESE of Chalkyitsik, Alaska",United States of America,Americas,green,4.0
"3 km WNW of Georgetown, Idaho",United States of America,Americas,green,4.0
"62 km ENE of Chase, Alaska",United States of America,Americas,green,4.0
"80 km SW of Kaktovik, Alaska",United States of America,Americas,green,4.0
"16 km SW of Stanley, Idaho",United States of America,Americas,green,4.0
"61 km NNE of Valmy, Nevada",United States of America,Americas,green,4.0
"7 km NNE of Bellmont, Illinois",United States of America,Americas,green,4.0
"22 km SW of Trapper Creek, Alaska",United States of America,Americas,green,4.0
"36 km SE of Valdez, Alaska",United States of America,Americas,green,4.0
"13km SSE of Big Bear Lake, CA",United States of America,Americas,green,4.0
"10 km E of Soda Springs, Idaho",United States of America,Americas,green,4.0
"4 km SSE of Falls City, Texas",United States of America,Americas,green,4.0
"80 km SSW of Kaktovik, Alaska",United States of America,Americas,green,4.0
"6 km N of Point MacKenzie, Alaska",United States of America,Americas,green,4.0
"68 km S of Shungnak, Alaska",United States of America,Americas,green,4.0
"3 km SE of Big Lake, Alaska",United States of America,Americas,green,4.0
"128 km NW of Yakutat, Alaska",United States of America,Americas,green,4.0
"13km SW of Searles Valley, CA",United States of America,Americas,green,4.0
"19 km NW of Stanley, Idaho",United States of America,Americas,green,4.0
"1 km SSW of Gypsum, Kansas",United States of America,Americas,green,4.0
"6 km NW of Volcano, Hawaii",United States of America,Americas,green,4.0
"31 km SSW of Dry Creek, Alaska",United States of America,Americas,green,4.0
"9 km SSE of Covington, Oklahoma",United States of America,Americas,green,4.0
"4 km NNW of Medford, Oklahoma",United States of America,Americas,green,4.0
"38 km S of Ugashik, Alaska",United States of America,Americas,green,4.0
"40 km W of Petersville, Alaska",United States of America,Americas,green,4.0
"9 km SSW of Chickaloon, Alaska",United States of America,Americas,green,4.0
"16 km SE of Waynoka, Oklahoma",United States of America,Americas,green,4.0
"14 km NE of Eureka, Nevada",United States of America,Americas,green,4.0
"17 km SSE of Waynoka, Oklahoma",United States of America,Americas,green,4.0
"84 km SW of Kaktovik, Alaska",United States of America,Americas,green,4.0
"80 km SW of Kaktovik, Alaska",United States of America,Americas,green,4.0
"83 km SW of Kaktovik, Alaska",United States of America,Americas,green,4.0
"71 km NNW of Huslia, Alaska",United States of America,Americas,green,4.0
"36 km SE of Denali National Park, Alaska",United States of America,Americas,green,4.0
"1 km NW of Timberlake, Ohio",United States of America,Americas,green,4.0
"4 km E of Mentasta Lake, Alaska",United States of America,Americas,green,4.0
"18 km N of Stanton, Texas",United States of America,Americas,green,4.0
"9 km E of P?hala, Hawaii",United States of America,Americas,green,4.0
"12 km SE of Cedar Valley, Oklahoma",United States of America,Americas,green,4.0
"31 km ENE of Noatak, Alaska",United States of America,Americas,green,4.0
"6 km NNW of Sun City, Kansas",United States of America,Americas,green,4.0
"6 km WNW of Lucien, Oklahoma",United States of America,Americas,green,4.0
"32 km SSE of Denali National Park, Alaska",United States of America,Americas,green,4.0
"22 km SE of Circle, Alaska",United States of America,Americas,green,4.0
"10 km SSE of Marshall, Oklahoma",United States of America,Americas,green,4.0
"80 km SW of Kaktovik, Alaska",United States of America,Americas,green,4.0
"30 km NNW of Brevig Mission, Alaska",United States of America,Americas,green,4.0
"7 km NNE of Point MacKenzie, Alaska",United States of America,Americas,green,4.0
"4 km NE of Point MacKenzie, Alaska",United States of America,Americas,green,4.0
"28 km S of Mina, Nevada",United States of America,Americas,green,4.0
"16 km WSW of Trapper Creek, Alaska",United States of America,Americas,green,4.0
"23 km WNW of Stanley, Idaho",United States of America,Americas,green,4.0
"19 km SSW of Weston, Colorado",United States of America,Americas,green,4.0
"56 km S of Whites City, New Mexico",United States of America,Americas,green,4.0
"16 km NNE of Hermleigh, Texas",United States of America,Americas,green,4.0
"3 km NE of Spokane, Washington",United States of America,Americas,green,4.0
"80 km NNE of Ambler, Alaska",United States of America,Americas,green,4.0
"43 km E of Fort Bidwell, California",United States of America,Americas,green,4.0
"4 km NW of Hunter, Oklahoma",United States of America,Americas,green,4.0
"1 km W of Cushing, Oklahoma",United States of America,Americas,green,4.0
"6 km SSW of Healy, Alaska",United States of America,Americas,green,4.0
"15 km N of Weston, Colorado",United States of America,Americas,green,4.0
"73 km SSW of Kaktovik, Alaska",United States of America,Americas,green,4.0
"7 km SSE of Big Lake, Alaska",United States of America,Americas,green,4.0
"25 km SSW of Silver Peak, Nevada",United States of America,Americas,green,4.0
"20 km NW of Stanley, Idaho",United States of America,Americas,green,4.0
"50 km NNW of Yakutat, Alaska",United States of America,Americas,green,4.0
"55 km S of Whites City, New Mexico",United States of America,Americas,green,4.0
"4 km ESE of Carney, Oklahoma",United States of America,Americas,green,4.0
"12 km S of Ridgely, Tennessee",United States of America,Americas,green,4.0
"27 km W of Four Mile Road, Alaska",United States of America,Americas,green,4.0
"4 km NE of Eagle River, Alaska",United States of America,Americas,green,4.0
"22 km NE of Noatak, Alaska",United States of America,Americas,green,4.0
"11 km ENE of Nescatunga, Oklahoma",United States of America,Americas,green,4.0
Colorado,United States of America,Americas,green,4.0
"2 km SW of Wellston, Oklahoma",United States of America,Americas,green,4.0
"88 km SW of Kaktovik, Alaska",United States of America,Americas,green,4.0
"120 km NNW of Arctic Village, Alaska",United States of America,Americas,green,4.0
"68 km NNW of Huslia, Alaska",United States of America,Americas,green,4.0
"27 km WNW of Stanley, Idaho",United States of America,Americas,green,4.0
"5km ENE of Pinnacles, CA",United States of America,Americas,green,4.0
"3km WSW of Delta, B.C., MX",Mexico,Americas,green,3.99
"6km W of Alberto Oviedo Mota, B.C., MX",Mexico,Americas,green,3.99
"5km W of Walker, CA",United States of America,Americas,green,3.99
"6 km SSW of Volcano, Hawaii",United States of America,Americas,green,3.99
"13km WSW of Ludlow, CA",United States of America,Americas,green,3.99
"5 km WNW of Patton Village, California",United States of America,Americas,green,3.99
"10km NNE of New Idria, CA",United States of America,Americas,green,3.99
"0 km NE of Canyondam, California",United States of America,Americas,green,3.99
"6km NNE of Hydesville, CA",United States of America,Americas,green,3.99
"4 km ESE of Mammoth Lakes, California",United States of America,Americas,green,3.99
"1 km N of El Cerrito, California",United States of America,Americas,green,3.99
"2km WNW of Delta, B.C., MX",Mexico,Americas,green,3.98
"3 km WNW of Santo Domingo, Puerto Rico",Puerto Rico,Americas,green,3.98
"5 km WSW of Volcano, Hawaii",United States of America,Americas,green,3.98
"7km WNW of The Geysers, CA",United States of America,Americas,green,3.98
"10km NW of Santa Paula, CA",United States of America,Americas,green,3.98
"9km SSW of Kettleman City, CA",United States of America,Americas,green,3.98
"45 km W of Hebgen Lake Estates, Montana",United States of America,Americas,green,3.98
"3km SW of Anderson Springs, CA",United States of America,Americas,green,3.98
"11km SW of Searles Valley, CA",United States of America,Americas,green,3.98
"3 km NNE of Fremont, California",United States of America,Americas,green,3.98
"5 km WSW of Volcano, Hawaii",United States of America,Americas,green,3.98
"91 km SSW of Alberto Oviedo Mota, B.C., MX",Mexico,Americas,green,3.97
"6 km SSE of Guánica, Puerto Rico",Puerto Rico,Americas,green,3.97
"14 km SSW of Westley, CA",United States of America,Americas,green,3.97
"6 km SW of Volcano, Hawaii",United States of America,Americas,green,3.97
"12km NE of Trabuco Canyon, CA",United States of America,Americas,green,3.97
"6 km SW of Volcano, Hawaii",United States of America,Americas,green,3.97
"12 km E of Saanichton, Canada",Canada,Americas,green,3.96
"12 km E of North Saanich, Canada",Canada,Americas,green,3.96
"61km E of Maneadero, B.C., MX",Mexico,Americas,green,3.96
"11 km SSE of Guánica, Puerto Rico",Puerto Rico,Americas,green,3.96
"14km NE of Julian, CA",United States of America,Americas,green,3.96
"7 km NW of The Geysers, CA",United States of America,Americas,green,3.96
"4 km S of Pāhala, Hawaii",United States of America,Americas,green,3.96
"7km WNW of Ludlow, CA",United States of America,Americas,green,3.96
"6 km SW of Volcano, Hawaii",United States of America,Americas,green,3.96
"8 km ENE of P?hala, Hawaii",United States of America,Americas,green,3.96
"17km WNW of Progreso, B.C., MX",United States of America,Americas,green,3.96
"5km E of Covelo, CA",United States of America,Americas,green,3.96
"23 km S of Guánica, Puerto Rico",Puerto Rico,Americas,green,3.95
"6 km W of Cobb, California",United States of America,Americas,green,3.95
"20 km E of Mono City, California",United States of America,Americas,green,3.95
"9 km W of Templeton, California",United States of America,Americas,green,3.95
"2 km ENE of Canyondam, California",United States of America,Americas,green,3.94
"13km WSW of Niland, CA",United States of America,Americas,green,3.94
"8 km NNE of Magna, Utah",United States of America,Americas,green,3.94
"4 km WNW of Independence, Utah",United States of America,Americas,green,3.94
"3 km SW of Indios, Puerto Rico",Puerto Rico,Americas,green,3.93
"16 km SW of Thatcher, Utah",United States of America,Americas,green,3.93
"10 km S of Tres Pinos, California",United States of America,Americas,green,3.93
"22km NNE of Barstow, CA",United States of America,Americas,green,3.93
"1km SW of Round Valley, CA",United States of America,Americas,green,3.93
"6 km SSE of San Juan Bautista, California",United States of America,Americas,green,3.92
"10km W of Niland, CA",United States of America,Americas,green,3.92
"16km NW of Morongo Valley, CA",United States of America,Americas,green,3.92
"31km NW of Bridgeport, CA",United States of America,Americas,green,3.92
"10 km NNE of Honaunau-Napoopoo, Hawaii",United States of America,Americas,green,3.92
"5 km SSW of Petrolia, CA",United States of America,Americas,green,3.92
"72km E of Maneadero, B.C., MX",Mexico,Americas,green,3.91
"15km NNW of Lake Pillsbury, CA",United States of America,Americas,green,3.91
"20km SE of Ocotillo Wells, CA",United States of America,Americas,green,3.91
"4 km SW of P?hala, Hawaii",United States of America,Americas,green,3.91
"142 km SE of Perryville, Alaska",Alaska,Americas,green,3.9
"74 km ESE of Perryville, Alaska",Alaska,Americas,green,3.9
"28 km SSE of Port Graham, Alaska",Alaska,Americas,green,3.9
"8 km NW of Ninilchik, Alaska",Alaska,Americas,green,3.9
"135 km SSE of Chignik, Alaska",Alaska,Americas,green,3.9
"190 km SSW of Akhiok, Alaska",Alaska,Americas,green,3.9
"39 km W of Anchor Point, Alaska",Alaska,Americas,green,3.9
"23 km NW of Ninilchik, Alaska",Alaska,Americas,green,3.9
"1 km ENE of Knik, Alaska",Alaska,Americas,green,3.9
"137 km SE of Chignik, Alaska",Alaska,Americas,green,3.9
"117 km SSW of Akhiok, Alaska",Alaska,Americas,green,3.9
"131 km SE of Perryville, Alaska",Alaska,Americas,green,3.9
"153 km SE of Chignik, Alaska",Alaska,Americas,green,3.9
"37 km W of Akhiok, Alaska",Alaska,Americas,green,3.9
"105 km SSE of Perryville, Alaska",Alaska,Americas,green,3.9
"47 km SSE of Old Harbor, Alaska",Alaska,Americas,green,3.9
"1 km E of Maria Antonia, Puerto Rico",Puerto Rico,Americas,green,3.9
"6 km SE of Maria Antonia, Puerto Rico",Puerto Rico,Americas,green,3.9
"12 km SSE of Guánica, Puerto Rico",Puerto Rico,Americas,green,3.9
"3 km SW of La Parguera, Puerto Rico",Puerto Rico,Americas,green,3.9
"13 km SSE of Guánica, Puerto Rico",Puerto Rico,Americas,green,3.9
Central Alaska,United States of America,Americas,green,3.9
"7 km WSW of Weston, Colorado",United States of America,Americas,green,3.9
"80 km SW of Kaktovik, Alaska",United States of America,Americas,green,3.9
"8 km NE of Marshall, Oklahoma",United States of America,Americas,green,3.9
"72 km SSW of Kaktovik, Alaska",United States of America,Americas,green,3.9
"34 km NNW of Valdez, Alaska",United States of America,Americas,green,3.9
"39 km SE of Mina, Nevada",United States of America,Americas,green,3.9
"23 km N of Fishhook, Alaska",United States of America,Americas,green,3.9
"43 km E of Noatak, Alaska",United States of America,Americas,green,3.9
"7 km S of Guthrie, Oklahoma",United States of America,Americas,green,3.9
Central Alaska,United States of America,Americas,green,3.9
Oklahoma,United States of America,Americas,green,3.9
"5 km NE of Hunter, Oklahoma",United States of America,Americas,green,3.9
"41 km SE of Denali National Park, Alaska",United States of America,Americas,green,3.9
"5 km N of Dover, Oklahoma",United States of America,Americas,green,3.9
"73 km SSW of Kaktovik, Alaska",United States of America,Americas,green,3.9
"82 km SSW of Kaktovik, Alaska",United States of America,Americas,green,3.9
"79 km SSW of Kaktovik, Alaska",United States of America,Americas,green,3.9
"3 km S of Falls City, Texas",United States of America,Americas,green,3.9
"35 km SE of Fox River, Alaska",United States of America,Americas,green,3.9
"7 km SW of Smoot, Wyoming",United States of America,Americas,green,3.9
"75 km SSW of Kaktovik, Alaska",United States of America,Americas,green,3.9
"104 km NNW of Arctic Village, Alaska",United States of America,Americas,green,3.9
"5 km SE of Big Lake, Alaska",United States of America,Americas,green,3.9
"29 km SSE of Mina, Nevada",United States of America,Americas,green,3.9
"18 km SE of Ackerly, Texas",United States of America,Americas,green,3.9
"13 km WSW of Aniak, Alaska",United States of America,Americas,green,3.9
"1 km NE of Medford, Oklahoma",United States of America,Americas,green,3.9
"10 km NNW of Arcadia, Oklahoma",United States of America,Americas,green,3.9
"7 km WSW of Langston, Oklahoma",United States of America,Americas,green,3.9
"99 km E of McCarthy, Alaska",United States of America,Americas,green,3.9
"34 km SE of Mina, Nevada",United States of America,Americas,green,3.9
"58 km S of Whites City, New Mexico",United States of America,Americas,green,3.9
"25 km ESE of Skwentna, Alaska",United States of America,Americas,green,3.9
"55 km S of Cantwell, Alaska",United States of America,Americas,green,3.9
"55 km E of Port Heiden, Alaska",United States of America,Americas,green,3.9
"5 km ENE of Big Lake, Alaska",United States of America,Americas,green,3.9
"14 km SW of Stanley, Idaho",United States of America,Americas,green,3.9
"52 km SSW of Whites City, New Mexico",United States of America,Americas,green,3.9
"5 km N of Sequndo, Colorado",United States of America,Americas,green,3.9
"36 km WSW of Mentone, Texas",United States of America,Americas,green,3.9
"7 km N of Hunter, Oklahoma",United States of America,Americas,green,3.9
"8 km W of Gerlach, Nevada",United States of America,Americas,green,3.9
"82 km SW of Kaktovik, Alaska",United States of America,Americas,green,3.9
"37 km NNW of Toyah, Texas",United States of America,Americas,green,3.9
"17 km ENE of Walker Lake, Nevada",United States of America,Americas,green,3.9
"57 km NE of Valmy, Nevada",United States of America,Americas,green,3.9
"10 km W of Jefferson, Oklahoma",United States of America,Americas,green,3.9
"6 km NNE of Wakita, Oklahoma",United States of America,Americas,green,3.9
"67 km SW of Covenant Life, Alaska",United States of America,Americas,green,3.9
"19 km NE of Noatak, Alaska",United States of America,Americas,green,3.9
"13 km N of Nescatunga, Oklahoma",United States of America,Americas,green,3.9
"8 km WSW of Hope, Idaho",United States of America,Americas,green,3.9
"17 km SE of Waynoka, Oklahoma",United States of America,Americas,green,3.9
"78 km SSW of Kaktovik, Alaska",United States of America,Americas,green,3.9
"30 km SSE of Mina, Nevada",United States of America,Americas,green,3.9
"1km NNE of The Geysers, CA",United States of America,Americas,green,3.9
"42 km ENE of Pedro Bay, Alaska",United States of America,Americas,green,3.9
"7 km E of Stillmore, Georgia",United States of America,Americas,green,3.9
"70 km SSW of Tanana, Alaska",United States of America,Americas,green,3.9
"18 km SSW of Weston, CO",United States of America,Americas,green,3.9
"28 km WSW of Hawthorne, Nevada",United States of America,Americas,green,3.9
"34 km NNE of Four Mile Road, Alaska",United States of America,Americas,green,3.9
"17 km SSW of Petersville, Alaska",United States of America,Americas,green,3.9
"12 km E of Minto, Alaska",United States of America,Americas,green,3.9
"16 km NE of Noatak, Alaska",United States of America,Americas,green,3.9
"27 km W of Preston, Nevada",United States of America,Americas,green,3.9
"72 km SSW of Kaktovik, Alaska",United States of America,Americas,green,3.9
"75 km SSW of Kaktovik, Alaska",United States of America,Americas,green,3.9
"75 km SSW of Kaktovik, Alaska",United States of America,Americas,green,3.9
"3 km WNW of Point MacKenzie, Alaska",United States of America,Americas,green,3.9
"1 km SW of Funny River, Alaska",United States of America,Americas,green,3.9
"73 km SSW of Kaktovik, Alaska",United States of America,Americas,green,3.9
"39 km SE of Mina, Nevada",United States of America,Americas,green,3.9
"42 km NNE of Petersville, Alaska",United States of America,Americas,green,3.9
"2 km S of Marshall, Oklahoma",United States of America,Americas,green,3.9
"36 km E of Pecan Park, New Mexico",United States of America,Americas,green,3.9
"14 km SSW of Halibut Cove, Alaska",United States of America,Americas,green,3.9
"9km NW of Pinnacles, CA",United States of America,Americas,green,3.9
"64 km S of Shungnak, Alaska",United States of America,Americas,green,3.9
"40 km W of Mentone, Texas",United States of America,Americas,green,3.9
"35 km NE of Chase, Alaska",United States of America,Americas,green,3.9
"3 km N of Nordheim, Texas",United States of America,Americas,green,3.9
"16 km SE of Kasilof, Alaska",United States of America,Americas,green,3.9
"37 km WSW of Anaktuvuk Pass, Alaska",United States of America,Americas,green,3.9
"53 km SSE of Ugashik, Alaska",United States of America,Americas,green,3.9
"6 km N of Wakita, Oklahoma",United States of America,Americas,green,3.9
"12 km SE of Lincoln, Montana",United States of America,Americas,green,3.9
"8 km SE of Arnold, Nebraska",United States of America,Americas,green,3.9
"28 km NW of Stanley, Idaho",United States of America,Americas,green,3.9
"29 km S of Mina, Nevada",United States of America,Americas,green,3.9
"3 km E of Falls City, Texas",United States of America,Americas,green,3.9
"9 km NW of Grace, Idaho",United States of America,Americas,green,3.9
"Island of Hawaii, Hawaii",United States of America,Americas,green,3.9
western Texas,United States of America,Americas,green,3.9
"17 km NW of Stanley, Idaho",United States of America,Americas,green,3.9
"38 km SSW of Ugashik, Alaska",United States of America,Americas,green,3.9
"77 km SSW of Kaktovik, Alaska",United States of America,Americas,green,3.9
"40 km SSE of Denali National Park, Alaska",United States of America,Americas,green,3.9
"28 km SE of Mina, Nevada",United States of America,Americas,green,3.9
"53 km SSW of Whites City, New Mexico",United States of America,Americas,green,3.9
"16 km NNW of Stanley, Idaho",United States of America,Americas,green,3.9
"26 km E of Chase, Alaska",United States of America,Americas,green,3.9
"68 km SSE of Cantwell, Alaska",United States of America,Americas,green,3.9
"7 km SSE of Big Lake, Alaska",United States of America,Americas,green,3.9
"10 km W of Point MacKenzie, Alaska",United States of America,Americas,green,3.9
"57 km S of Whites City, New Mexico",United States of America,Americas,green,3.9
"6 km NW of Meridian, Oklahoma",United States of America,Americas,green,3.9
"5 km NW of Columbia Falls, Montana",United States of America,Americas,green,3.9
"26 km W of Arctic Village, Alaska",United States of America,Americas,green,3.9
"76 km SSW of Kaktovik, Alaska",United States of America,Americas,green,3.9
northern Alaska,United States of America,Americas,green,3.9
"5 km NNW of P?hala, Hawaii",United States of America,Americas,green,3.9
"25 km SW of Susitna, Alaska",United States of America,Americas,green,3.9
"14 km SW of Blyn, Washington",United States of America,Americas,green,3.89
"9 km ENE of P?hala, Hawaii",United States of America,Americas,green,3.89
"4 km SW of Cobb, California",United States of America,Americas,green,3.89
"6 km S of P?hala, Hawaii",United States of America,Americas,green,3.89
"11 km SW of Ridgemark, California",United States of America,Americas,green,3.87
"2 km SE of P?hala, Hawaii",United States of America,Americas,green,3.87
"22km NE of San Ardo, CA",United States of America,Americas,green,3.87
"10 km SSE of Maria Antonia, Puerto Rico",Puerto Rico,Americas,green,3.86
"10km ENE of Morgan Hill, CA",United States of America,Americas,green,3.86
"14km W of Searles Valley, CA",United States of America,Americas,green,3.86
"3 km NE of North Bend, Washington",United States of America,Americas,green,3.86
"3 km SSE of Indios, Puerto Rico",Puerto Rico,Americas,green,3.85
"11 km ENE of P?hala, Hawaii",United States of America,Americas,green,3.84
"6 km WSW of Volcano, Hawaii",United States of America,Americas,green,3.84
"11 km S of Tres Pinos, California",United States of America,Americas,green,3.84
"29 km ESE of Tres Pinos, California",United States of America,Americas,green,3.84
"18km ESE of Little Lake, CA",United States of America,Americas,green,3.83
"5km SW of Tres Pinos, CA",United States of America,Americas,green,3.83
"7 km ESE of La Parguera, Puerto Rico",Puerto Rico,Americas,green,3.82
"5 km SSE of Indios, Puerto Rico",Puerto Rico,Americas,green,3.82
Puerto Rico region,Puerto Rico,Americas,green,3.82
Puerto Rico region,Puerto Rico,Americas,green,3.82
"38 km SSW of South Dos Palos, California",United States of America,Americas,green,3.82
"10km NNW of Pinnacles, CA",United States of America,Americas,green,3.82
"3 km SSW of Guánica, Puerto Rico",Puerto Rico,Americas,green,3.81
"4 km S of Guánica, Puerto Rico",Puerto Rico,Americas,green,3.81
"1km ESE of Fontana, CA",United States of America,Americas,green,3.81
"13 km NNW of Wai‘?hinu, Hawaii",United States of America,Americas,green,3.81
"6 km ENE of P?hala, Hawaii",United States of America,Americas,green,3.81
"87 km WNW of Elfin Cove, Alaska",Alaska,Americas,green,3.8
"8 km ESE of Knik-Fairview, Alaska",Alaska,Americas,green,3.8
"92 km SSW of Port Alexander, Alaska",Alaska,Americas,green,3.8
"44 km WNW of Akhiok, Alaska",Alaska,Americas,green,3.8
"91 km WSW of Elfin Cove, Alaska",Alaska,Americas,green,3.8
"142 km SE of Perryville, Alaska",Alaska,Americas,green,3.8
"62 km SSW of Akhiok, Alaska",Alaska,Americas,green,3.8
"157 km SE of Chignik, Alaska",Alaska,Americas,green,3.8
"141 km SE of Perryville, Alaska",Alaska,Americas,green,3.8
"5 km SE of Pierreville, Canada",Canada,Americas,green,3.8
"9 km S of Tallaboa, Puerto Rico",Puerto Rico,Americas,green,3.8
"5 km ENE of Covington, Oklahoma",United States of America,Americas,green,3.8
"7 km NNE of Maramec, Oklahoma",United States of America,Americas,green,3.8
"76 km SSW of Kaktovik, Alaska",United States of America,Americas,green,3.8
"19 km N of Snyder, Texas",United States of America,Americas,green,3.8
"27 km SSE of Mina, Nevada",United States of America,Americas,green,3.8
Central Alaska,United States of America,Americas,green,3.8
"9 km NNW of Livingston, Montana",United States of America,Americas,green,3.8
"42 km WNW of Preston, Nevada",United States of America,Americas,green,3.8
"22 km WSW of Hiko, Nevada",United States of America,Americas,green,3.8
"35 km ENE of Noatak, Alaska",United States of America,Americas,green,3.8
"28 km SE of Fox River, Alaska",United States of America,Americas,green,3.8
"34 km ENE of Noatak, Alaska",United States of America,Americas,green,3.8
"79 km SSW of Kaktovik, Alaska",United States of America,Americas,green,3.8
"78 km SSW of Kaktovik, Alaska",United States of America,Americas,green,3.8
"76 km SSW of Kaktovik, Alaska",United States of America,Americas,green,3.8
"32 km ENE of Noatak, Alaska",United States of America,Americas,green,3.8
"9 km SE of Harper, Kansas",United States of America,Americas,green,3.8
"10 km SSE of Red Rock, Oklahoma",United States of America,Americas,green,3.8
"76 km SSW of Kaktovik, Alaska",United States of America,Americas,green,3.8
"3km SE of The Geysers, CA",United States of America,Americas,green,3.8
"6 km S of Harper, Kansas",United States of America,Americas,green,3.8
"27 km WSW of Hawthorne, Nevada",United States of America,Americas,green,3.8
"28 km SSW of Manley Hot Springs, Alaska",United States of America,Americas,green,3.8
"15km NE of Ridgecrest, CA",United States of America,Americas,green,3.8
"41 km N of Glacier View, Alaska",United States of America,Americas,green,3.8
"7 km N of Point MacKenzie, Alaska",United States of America,Americas,green,3.8
"4 km ENE of Pond Creek, Oklahoma",United States of America,Americas,green,3.8
"4 km W of Marshall, Oklahoma",United States of America,Americas,green,3.8
"16 km SSE of Anaktuvuk Pass, Alaska",United States of America,Americas,green,3.8
"70 km SSW of Kaktovik, Alaska",United States of America,Americas,green,3.8
"90 km SW of Kaktovik, Alaska",United States of America,Americas,green,3.8
"76 km SSW of Kaktovik, Alaska",United States of America,Americas,green,3.8
Central Alaska,United States of America,Americas,green,3.8
"46 km E of Noatak, Alaska",United States of America,Americas,green,3.8
"16 km ESE of Waynoka, Oklahoma",United States of America,Americas,green,3.8
"10 km NW of Georgetown, Idaho",United States of America,Americas,green,3.8
"76 km SSW of Kaktovik, Alaska",United States of America,Americas,green,3.8
"1 km W of Pollard, Alabama",United States of America,Americas,green,3.8
"17 km E of Pleasanton, Texas",United States of America,Americas,green,3.8
"12 km SSW of Guthrie, Oklahoma",United States of America,Americas,green,3.8
"9 km WNW of Medford, Oklahoma",United States of America,Americas,green,3.8
"17 km ESE of Waynoka, Oklahoma",United States of America,Americas,green,3.8
"6 km SE of Big Lake, Alaska",United States of America,Americas,green,3.8
"34 km ESE of Mina, Nevada",United States of America,Americas,green,3.8
"30 km S of Nelchina, Alaska",United States of America,Americas,green,3.8
"38 km W of Susitna, Alaska",United States of America,Americas,green,3.8
"3 km ESE of Perry, Oklahoma",United States of America,Americas,green,3.8
"8 km E of Nescatunga, Oklahoma",United States of America,Americas,green,3.8
"2 km S of Marshall, Oklahoma",United States of America,Americas,green,3.8
"6 km NE of Hunter, Oklahoma",United States of America,Americas,green,3.8
"82 km SSW of Kaktovik, Alaska",United States of America,Americas,green,3.8
"4 km SE of Big Lake, Alaska",United States of America,Americas,green,3.8
"6 km S of Guthrie, Oklahoma",United States of America,Americas,green,3.8
"5 km NE of Crescent, Oklahoma",United States of America,Americas,green,3.8
"10 km NE of Wakita, Oklahoma",United States of America,Americas,green,3.8
"11 km ESE of Eagle River, Alaska",United States of America,Americas,green,3.8
"8 km WSW of Waynoka, Oklahoma",United States of America,Americas,green,3.8
"0 km SW of Wakita, Oklahoma",United States of America,Americas,green,3.8
"26 km NW of Stanley, Idaho",United States of America,Americas,green,3.8
"10 km SE of Freeport, Kansas",United States of America,Americas,green,3.8
"19 km ESE of Kasilof, Alaska",United States of America,Americas,green,3.8
"70 km SSW of Kaktovik, Alaska",United States of America,Americas,green,3.8
"26 km ESE of Skwentna, Alaska",United States of America,Americas,green,3.8
"56 km S of Whites City, New Mexico",United States of America,Americas,green,3.8
"22 km NNE of Yerington, Nevada",United States of America,Americas,green,3.8
"5 km ESE of Challis, Idaho",United States of America,Americas,green,3.8
"79 km SSW of Kaktovik, Alaska",United States of America,Americas,green,3.8
"5 km NNW of Meridian, Oklahoma",United States of America,Americas,green,3.8
"7 km WSW of Union, Alabama",United States of America,Americas,green,3.8
"6 km NW of Nescatunga, Oklahoma",United States of America,Americas,green,3.8
"5 km W of Lucien, Oklahoma",United States of America,Americas,green,3.8
"87 km SSW of Kaktovik, Alaska",United States of America,Americas,green,3.8
"64 km S of Shungnak, Alaska",United States of America,Americas,green,3.8
northern Alaska,United States of America,Americas,green,3.8
"11 km N of Valdez, Alaska",United States of America,Americas,green,3.8
"46 km W of Mentone, Texas",United States of America,Americas,green,3.8
"5 km WNW of Lucien, Oklahoma",United States of America,Americas,green,3.8
"21 km WSW of Susitna North, Alaska",United States of America,Americas,green,3.8
"13 km ESE of Lincoln, Montana",United States of America,Americas,green,3.8
"29 km NNW of Brevig Mission, Alaska",United States of America,Americas,green,3.8
"113 km NNE of Arctic Village, Alaska",United States of America,Americas,green,3.8
"8 km NW of Perkins, Oklahoma",United States of America,Americas,green,3.8
"76 km SSW of Kaktovik, Alaska",United States of America,Americas,green,3.8
"80 km SSW of Kaktovik, Alaska",United States of America,Americas,green,3.8
"9 km SW of Point MacKenzie, Alaska",United States of America,Americas,green,3.8
"17 km NNW of Mina, Nevada",United States of America,Americas,green,3.8
"11km ESE of Willits, CA",United States of America,Americas,green,3.79
"28 km E of Honaunau-Napoopoo, Hawaii",United States of America,Americas,green,3.79
"5 km WSW of Volcano, Hawaii",United States of America,Americas,green,3.79
"9 km SW of Stella, Puerto Rico",Puerto Rico,Americas,green,3.78
"12km W of Toms Place, CA",United States of America,Americas,green,3.78
"11 km NE of Pāhala, Hawaii",United States of America,Americas,green,3.78
"13 km S of Guánica, Puerto Rico",Puerto Rico,Americas,green,3.77
"2 km SSW of Guánica, Puerto Rico",Puerto Rico,Americas,green,3.77
"34 km N of Halls Crossing, Utah",United States of America,Americas,green,3.77
Puerto Rico region,Puerto Rico,Americas,green,3.76
"6 km S of Cobb, California",United States of America,Americas,green,3.76
"21km N of Borrego Springs, CA",United States of America,Americas,green,3.75
"5km W of Tahoe Vista, CA",United States of America,Americas,green,3.75
"11 km E of Pāhala, Hawaii",United States of America,Americas,green,3.75
"10 km WSW of Aspen Springs, California",United States of America,Americas,green,3.75
"24 km SSW of Mammoth, Wyoming",United States of America,Americas,green,3.74
Puerto Rico region,Puerto Rico,Americas,green,3.73
"5 km SW of Guánica, Puerto Rico",Puerto Rico,Americas,green,3.73
"6 km SW of Volcano, Hawaii",United States of America,Americas,green,3.73
"Island of Hawaii, Hawaii",United States of America,Americas,green,3.72
"2 km ESE of Mesa, California",United States of America,Americas,green,3.72
"30km SE of Bodie, CA",United States of America,Americas,green,3.71
"8 km NW of Aspen Springs, California",United States of America,Americas,green,3.71
"17km NNW of Truckee, CA",United States of America,Americas,green,3.71
"137 km SE of Chignik, Alaska",Alaska,Americas,green,3.7
"146 km SE of Perryville, Alaska",Alaska,Americas,green,3.7
"118 km WNW of Yakutat, Alaska",Alaska,Americas,green,3.7
"78 km SE of Perryville, Alaska",Alaska,Americas,green,3.7
"61 km NNW of Saint-Boniface, Canada",Canada,Americas,green,3.7
"58 km NNW of Banff, Canada",Canada,Americas,green,3.7
"4 km SW of Indios, Puerto Rico",Puerto Rico,Americas,green,3.7
"10 km W of Jefferson, Oklahoma",United States of America,Americas,green,3.7
"13 km NNE of Houston, Alaska",United States of America,Americas,green,3.7
"2 km WSW of Cushing, Oklahoma",United States of America,Americas,green,3.7
"38 km NNW of Pierre, South Dakota",United States of America,Americas,green,3.7
"7 km SSW of Langston, Oklahoma",United States of America,Americas,green,3.7
"9 km ENE of Quinlan, Oklahoma",United States of America,Americas,green,3.7
"5 km W of Fallis, Oklahoma",United States of America,Americas,green,3.7
"20 km NW of Stanton, Texas",United States of America,Americas,green,3.7
"25 km ENE of Noatak, Alaska",United States of America,Americas,green,3.7
"4 km SW of Byron, Oklahoma",United States of America,Americas,green,3.7
"9 km SSE of Marshall, Oklahoma",United States of America,Americas,green,3.7
"12 km ESE of Lincoln, Montana",United States of America,Americas,green,3.7
"10 km SSE of Marshall, Oklahoma",United States of America,Americas,green,3.7
"2 km SSW of Big Lake, Alaska",United States of America,Americas,green,3.7
"7 km WSW of Gladstone, New Jersey",United States of America,Americas,green,3.7
"59 km SSE of Tanana, Alaska",United States of America,Americas,green,3.7
"10 km ENE of Orlando, Oklahoma",United States of America,Americas,green,3.7
"17 km ESE of Waynoka, Oklahoma",United States of America,Americas,green,3.7
"27 km S of Denali National Park, Alaska",United States of America,Americas,green,3.7
"11 km NNE of Amarillo, Texas",United States of America,Americas,green,3.7
"37 km NNW of Toyah, Texas",United States of America,Americas,green,3.7
"5 km NNE of Quinlan, Oklahoma",United States of America,Americas,green,3.7
"7 km NNE of Wakita, Oklahoma",United States of America,Americas,green,3.7
"6 km SSW of Perrin, Texas",United States of America,Americas,green,3.7
"43 km E of Fort Bidwell, California",United States of America,Americas,green,3.7
"3 km NE of Renfrow, Oklahoma",United States of America,Americas,green,3.7
"7 km SSW of Guthrie, Oklahoma",United States of America,Americas,green,3.7
"4 km NE of Renfrow, Oklahoma",United States of America,Americas,green,3.7
"6 km SE of Perry, Oklahoma",United States of America,Americas,green,3.7
"6 km SE of Marshall, Oklahoma",United States of America,Americas,green,3.7
"7 km SSE of Byron, Oklahoma",United States of America,Americas,green,3.7
"6 km E of Edmond, Oklahoma",United States of America,Americas,green,3.7
"5 km ESE of Covington, Oklahoma",United States of America,Americas,green,3.7
"5 km N of Dover, Oklahoma",United States of America,Americas,green,3.7
"81 km SSW of Kaktovik, Alaska",United States of America,Americas,green,3.7
"28 km WSW of Ester, Alaska",United States of America,Americas,green,3.7
"11 km NW of Morrison, Oklahoma",United States of America,Americas,green,3.7
"9 km SW of Waynoka, Oklahoma",United States of America,Americas,green,3.7
"8 km ESE of Clear, Alaska, Alaska",United States of America,Americas,green,3.7
"85 km S of Kaktovik, Alaska",United States of America,Americas,green,3.7
"8 km SW of Shamrock, Oklahoma",United States of America,Americas,green,3.7
"4 km ENE of Capulin, New Mexico",United States of America,Americas,green,3.7
"32 km W of Susitna, Alaska",United States of America,Americas,green,3.7
"57 km S of Whites City, New Mexico",United States of America,Americas,green,3.7
"12 km SSW of East Hope, Idaho",United States of America,Americas,green,3.7
"9 km W of Jet, Oklahoma",United States of America,Americas,green,3.7
"12 km SE of Cedar Valley, Oklahoma",United States of America,Americas,green,3.7
"7 km NW of Perkins, Oklahoma",United States of America,Americas,green,3.7
"10 km NE of Anoka, Nebraska",United States of America,Americas,green,3.7
"10 km ENE of P?hala, Hawaii",United States of America,Americas,green,3.7
Nevada,United States of America,Americas,green,3.7
"3 km S of La Parguera, Puerto Rico",Puerto Rico,Americas,green,3.69
"11 km SSE of Ponce, Puerto Rico",Puerto Rico,Americas,green,3.69
"10 km ENE of Pāhala, Hawaii",United States of America,Americas,green,3.69
"1 km S of Guayanilla, Puerto Rico",Puerto Rico,Americas,green,3.68
"10 km SSE of Ponce, Puerto Rico",Puerto Rico,Americas,green,3.68
"Island of Hawaii, Hawaii",United States of America,Americas,green,3.68
"6 km SW of Volcano, Hawaii",United States of America,Americas,green,3.66
"4 km SSW of La Parguera, Puerto Rico",Puerto Rico,Americas,green,3.65
"15 km SSE of Guánica, Puerto Rico",Puerto Rico,Americas,green,3.64
"7 km WSW of Fuig, Puerto Rico",Puerto Rico,Americas,green,3.64
"2 km S of Magas Arriba, Puerto Rico",Puerto Rico,Americas,green,3.64
"1 km SW of Concord, California",United States of America,Americas,green,3.64
"2 km S of Magas Arriba, Puerto Rico",Puerto Rico,Americas,green,3.63
"6 km SW of Volcano, Hawaii",United States of America,Americas,green,3.63
"10 km ENE of Pāhala, Hawaii",United States of America,Americas,green,3.63
"15km NE of Barstow, CA",United States of America,Americas,green,3.62
"3 km SSW of Guánica, Puerto Rico",Puerto Rico,Americas,green,3.61
"6 km SW of Volcano, Hawaii",United States of America,Americas,green,3.61
"9 km WSW of Cohoe, Alaska",Alaska,Americas,green,3.6
"57 km WNW of Deering, Alaska",Alaska,Americas,green,3.6
"22 km S of Indios, Puerto Rico",Puerto Rico,Americas,green,3.6
"9 km S of Guánica, Puerto Rico",Puerto Rico,Americas,green,3.6
"6 km SW of Guánica, Puerto Rico",Puerto Rico,Americas,green,3.6
"41 km ENE of Noatak, Alaska",United States of America,Americas,green,3.6
"9 km NW of Morrison, Oklahoma",United States of America,Americas,green,3.6
"10 km N of Caldwell, Kansas",United States of America,Americas,green,3.6
"77 km NW of Yakutat, Alaska",United States of America,Americas,green,3.6
"17 km SE of Waynoka, Oklahoma",United States of America,Americas,green,3.6
"76 km SW of Kaktovik, Alaska",United States of America,Americas,green,3.6
"1 km WNW of Cooter, Missouri",United States of America,Americas,green,3.6
"25 km ESE of Kasilof, Alaska",United States of America,Americas,green,3.6
"7 km SE of Madison, Ohio",United States of America,Americas,green,3.6
"9 km W of Jefferson, Oklahoma",United States of America,Americas,green,3.6
"18km S of Trona, CA",United States of America,Americas,green,3.6
"24 km SSW of Petersville, Alaska",United States of America,Americas,green,3.6
"4 km NNE of Crescent, Oklahoma",United States of America,Americas,green,3.6
"1 km WSW of Big Lake, Alaska",United States of America,Americas,green,3.6
"43 km S of Ten Sleep, Wyoming",United States of America,Americas,green,3.6
"9 km WSW of Auburn, Wyoming",United States of America,Americas,green,3.6
"10 km SW of Aspen Springs, California",United States of America,Americas,green,3.6
"1 km E of Luther, Oklahoma",United States of America,Americas,green,3.6
"4 km NNE of Black Canyon City, Arizona",United States of America,Americas,green,3.6
"11 km SE of Lincoln, Montana",United States of America,Americas,green,3.6
"3 km ENE of Renfrow, Oklahoma",United States of America,Americas,green,3.6
"25 km WNW of Susitna, Alaska",United States of America,Americas,green,3.6
"4 km W of Diamond Ridge, Alaska",United States of America,Americas,green,3.6
"1 km NE of Medford, Oklahoma",United States of America,Americas,green,3.6
"7 km ENE of P?hala, Hawaii",United States of America,Americas,green,3.6
"27 km SSE of Melstone, Montana",United States of America,Americas,green,3.6
"10 km WNW of Bondurant, Wyoming",United States of America,Americas,green,3.6
"44 km E of Fort Bidwell, California",United States of America,Americas,green,3.6
"9 km SE of Harper, Kansas",United States of America,Americas,green,3.6
"38 km SSW of Skwentna, Alaska",United States of America,Americas,green,3.6
"5 km N of Cherokee, Oklahoma",United States of America,Americas,green,3.6
"6 km NW of Meridian, Oklahoma",United States of America,Americas,green,3.6
"9 km SE of Challis, Idaho",United States of America,Americas,green,3.6
"12 km E of Fox River, Alaska",United States of America,Americas,green,3.6
"17 km S of Franklin, Arizona",United States of America,Americas,green,3.6
"27 km WNW of Central, Alaska",United States of America,Americas,green,3.6
"3 km WSW of Nash, Oklahoma",United States of America,Americas,green,3.6
"8 km ENE of P?hala, Hawaii",United States of America,Americas,green,3.6
"24 km ENE of Noatak, Alaska",United States of America,Americas,green,3.6
"4 km ENE of Douglas, Oklahoma",United States of America,Americas,green,3.6
"11km NE of Borrego Springs, CA",United States of America,Americas,green,3.59
"5 km SW of Volcano, Hawaii",United States of America,Americas,green,3.58
"1 km WSW of Fuig, Puerto Rico",Puerto Rico,Americas,green,3.57
"7 km ENE of P?hala, Hawaii",United States of America,Americas,green,3.57
"3 km SSE of Magas Arriba, Puerto Rico",Puerto Rico,Americas,green,3.55
"6 km SW of Volcano, Hawaii",United States of America,Americas,green,3.54
"8 km S of Indios, Puerto Rico",Puerto Rico,Americas,green,3.53
"9 km SSE of Tallaboa, Puerto Rico",Puerto Rico,Americas,green,3.52
"7 km WSW of Fuig, Puerto Rico",Puerto Rico,Americas,green,3.52
"Island of Hawaii, Hawaii",United States of America,Americas,green,3.52
"4km E of Westmorland, CA",United States of America,Americas,green,3.51
"8 km E of P?hala, Hawaii",United States of America,Americas,green,3.51
"26 km WSW of Salamatof, Alaska",Alaska,Americas,green,3.5
"17 km SE of Waynoka, Oklahoma",United States of America,Americas,green,3.5
"2 km N of Cushing, Oklahoma",United States of America,Americas,green,3.5
"17 km SE of Waynoka, Oklahoma",United States of America,Americas,green,3.5
"27 km NNE of Supai, Arizona",United States of America,Americas,green,3.5
"12 km W of Renfrow, Oklahoma",United States of America,Americas,green,3.5
"50 km W of Mentone, Texas",United States of America,Americas,green,3.5
"43 km NNE of Petersville, Alaska",United States of America,Americas,green,3.5
"28 km ENE of Noatak, Alaska",United States of America,Americas,green,3.5
"11 km NE of Wakita, Oklahoma",United States of America,Americas,green,3.5
"7 km S of Guthrie, Oklahoma",United States of America,Americas,green,3.5
"26 km SSW of Karluk, Alaska",United States of America,Americas,green,3.5
"10 km NNE of Guide Rock, Nebraska",United States of America,Americas,green,3.5
"8 km NNE of Naalehu, Hawaii",United States of America,Americas,green,3.49
"0 km E of Magas Arriba, Puerto Rico",Puerto Rico,Americas,green,3.48
"4 km SSE of Tallaboa, Puerto Rico",Puerto Rico,Americas,green,3.46
"3 km SSW of Renfrow, Oklahoma",United States of America,Americas,green,3.4
"84 km NNE of Ambler, Alaska",United States of America,Americas,green,3.4
"37 km ENE of Noatak, Alaska",United States of America,Americas,green,3.4
"4 km WNW of Medford, Oklahoma",United States of America,Americas,green,3.4
"55 km NNW of Petersville, Alaska",United States of America,Americas,green,3.4
"1 km SE of P?hala, Hawaii",United States of America,Americas,green,3.39
"10 km SSW of Volcano, Hawaii",United States of America,Americas,green,3.39
"10km WNW of Big Bear Lake, CA",United States of America,Americas,green,3.39
"5 km WSW of Volcano, Hawaii",United States of America,Americas,green,3.36
"6 km S of Round Valley, California",United States of America,Americas,green,3.34
"6 km SW of Volcano, Hawaii",United States of America,Americas,green,3.33
"14 km SSE of Lincoln, Montana",United States of America,Americas,green,3.3
"25 km W of Coyanosa, Texas",United States of America,Americas,green,3.3
"77 km SSW of Kaktovik, Alaska",United States of America,Americas,green,3.3
"3 km SE of Fairview, Oklahoma",United States of America,Americas,green,3.3
"5 km WSW of Volcano, Hawaii",United States of America,Americas,green,3.29
"6 km SW of Guánica, Puerto Rico",Puerto Rico,Americas,green,3.26
"69 km S of Shungnak, Alaska",United States of America,Americas,green,3.2
"69 km NNW of Huslia, Alaska",United States of America,Americas,green,3.2
"5 km WSW of Guánica, Puerto Rico",Puerto Rico,Americas,green,3.11
"67 km WNW of Coyame, Mexico",Mexico,Americas,green,3.1
"3km NW of The Geysers, CA",United States of America,Americas,green,3.1
"64 km S of Shungnak, Alaska",United States of America,Americas,green,3.1
"3 km WSW of Marlboro, New Jersey",United States of America,Americas,green,3.1
"22km SW of La Quinta, CA",United States of America,Americas,green,3.0
"35 km NNW of Toyah, Texas",United States of America,Americas,green,2.9
"6 km SE of Leilani Estates, Hawaii",United States of America,Americas,green,2.87
"6km E of Westmorland, CA",United States of America,Americas,green,2.72
"17 km WNW of Chignik Lake, Alaska",United States of America,Americas,green,2.7
"0 km NE of Canyondam, California",United States of America,Americas,green,2.69
"9 km SW of P?hoa, Hawaii",United States of America,Americas,green,2.67
"0 km N of Magas Arriba, Puerto Rico",Puerto Rico,Americas,green,2.63
"45 km SE of Akutan, Alaska",Alaska,Americas,green,2.6
"4 km WNW of Patton Village, California",United States of America,Americas,green,2.6
"10 km SSE of Indios, Puerto Rico",Puerto Rico,Americas,green,2.52
"1 km NW of Tallaboa, Puerto Rico",Puerto Rico,Americas,green,2.45
"21km ESE of Anza, CA",United States of America,Americas,green,2.27
"1 km N of Guayanilla, Puerto Rico",Puerto Rico,Americas,green,2.04
"15 km S of Fern Forest, Hawaii",United States of America,Americas,green,1.51
"13 km WNW of Four Mile Road, Alaska",United States of America,Americas,green,0.2
"11 km S of Volcano, Hawaii",United States of America,Americas,green,0.1